projection_id,player_id,player_name,team,position,stat_type,line_score,pick_type,is_promo,description,away_team,home_team,game_start,game_id,fetched_at
10400434,218355,Jackson LaCombe,ANA,D,Time On Ice,24.5,standard,False,STL,,,2026-03-08T21:00:00.000-04:00,134413,2026-03-08T23:45:24Z
10400433,218282,Colton Parayko,STL,D,Time On Ice,21.5,standard,False,ANA,,,2026-03-08T21:00:00.000-04:00,134413,2026-03-08T23:45:24Z
10400432,58601,Robert Thomas,STL,F,Time On Ice,19,standard,False,ANA,,,2026-03-08T21:00:00.000-04:00,134413,2026-03-08T23:45:24Z
10411517,58601,Robert Thomas,STL,F,Faceoffs Won,9,standard,False,ANA,,,2026-03-08T21:00:00.000-04:00,134413,2026-03-08T23:45:24Z
10411710,305659,Cutter Gauthier + Pavel Buchnevich,ANA/STL,F,Shots On Goal (Combo),5.5,standard,False,STL/ANA,,,2026-03-08T21:00:00.000-04:00,134413,2026-03-08T23:45:24Z
10411652,294303,Jeffrey Viel,ANA,F,Hits,3,standard,False,STL,,,2026-03-08T21:00:00.000-04:00,134413,2026-03-08T23:45:24Z
10411663,189024,Ross Johnston,ANA,F,Hits,3,standard,False,STL,,,2026-03-08T21:00:00.000-04:00,134413,2026-03-08T23:45:24Z
10411646,218311,Dylan Holloway,STL,F,Hits,1.5,standard,False,ANA,,,2026-03-08T21:00:00.000-04:00,134413,2026-03-08T23:45:24Z
10409600,215935,Cutter Gauthier,ANA,F,Shots On Goal,5.5,demon,False,STL,,,2026-03-08T21:00:00.000-04:00,134413,2026-03-08T23:45:24Z
10409585,268295,Beckett Sennecke,ANA,F,Shots On Goal,4.5,demon,False,STL,,,2026-03-08T21:00:00.000-04:00,134413,2026-03-08T23:45:24Z
10409599,215935,Cutter Gauthier,ANA,F,Shots On Goal,4.5,demon,False,STL,,,2026-03-08T21:00:00.000-04:00,134413,2026-03-08T23:45:24Z
10409609,218311,Dylan Holloway,STL,F,Shots On Goal,4.5,demon,False,ANA,,,2026-03-08T21:00:00.000-04:00,134413,2026-03-08T23:45:24Z
10409632,58161,Jordan Kyrou,STL,F,Shots On Goal,4.5,demon,False,ANA,,,2026-03-08T21:00:00.000-04:00,134413,2026-03-08T23:45:24Z
10409639,173423,Leo Carlsson,ANA,F,Shots On Goal,4.5,demon,False,STL,,,2026-03-08T21:00:00.000-04:00,134413,2026-03-08T23:45:24Z
10404543,215935,Cutter Gauthier,ANA,F,Shots On Goal,3.5,standard,False,STL,,,2026-03-08T21:00:00.000-04:00,134413,2026-03-08T23:45:24Z
10409584,268295,Beckett Sennecke,ANA,F,Shots On Goal,3.5,demon,False,STL,,,2026-03-08T21:00:00.000-04:00,134413,2026-03-08T23:45:24Z
10409608,218311,Dylan Holloway,STL,F,Shots On Goal,3.5,demon,False,ANA,,,2026-03-08T21:00:00.000-04:00,134413,2026-03-08T23:45:24Z
10409619,221656,Jacob Trouba,ANA,D,Shots On Goal,3.5,demon,False,STL,,,2026-03-08T21:00:00.000-04:00,134413,2026-03-08T23:45:24Z
10409622,268035,Jimmy Snuggerud,STL,F,Shots On Goal,3.5,demon,False,ANA,,,2026-03-08T21:00:00.000-04:00,134413,2026-03-08T23:45:24Z
10409631,58161,Jordan Kyrou,STL,F,Shots On Goal,3.5,demon,False,ANA,,,2026-03-08T21:00:00.000-04:00,134413,2026-03-08T23:45:24Z
10409638,173423,Leo Carlsson,ANA,F,Shots On Goal,3.5,demon,False,STL,,,2026-03-08T21:00:00.000-04:00,134413,2026-03-08T23:45:24Z
10409649,218232,Pavel Buchnevich,STL,F,Shots On Goal,3.5,demon,False,ANA,,,2026-03-08T21:00:00.000-04:00,134413,2026-03-08T23:45:24Z
10409955,218287,Alex Killorn,ANA,F,Shots On Goal,3.5,demon,False,STL,,,2026-03-08T21:00:00.000-04:00,134413,2026-03-08T23:45:24Z
10409962,267737,Chris Kreider,ANA,F,Shots On Goal,3.5,demon,False,STL,,,2026-03-08T21:00:00.000-04:00,134413,2026-03-08T23:45:24Z
10409970,218355,Jackson LaCombe,ANA,D,Shots On Goal,3.5,demon,False,STL,,,2026-03-08T21:00:00.000-04:00,134413,2026-03-08T23:45:24Z
10409985,87297,Mason McTavish,ANA,F,Shots On Goal,3.5,demon,False,STL,,,2026-03-08T21:00:00.000-04:00,134413,2026-03-08T23:45:24Z
10409992,267739,Mikael Granlund,ANA,F,Shots On Goal,3.5,demon,False,STL,,,2026-03-08T21:00:00.000-04:00,134413,2026-03-08T23:45:24Z
10410000,58601,Robert Thomas,STL,F,Shots On Goal,3.5,demon,False,ANA,,,2026-03-08T21:00:00.000-04:00,134413,2026-03-08T23:45:24Z
10404529,268295,Beckett Sennecke,ANA,F,Shots On Goal,2.5,demon,False,STL,,,2026-03-08T21:00:00.000-04:00,134413,2026-03-08T23:45:24Z
10404548,218311,Dylan Holloway,STL,F,Shots On Goal,2.5,demon,False,ANA,,,2026-03-08T21:00:00.000-04:00,134413,2026-03-08T23:45:24Z
10404572,268035,Jimmy Snuggerud,STL,F,Shots On Goal,2.5,demon,False,ANA,,,2026-03-08T21:00:00.000-04:00,134413,2026-03-08T23:45:24Z
10404580,173423,Leo Carlsson,ANA,F,Shots On Goal,2.5,demon,False,STL,,,2026-03-08T21:00:00.000-04:00,134413,2026-03-08T23:45:24Z
10409578,218287,Alex Killorn,ANA,F,Shots On Goal,2.5,demon,False,STL,,,2026-03-08T21:00:00.000-04:00,134413,2026-03-08T23:45:24Z
10409591,267737,Chris Kreider,ANA,F,Shots On Goal,2.5,demon,False,STL,,,2026-03-08T21:00:00.000-04:00,134413,2026-03-08T23:45:24Z
10409601,215935,Cutter Gauthier,ANA,F,Shots On Goal,2.5,goblin,False,STL,,,2026-03-08T21:00:00.000-04:00,134413,2026-03-08T23:45:24Z
10409615,218355,Jackson LaCombe,ANA,D,Shots On Goal,2.5,demon,False,STL,,,2026-03-08T21:00:00.000-04:00,134413,2026-03-08T23:45:24Z
10409618,221656,Jacob Trouba,ANA,D,Shots On Goal,2.5,demon,False,STL,,,2026-03-08T21:00:00.000-04:00,134413,2026-03-08T23:45:24Z
10409643,87297,Mason McTavish,ANA,F,Shots On Goal,2.5,demon,False,STL,,,2026-03-08T21:00:00.000-04:00,134413,2026-03-08T23:45:24Z
10409648,218232,Pavel Buchnevich,STL,F,Shots On Goal,2.5,demon,False,ANA,,,2026-03-08T21:00:00.000-04:00,134413,2026-03-08T23:45:24Z
10409654,58601,Robert Thomas,STL,F,Shots On Goal,2.5,demon,False,ANA,,,2026-03-08T21:00:00.000-04:00,134413,2026-03-08T23:45:24Z
10409971,221656,Jacob Trouba,ANA,D,Blocked Shots,2.5,demon,False,STL,,,2026-03-08T21:00:00.000-04:00,134413,2026-03-08T23:45:24Z
10409991,267739,Mikael Granlund,ANA,F,Shots On Goal,2.5,demon,False,STL,,,2026-03-08T21:00:00.000-04:00,134413,2026-03-08T23:45:24Z
10404534,267737,Chris Kreider,ANA,F,Points,1.5,demon,False,STL,,,2026-03-08T21:00:00.000-04:00,134413,2026-03-08T23:45:24Z
10404536,267737,Chris Kreider,ANA,F,Shots On Goal,1.5,goblin,False,STL,,,2026-03-08T21:00:00.000-04:00,134413,2026-03-08T23:45:24Z
10404537,218282,Colton Parayko,STL,D,Blocked Shots,1.5,goblin,False,ANA,,,2026-03-08T21:00:00.000-04:00,134413,2026-03-08T23:45:24Z
10404540,215935,Cutter Gauthier,ANA,F,Points,1.5,demon,False,STL,,,2026-03-08T21:00:00.000-04:00,134413,2026-03-08T23:45:24Z
10404545,218311,Dylan Holloway,STL,F,Points,1.5,demon,False,ANA,,,2026-03-08T21:00:00.000-04:00,134413,2026-03-08T23:45:24Z
10404554,218355,Jackson LaCombe,ANA,D,Points,1.5,demon,False,STL,,,2026-03-08T21:00:00.000-04:00,134413,2026-03-08T23:45:24Z
10404557,218355,Jackson LaCombe,ANA,D,Shots On Goal,1.5,standard,False,STL,,,2026-03-08T21:00:00.000-04:00,134413,2026-03-08T23:45:24Z
10404559,221656,Jacob Trouba,ANA,D,Blocked Shots,1.5,standard,False,STL,,,2026-03-08T21:00:00.000-04:00,134413,2026-03-08T23:45:24Z
10404563,221656,Jacob Trouba,ANA,D,Shots On Goal,1.5,goblin,False,STL,,,2026-03-08T21:00:00.000-04:00,134413,2026-03-08T23:45:24Z
10404570,268035,Jimmy Snuggerud,STL,F,Points,1.5,demon,False,ANA,,,2026-03-08T21:00:00.000-04:00,134413,2026-03-08T23:45:24Z
10404577,173423,Leo Carlsson,ANA,F,Points,1.5,demon,False,STL,,,2026-03-08T21:00:00.000-04:00,134413,2026-03-08T23:45:24Z
10404586,87297,Mason McTavish,ANA,F,Shots On Goal,1.5,goblin,False,STL,,,2026-03-08T21:00:00.000-04:00,134413,2026-03-08T23:45:24Z
10404589,267739,Mikael Granlund,ANA,F,Points,1.5,demon,False,STL,,,2026-03-08T21:00:00.000-04:00,134413,2026-03-08T23:45:24Z
10404596,218232,Pavel Buchnevich,STL,F,Shots On Goal,1.5,goblin,False,ANA,,,2026-03-08T21:00:00.000-04:00,134413,2026-03-08T23:45:24Z
10404603,58601,Robert Thomas,STL,F,Points,1.5,demon,False,ANA,,,2026-03-08T21:00:00.000-04:00,134413,2026-03-08T23:45:24Z
10404803,268295,Beckett Sennecke,ANA,F,Points,1.5,demon,False,STL,,,2026-03-08T21:00:00.000-04:00,134413,2026-03-08T23:45:24Z
10404804,221656,Jacob Trouba,ANA,D,Points,1.5,demon,False,STL,,,2026-03-08T21:00:00.000-04:00,134413,2026-03-08T23:45:24Z
10404805,58161,Jordan Kyrou,STL,F,Points,1.5,demon,False,ANA,,,2026-03-08T21:00:00.000-04:00,134413,2026-03-08T23:45:24Z
10404806,87297,Mason McTavish,ANA,F,Points,1.5,demon,False,STL,,,2026-03-08T21:00:00.000-04:00,134413,2026-03-08T23:45:24Z
10404807,218232,Pavel Buchnevich,STL,F,Points,1.5,demon,False,ANA,,,2026-03-08T21:00:00.000-04:00,134413,2026-03-08T23:45:24Z
10408680,218287,Alex Killorn,ANA,F,Points,1.5,demon,False,STL,,,2026-03-08T21:00:00.000-04:00,134413,2026-03-08T23:45:24Z
10408681,268296,Ryan Poehling,ANA,F,Points,1.5,demon,False,STL,,,2026-03-08T21:00:00.000-04:00,134413,2026-03-08T23:45:24Z
10408719,287074,Jonatan Berggren,STL,F,Points,1.5,demon,False,ANA,,,2026-03-08T21:00:00.000-04:00,134413,2026-03-08T23:45:24Z
10409413,268035,Jimmy Snuggerud,STL,F,Shots On Goal,1.5,goblin,False,ANA,,,2026-03-08T21:00:00.000-04:00,134413,2026-03-08T23:45:24Z
10409532,218312,Jake Neighbours,STL,F,Shots On Goal,1.5,demon,False,ANA,,,2026-03-08T21:00:00.000-04:00,134413,2026-03-08T23:45:24Z
10409586,268295,Beckett Sennecke,ANA,F,Shots On Goal,1.5,goblin,False,STL,,,2026-03-08T21:00:00.000-04:00,134413,2026-03-08T23:45:24Z
10409610,218311,Dylan Holloway,STL,F,Shots On Goal,1.5,goblin,False,ANA,,,2026-03-08T21:00:00.000-04:00,134413,2026-03-08T23:45:24Z
10409633,58161,Jordan Kyrou,STL,F,Shots On Goal,1.5,goblin,False,ANA,,,2026-03-08T21:00:00.000-04:00,134413,2026-03-08T23:45:24Z
10409640,173423,Leo Carlsson,ANA,F,Shots On Goal,1.5,goblin,False,STL,,,2026-03-08T21:00:00.000-04:00,134413,2026-03-08T23:45:24Z
10409967,218355,Jackson LaCombe,ANA,D,Assists,1.5,demon,False,STL,,,2026-03-08T21:00:00.000-04:00,134413,2026-03-08T23:45:24Z
10409980,173423,Leo Carlsson,ANA,F,Assists,1.5,demon,False,STL,,,2026-03-08T21:00:00.000-04:00,134413,2026-03-08T23:45:24Z
10409997,58601,Robert Thomas,STL,F,Assists,1.5,demon,False,ANA,,,2026-03-08T21:00:00.000-04:00,134413,2026-03-08T23:45:24Z
10413032,218319,Radko Gudas,ANA,D,Blocked Shots,1.5,demon,False,STL,,,2026-03-08T21:00:00.000-04:00,134413,2026-03-08T23:45:24Z
10417359,215935,Cutter Gauthier,ANA,F,Assists,1.5,demon,False,STL,,,2026-03-08T21:00:00.000-04:00,134413,2026-03-08T23:45:24Z
10392588,218287,Alex Killorn,ANA,F,Goals,0.5,demon,False,STL,,,2026-03-08T21:00:00.000-04:00,134413,2026-03-08T23:45:24Z
10392589,268295,Beckett Sennecke,ANA,F,Goals,0.5,demon,False,STL,,,2026-03-08T21:00:00.000-04:00,134413,2026-03-08T23:45:24Z
10392590,225514,Cam Fowler,STL,D,Goals,0.5,demon,False,ANA,,,2026-03-08T21:00:00.000-04:00,134413,2026-03-08T23:45:24Z
10392591,267737,Chris Kreider,ANA,F,Goals,0.5,demon,False,STL,,,2026-03-08T21:00:00.000-04:00,134413,2026-03-08T23:45:24Z
10392592,215935,Cutter Gauthier,ANA,F,Goals,0.5,demon,False,STL,,,2026-03-08T21:00:00.000-04:00,134413,2026-03-08T23:45:24Z
10392593,274996,Dalibor Dvorsky,STL,F,Goals,0.5,demon,False,ANA,,,2026-03-08T21:00:00.000-04:00,134413,2026-03-08T23:45:24Z
10392594,218311,Dylan Holloway,STL,F,Goals,0.5,demon,False,ANA,,,2026-03-08T21:00:00.000-04:00,134413,2026-03-08T23:45:24Z
10392595,218355,Jackson LaCombe,ANA,D,Goals,0.5,demon,False,STL,,,2026-03-08T21:00:00.000-04:00,134413,2026-03-08T23:45:24Z
10392596,221656,Jacob Trouba,ANA,D,Goals,0.5,demon,False,STL,,,2026-03-08T21:00:00.000-04:00,134413,2026-03-08T23:45:24Z
10392597,218312,Jake Neighbours,STL,F,Goals,0.5,demon,False,ANA,,,2026-03-08T21:00:00.000-04:00,134413,2026-03-08T23:45:24Z
10392598,268891,Jansen Harkins,ANA,F,Goals,0.5,demon,False,STL,,,2026-03-08T21:00:00.000-04:00,134413,2026-03-08T23:45:24Z
10392599,294303,Jeffrey Viel,ANA,F,Goals,0.5,demon,False,STL,,,2026-03-08T21:00:00.000-04:00,134413,2026-03-08T23:45:24Z
10392600,268035,Jimmy Snuggerud,STL,F,Goals,0.5,demon,False,ANA,,,2026-03-08T21:00:00.000-04:00,134413,2026-03-08T23:45:24Z
10392601,287074,Jonatan Berggren,STL,F,Goals,0.5,demon,False,ANA,,,2026-03-08T21:00:00.000-04:00,134413,2026-03-08T23:45:24Z
10392603,58161,Jordan Kyrou,STL,F,Goals,0.5,demon,False,ANA,,,2026-03-08T21:00:00.000-04:00,134413,2026-03-08T23:45:24Z
10392604,173423,Leo Carlsson,ANA,F,Goals,0.5,demon,False,STL,,,2026-03-08T21:00:00.000-04:00,134413,2026-03-08T23:45:24Z
10392605,87297,Mason McTavish,ANA,F,Goals,0.5,demon,False,STL,,,2026-03-08T21:00:00.000-04:00,134413,2026-03-08T23:45:24Z
10392606,223235,Olen Zellweger,ANA,D,Goals,0.5,demon,False,STL,,,2026-03-08T21:00:00.000-04:00,134413,2026-03-08T23:45:24Z
10392607,236767,Oskar Sundqvist,STL,F,Goals,0.5,demon,False,ANA,,,2026-03-08T21:00:00.000-04:00,134413,2026-03-08T23:45:24Z
10392608,218232,Pavel Buchnevich,STL,F,Goals,0.5,demon,False,ANA,,,2026-03-08T21:00:00.000-04:00,134413,2026-03-08T23:45:24Z
10392609,176774,Pavel Mintyukov,ANA,D,Goals,0.5,demon,False,STL,,,2026-03-08T21:00:00.000-04:00,134413,2026-03-08T23:45:24Z
10392610,226661,Philip Broberg,STL,D,Goals,0.5,demon,False,ANA,,,2026-03-08T21:00:00.000-04:00,134413,2026-03-08T23:45:24Z
10392611,268039,Pius Suter,STL,F,Goals,0.5,demon,False,ANA,,,2026-03-08T21:00:00.000-04:00,134413,2026-03-08T23:45:24Z
10392612,58601,Robert Thomas,STL,F,Goals,0.5,demon,False,ANA,,,2026-03-08T21:00:00.000-04:00,134413,2026-03-08T23:45:24Z
10392613,189024,Ross Johnston,ANA,F,Goals,0.5,demon,False,STL,,,2026-03-08T21:00:00.000-04:00,134413,2026-03-08T23:45:24Z
10392614,268296,Ryan Poehling,ANA,F,Goals,0.5,demon,False,STL,,,2026-03-08T21:00:00.000-04:00,134413,2026-03-08T23:45:24Z
10392615,268350,Sam Colangelo,ANA,F,Goals,0.5,demon,False,STL,,,2026-03-08T21:00:00.000-04:00,134413,2026-03-08T23:45:24Z
10392616,218368,Troy Terry,ANA,F,Goals,0.5,demon,False,STL,,,2026-03-08T21:00:00.000-04:00,134413,2026-03-08T23:45:24Z
10400546,218252,Frank Vatrano,ANA,F,Goals,0.5,demon,False,STL,,,2026-03-08T21:00:00.000-04:00,134413,2026-03-08T23:45:24Z
10400550,267739,Mikael Granlund,ANA,F,Goals,0.5,demon,False,STL,,,2026-03-08T21:00:00.000-04:00,134413,2026-03-08T23:45:24Z
10400554,291289,Tim Washe,ANA,F,Goals,0.5,demon,False,STL,,,2026-03-08T21:00:00.000-04:00,134413,2026-03-08T23:45:24Z
10404522,218287,Alex Killorn,ANA,F,Assists,0.5,demon,False,STL,,,2026-03-08T21:00:00.000-04:00,134413,2026-03-08T23:45:24Z
10404523,218287,Alex Killorn,ANA,F,Plus/Minus,0.5,demon,False,STL,,,2026-03-08T21:00:00.000-04:00,134413,2026-03-08T23:45:24Z
10404524,218287,Alex Killorn,ANA,F,Points,0.5,demon,False,STL,,,2026-03-08T21:00:00.000-04:00,134413,2026-03-08T23:45:24Z
10404525,87966,Alexey Toropchenko,STL,F,Goals,0.5,demon,False,ANA,,,2026-03-08T21:00:00.000-04:00,134413,2026-03-08T23:45:24Z
10404526,268295,Beckett Sennecke,ANA,F,Assists,0.5,demon,False,STL,,,2026-03-08T21:00:00.000-04:00,134413,2026-03-08T23:45:24Z
10404527,268295,Beckett Sennecke,ANA,F,Plus/Minus,0.5,demon,False,STL,,,2026-03-08T21:00:00.000-04:00,134413,2026-03-08T23:45:24Z
10404528,268295,Beckett Sennecke,ANA,F,Power Play Points,0.5,demon,False,STL,,,2026-03-08T21:00:00.000-04:00,134413,2026-03-08T23:45:24Z
10404530,225514,Cam Fowler,STL,D,Assists,0.5,demon,False,ANA,,,2026-03-08T21:00:00.000-04:00,134413,2026-03-08T23:45:24Z
10404531,225514,Cam Fowler,STL,D,Points,0.5,demon,False,ANA,,,2026-03-08T21:00:00.000-04:00,134413,2026-03-08T23:45:24Z
10404532,267737,Chris Kreider,ANA,F,Assists,0.5,demon,False,STL,,,2026-03-08T21:00:00.000-04:00,134413,2026-03-08T23:45:24Z
10404533,267737,Chris Kreider,ANA,F,Plus/Minus,0.5,demon,False,STL,,,2026-03-08T21:00:00.000-04:00,134413,2026-03-08T23:45:24Z
10404535,267737,Chris Kreider,ANA,F,Power Play Points,0.5,demon,False,STL,,,2026-03-08T21:00:00.000-04:00,134413,2026-03-08T23:45:24Z
10404538,215935,Cutter Gauthier,ANA,F,Assists,0.5,demon,False,STL,,,2026-03-08T21:00:00.000-04:00,134413,2026-03-08T23:45:24Z
10404539,215935,Cutter Gauthier,ANA,F,Plus/Minus,0.5,demon,False,STL,,,2026-03-08T21:00:00.000-04:00,134413,2026-03-08T23:45:24Z
10404541,215935,Cutter Gauthier,ANA,F,Points,0.5,goblin,False,STL,,,2026-03-08T21:00:00.000-04:00,134413,2026-03-08T23:45:24Z
10404542,215935,Cutter Gauthier,ANA,F,Power Play Points,0.5,demon,False,STL,,,2026-03-08T21:00:00.000-04:00,134413,2026-03-08T23:45:24Z
10404544,218311,Dylan Holloway,STL,F,Assists,0.5,demon,False,ANA,,,2026-03-08T21:00:00.000-04:00,134413,2026-03-08T23:45:24Z
10404546,218311,Dylan Holloway,STL,F,Points,0.5,standard,False,ANA,,,2026-03-08T21:00:00.000-04:00,134413,2026-03-08T23:45:24Z
10404547,218311,Dylan Holloway,STL,F,Power Play Points,0.5,demon,False,ANA,,,2026-03-08T21:00:00.000-04:00,134413,2026-03-08T23:45:24Z
10404549,218252,Frank Vatrano,ANA,F,Plus/Minus,0.5,demon,False,STL,,,2026-03-08T21:00:00.000-04:00,134413,2026-03-08T23:45:24Z
10404550,286762,Ian Moore,ANA,D,Plus/Minus,0.5,demon,False,STL,,,2026-03-08T21:00:00.000-04:00,134413,2026-03-08T23:45:24Z
10404551,303170,Jack Finley,STL,F,Goals,0.5,demon,False,ANA,,,2026-03-08T21:00:00.000-04:00,134413,2026-03-08T23:45:24Z
10404552,218355,Jackson LaCombe,ANA,D,Assists,0.5,standard,False,STL,,,2026-03-08T21:00:00.000-04:00,134413,2026-03-08T23:45:24Z
10404553,218355,Jackson LaCombe,ANA,D,Plus/Minus,0.5,demon,False,STL,,,2026-03-08T21:00:00.000-04:00,134413,2026-03-08T23:45:24Z
10404555,218355,Jackson LaCombe,ANA,D,Points,0.5,goblin,False,STL,,,2026-03-08T21:00:00.000-04:00,134413,2026-03-08T23:45:24Z
10404556,218355,Jackson LaCombe,ANA,D,Power Play Points,0.5,demon,False,STL,,,2026-03-08T21:00:00.000-04:00,134413,2026-03-08T23:45:24Z
10404558,221656,Jacob Trouba,ANA,D,Assists,0.5,demon,False,STL,,,2026-03-08T21:00:00.000-04:00,134413,2026-03-08T23:45:24Z
10404560,221656,Jacob Trouba,ANA,D,Plus/Minus,0.5,demon,False,STL,,,2026-03-08T21:00:00.000-04:00,134413,2026-03-08T23:45:24Z
10404561,221656,Jacob Trouba,ANA,D,Points,0.5,demon,False,STL,,,2026-03-08T21:00:00.000-04:00,134413,2026-03-08T23:45:24Z
10404562,221656,Jacob Trouba,ANA,D,Power Play Points,0.5,demon,False,STL,,,2026-03-08T21:00:00.000-04:00,134413,2026-03-08T23:45:24Z
10404564,218312,Jake Neighbours,STL,F,Assists,0.5,demon,False,ANA,,,2026-03-08T21:00:00.000-04:00,134413,2026-03-08T23:45:24Z
10404565,218312,Jake Neighbours,STL,F,Points,0.5,demon,False,ANA,,,2026-03-08T21:00:00.000-04:00,134413,2026-03-08T23:45:24Z
10404566,218312,Jake Neighbours,STL,F,Power Play Points,0.5,demon,False,ANA,,,2026-03-08T21:00:00.000-04:00,134413,2026-03-08T23:45:24Z
10404567,294303,Jeffrey Viel,ANA,F,Plus/Minus,0.5,demon,False,STL,,,2026-03-08T21:00:00.000-04:00,134413,2026-03-08T23:45:24Z
10404568,268035,Jimmy Snuggerud,STL,F,Assists,0.5,demon,False,ANA,,,2026-03-08T21:00:00.000-04:00,134413,2026-03-08T23:45:24Z
10404569,268035,Jimmy Snuggerud,STL,F,Points,0.5,demon,False,ANA,,,2026-03-08T21:00:00.000-04:00,134413,2026-03-08T23:45:24Z
10404571,268035,Jimmy Snuggerud,STL,F,Power Play Points,0.5,demon,False,ANA,,,2026-03-08T21:00:00.000-04:00,134413,2026-03-08T23:45:24Z
10404573,58161,Jordan Kyrou,STL,F,Assists,0.5,demon,False,ANA,,,2026-03-08T21:00:00.000-04:00,134413,2026-03-08T23:45:24Z
10404574,58161,Jordan Kyrou,STL,F,Points,0.5,standard,False,ANA,,,2026-03-08T21:00:00.000-04:00,134413,2026-03-08T23:45:24Z
10404575,58161,Jordan Kyrou,STL,F,Power Play Points,0.5,demon,False,ANA,,,2026-03-08T21:00:00.000-04:00,134413,2026-03-08T23:45:24Z
10404576,173423,Leo Carlsson,ANA,F,Plus/Minus,0.5,demon,False,STL,,,2026-03-08T21:00:00.000-04:00,134413,2026-03-08T23:45:24Z
10404578,173423,Leo Carlsson,ANA,F,Points,0.5,goblin,False,STL,,,2026-03-08T21:00:00.000-04:00,134413,2026-03-08T23:45:24Z
10404579,173423,Leo Carlsson,ANA,F,Power Play Points,0.5,demon,False,STL,,,2026-03-08T21:00:00.000-04:00,134413,2026-03-08T23:45:24Z
10404581,272890,Logan Mailloux,STL,D,Goals,0.5,demon,False,ANA,,,2026-03-08T21:00:00.000-04:00,134413,2026-03-08T23:45:24Z
10404582,87297,Mason McTavish,ANA,F,Assists,0.5,demon,False,STL,,,2026-03-08T21:00:00.000-04:00,134413,2026-03-08T23:45:24Z
10404583,87297,Mason McTavish,ANA,F,Plus/Minus,0.5,demon,False,STL,,,2026-03-08T21:00:00.000-04:00,134413,2026-03-08T23:45:24Z
10404584,87297,Mason McTavish,ANA,F,Points,0.5,demon,False,STL,,,2026-03-08T21:00:00.000-04:00,134413,2026-03-08T23:45:24Z
10404585,87297,Mason McTavish,ANA,F,Power Play Points,0.5,demon,False,STL,,,2026-03-08T21:00:00.000-04:00,134413,2026-03-08T23:45:24Z
10404587,267739,Mikael Granlund,ANA,F,Assists,0.5,demon,False,STL,,,2026-03-08T21:00:00.000-04:00,134413,2026-03-08T23:45:24Z
10404588,267739,Mikael Granlund,ANA,F,Plus/Minus,0.5,demon,False,STL,,,2026-03-08T21:00:00.000-04:00,134413,2026-03-08T23:45:24Z
10404590,267739,Mikael Granlund,ANA,F,Points,0.5,standard,False,STL,,,2026-03-08T21:00:00.000-04:00,134413,2026-03-08T23:45:24Z
10404591,267739,Mikael Granlund,ANA,F,Power Play Points,0.5,demon,False,STL,,,2026-03-08T21:00:00.000-04:00,134413,2026-03-08T23:45:24Z
10404592,223235,Olen Zellweger,ANA,D,Plus/Minus,0.5,demon,False,STL,,,2026-03-08T21:00:00.000-04:00,134413,2026-03-08T23:45:24Z
10404593,218232,Pavel Buchnevich,STL,F,Assists,0.5,demon,False,ANA,,,2026-03-08T21:00:00.000-04:00,134413,2026-03-08T23:45:24Z
10404594,218232,Pavel Buchnevich,STL,F,Points,0.5,standard,False,ANA,,,2026-03-08T21:00:00.000-04:00,134413,2026-03-08T23:45:24Z
10404595,218232,Pavel Buchnevich,STL,F,Power Play Points,0.5,demon,False,ANA,,,2026-03-08T21:00:00.000-04:00,134413,2026-03-08T23:45:24Z
10404597,176774,Pavel Mintyukov,ANA,D,Plus/Minus,0.5,demon,False,STL,,,2026-03-08T21:00:00.000-04:00,134413,2026-03-08T23:45:24Z
10404598,226661,Philip Broberg,STL,D,Assists,0.5,demon,False,ANA,,,2026-03-08T21:00:00.000-04:00,134413,2026-03-08T23:45:24Z
10404599,226661,Philip Broberg,STL,D,Points,0.5,demon,False,ANA,,,2026-03-08T21:00:00.000-04:00,134413,2026-03-08T23:45:24Z
10404600,226661,Philip Broberg,STL,D,Power Play Points,0.5,demon,False,ANA,,,2026-03-08T21:00:00.000-04:00,134413,2026-03-08T23:45:24Z
10404601,218319,Radko Gudas,ANA,D,Plus/Minus,0.5,demon,False,STL,,,2026-03-08T21:00:00.000-04:00,134413,2026-03-08T23:45:24Z
10404602,58601,Robert Thomas,STL,F,Assists,0.5,demon,False,ANA,,,2026-03-08T21:00:00.000-04:00,134413,2026-03-08T23:45:24Z
10404604,58601,Robert Thomas,STL,F,Points,0.5,goblin,False,ANA,,,2026-03-08T21:00:00.000-04:00,134413,2026-03-08T23:45:24Z
10404605,58601,Robert Thomas,STL,F,Power Play Points,0.5,demon,False,ANA,,,2026-03-08T21:00:00.000-04:00,134413,2026-03-08T23:45:24Z
10404606,189024,Ross Johnston,ANA,F,Plus/Minus,0.5,demon,False,STL,,,2026-03-08T21:00:00.000-04:00,134413,2026-03-08T23:45:24Z
10404607,268296,Ryan Poehling,ANA,F,Assists,0.5,demon,False,STL,,,2026-03-08T21:00:00.000-04:00,134413,2026-03-08T23:45:24Z
10404608,268296,Ryan Poehling,ANA,F,Plus/Minus,0.5,demon,False,STL,,,2026-03-08T21:00:00.000-04:00,134413,2026-03-08T23:45:24Z
10404609,268296,Ryan Poehling,ANA,F,Points,0.5,demon,False,STL,,,2026-03-08T21:00:00.000-04:00,134413,2026-03-08T23:45:24Z
10404610,291289,Tim Washe,ANA,F,Plus/Minus,0.5,demon,False,STL,,,2026-03-08T21:00:00.000-04:00,134413,2026-03-08T23:45:24Z
10406007,87966,Alexey Toropchenko,STL,F,Assists,0.5,demon,False,ANA,,,2026-03-08T21:00:00.000-04:00,134413,2026-03-08T23:45:24Z
10406008,87966,Alexey Toropchenko,STL,F,Points,0.5,demon,False,ANA,,,2026-03-08T21:00:00.000-04:00,134413,2026-03-08T23:45:24Z
10406009,218282,Colton Parayko,STL,D,Assists,0.5,demon,False,ANA,,,2026-03-08T21:00:00.000-04:00,134413,2026-03-08T23:45:24Z
10406010,218282,Colton Parayko,STL,D,Points,0.5,demon,False,ANA,,,2026-03-08T21:00:00.000-04:00,134413,2026-03-08T23:45:24Z
10406011,274996,Dalibor Dvorsky,STL,F,Assists,0.5,demon,False,ANA,,,2026-03-08T21:00:00.000-04:00,134413,2026-03-08T23:45:24Z
10406012,274996,Dalibor Dvorsky,STL,F,Points,0.5,demon,False,ANA,,,2026-03-08T21:00:00.000-04:00,134413,2026-03-08T23:45:24Z
10406013,218252,Frank Vatrano,ANA,F,Assists,0.5,demon,False,STL,,,2026-03-08T21:00:00.000-04:00,134413,2026-03-08T23:45:24Z
10406014,218252,Frank Vatrano,ANA,F,Points,0.5,demon,False,STL,,,2026-03-08T21:00:00.000-04:00,134413,2026-03-08T23:45:24Z
10406015,286762,Ian Moore,ANA,D,Assists,0.5,demon,False,STL,,,2026-03-08T21:00:00.000-04:00,134413,2026-03-08T23:45:24Z
10406016,286762,Ian Moore,ANA,D,Points,0.5,demon,False,STL,,,2026-03-08T21:00:00.000-04:00,134413,2026-03-08T23:45:24Z
10406017,303170,Jack Finley,STL,F,Assists,0.5,demon,False,ANA,,,2026-03-08T21:00:00.000-04:00,134413,2026-03-08T23:45:24Z
10406018,303170,Jack Finley,STL,F,Points,0.5,demon,False,ANA,,,2026-03-08T21:00:00.000-04:00,134413,2026-03-08T23:45:24Z
10406019,294303,Jeffrey Viel,ANA,F,Assists,0.5,demon,False,STL,,,2026-03-08T21:00:00.000-04:00,134413,2026-03-08T23:45:24Z
10406020,294303,Jeffrey Viel,ANA,F,Points,0.5,demon,False,STL,,,2026-03-08T21:00:00.000-04:00,134413,2026-03-08T23:45:24Z
10406021,287074,Jonatan Berggren,STL,F,Assists,0.5,demon,False,ANA,,,2026-03-08T21:00:00.000-04:00,134413,2026-03-08T23:45:24Z
10406022,287074,Jonatan Berggren,STL,F,Points,0.5,demon,False,ANA,,,2026-03-08T21:00:00.000-04:00,134413,2026-03-08T23:45:24Z
10406023,272890,Logan Mailloux,STL,D,Assists,0.5,demon,False,ANA,,,2026-03-08T21:00:00.000-04:00,134413,2026-03-08T23:45:24Z
10406024,272890,Logan Mailloux,STL,D,Points,0.5,demon,False,ANA,,,2026-03-08T21:00:00.000-04:00,134413,2026-03-08T23:45:24Z
10406025,188223,Matthew Kessel,STL,D,Assists,0.5,demon,False,ANA,,,2026-03-08T21:00:00.000-04:00,134413,2026-03-08T23:45:24Z
10406026,188223,Matthew Kessel,STL,D,Points,0.5,demon,False,ANA,,,2026-03-08T21:00:00.000-04:00,134413,2026-03-08T23:45:24Z
10406027,223235,Olen Zellweger,ANA,D,Assists,0.5,demon,False,STL,,,2026-03-08T21:00:00.000-04:00,134413,2026-03-08T23:45:24Z
10406028,223235,Olen Zellweger,ANA,D,Points,0.5,demon,False,STL,,,2026-03-08T21:00:00.000-04:00,134413,2026-03-08T23:45:24Z
10406029,236767,Oskar Sundqvist,STL,F,Assists,0.5,demon,False,ANA,,,2026-03-08T21:00:00.000-04:00,134413,2026-03-08T23:45:24Z
10406030,236767,Oskar Sundqvist,STL,F,Points,0.5,demon,False,ANA,,,2026-03-08T21:00:00.000-04:00,134413,2026-03-08T23:45:24Z
10406031,176774,Pavel Mintyukov,ANA,D,Assists,0.5,demon,False,STL,,,2026-03-08T21:00:00.000-04:00,134413,2026-03-08T23:45:24Z
10406032,176774,Pavel Mintyukov,ANA,D,Points,0.5,demon,False,STL,,,2026-03-08T21:00:00.000-04:00,134413,2026-03-08T23:45:24Z
10406033,268039,Pius Suter,STL,F,Assists,0.5,demon,False,ANA,,,2026-03-08T21:00:00.000-04:00,134413,2026-03-08T23:45:24Z
10406034,268039,Pius Suter,STL,F,Points,0.5,demon,False,ANA,,,2026-03-08T21:00:00.000-04:00,134413,2026-03-08T23:45:24Z
10406035,218319,Radko Gudas,ANA,D,Assists,0.5,demon,False,STL,,,2026-03-08T21:00:00.000-04:00,134413,2026-03-08T23:45:24Z
10406036,218319,Radko Gudas,ANA,D,Points,0.5,demon,False,STL,,,2026-03-08T21:00:00.000-04:00,134413,2026-03-08T23:45:24Z
10406037,189024,Ross Johnston,ANA,F,Assists,0.5,demon,False,STL,,,2026-03-08T21:00:00.000-04:00,134413,2026-03-08T23:45:24Z
10406038,189024,Ross Johnston,ANA,F,Points,0.5,demon,False,STL,,,2026-03-08T21:00:00.000-04:00,134413,2026-03-08T23:45:24Z
10406039,291289,Tim Washe,ANA,F,Assists,0.5,demon,False,STL,,,2026-03-08T21:00:00.000-04:00,134413,2026-03-08T23:45:24Z
10406040,291289,Tim Washe,ANA,F,Points,0.5,demon,False,STL,,,2026-03-08T21:00:00.000-04:00,134413,2026-03-08T23:45:24Z
10406041,236609,Tyler Tucker,STL,D,Assists,0.5,demon,False,ANA,,,2026-03-08T21:00:00.000-04:00,134413,2026-03-08T23:45:24Z
10406042,236609,Tyler Tucker,STL,D,Points,0.5,demon,False,ANA,,,2026-03-08T21:00:00.000-04:00,134413,2026-03-08T23:45:24Z
10400436,58024,Evan Bouchard,EDM,D,Time On Ice,24.25,standard,False,VGK,,,2026-03-08T21:30:00.000-04:00,134414,2026-03-08T23:45:24Z
10400435,57827,Connor McDavid,EDM,F,Time On Ice,22.5,standard,False,VGK,,,2026-03-08T21:30:00.000-04:00,134414,2026-03-08T23:45:24Z
10400437,218569,Jack Eichel,VGK,F,Time On Ice,21.75,standard,False,EDM,,,2026-03-08T21:30:00.000-04:00,134414,2026-03-08T23:45:24Z
10400438,218573,Noah Hanifin,VGK,D,Time On Ice,21,standard,False,EDM,,,2026-03-08T21:30:00.000-04:00,134414,2026-03-08T23:45:24Z
10411513,57828,Leon Draisaitl,EDM,F,Faceoffs Won,9.5,standard,False,VGK,,,2026-03-08T21:30:00.000-04:00,134414,2026-03-08T23:45:24Z
10411518,218580,Tomas Hertl,VGK,F,Faceoffs Won,8.5,standard,False,EDM,,,2026-03-08T21:30:00.000-04:00,134414,2026-03-08T23:45:24Z
10411722,305660,Connor McDavid + Pavel Dorofeyev,EDM/VGK,F,Shots On Goal (Combo),5.5,standard,False,VGK/EDM,,,2026-03-08T21:30:00.000-04:00,134414,2026-03-08T23:45:24Z
10411724,305661,Leon Draisaitl + Mitch Marner,EDM/VGK,F,Shots On Goal (Combo),4.5,standard,False,VGK/EDM,,,2026-03-08T21:30:00.000-04:00,134414,2026-03-08T23:45:24Z
10411654,267943,Jeremy Lauzon,VGK,D,Hits,4,standard,False,EDM,,,2026-03-08T21:30:00.000-04:00,134414,2026-03-08T23:45:24Z
10411664,305122,Colton Dach,EDM,F,Hits,3.5,standard,False,VGK,,,2026-03-08T21:30:00.000-04:00,134414,2026-03-08T23:45:24Z
10411651,237359,Vasily Podkolzin,EDM,F,Hits,3,standard,False,VGK,,,2026-03-08T21:30:00.000-04:00,134414,2026-03-08T23:45:24Z
10411657,218579,Keegan Kolesar,VGK,F,Hits,3,standard,False,EDM,,,2026-03-08T21:30:00.000-04:00,134414,2026-03-08T23:45:24Z
10411658,236292,Trent Frederic,EDM,F,Hits,3,standard,False,VGK,,,2026-03-08T21:30:00.000-04:00,134414,2026-03-08T23:45:24Z
10417429,218622,Adin Hill,VGK,G,Goalie Saves,28.5,demon,False,EDM,,,2026-03-08T21:30:00.000-04:00,134414,2026-03-08T23:45:24Z
10417433,287949,Connor Ingram,EDM,G,Goalie Saves,28.5,demon,False,VGK,,,2026-03-08T21:30:00.000-04:00,134414,2026-03-08T23:45:24Z
10417427,218622,Adin Hill,VGK,G,Goalie Saves,27.5,demon,False,EDM,,,2026-03-08T21:30:00.000-04:00,134414,2026-03-08T23:45:24Z
10417432,287949,Connor Ingram,EDM,G,Goalie Saves,27.5,demon,False,VGK,,,2026-03-08T21:30:00.000-04:00,134414,2026-03-08T23:45:24Z
10417428,218622,Adin Hill,VGK,G,Goalie Saves,26.5,demon,False,EDM,,,2026-03-08T21:30:00.000-04:00,134414,2026-03-08T23:45:24Z
10417434,287949,Connor Ingram,EDM,G,Goalie Saves,26.5,demon,False,VGK,,,2026-03-08T21:30:00.000-04:00,134414,2026-03-08T23:45:24Z
10416747,218622,Adin Hill,VGK,G,Goalie Saves,24,standard,False,EDM,,,2026-03-08T21:30:00.000-04:00,134414,2026-03-08T23:45:24Z
10417139,287949,Connor Ingram,EDM,G,Goalie Saves,24,standard,False,VGK,,,2026-03-08T21:30:00.000-04:00,134414,2026-03-08T23:45:24Z
10417431,218622,Adin Hill,VGK,G,Goalie Saves,21.5,goblin,False,EDM,,,2026-03-08T21:30:00.000-04:00,134414,2026-03-08T23:45:24Z
10417436,287949,Connor Ingram,EDM,G,Goalie Saves,21.5,goblin,False,VGK,,,2026-03-08T21:30:00.000-04:00,134414,2026-03-08T23:45:24Z
10417430,218622,Adin Hill,VGK,G,Goalie Saves,20.5,goblin,False,EDM,,,2026-03-08T21:30:00.000-04:00,134414,2026-03-08T23:45:24Z
10417435,287949,Connor Ingram,EDM,G,Goalie Saves,20.5,goblin,False,VGK,,,2026-03-08T21:30:00.000-04:00,134414,2026-03-08T23:45:24Z
10409803,57827,Connor McDavid,EDM,F,Shots On Goal,5.5,demon,False,VGK,,,2026-03-08T21:30:00.000-04:00,134414,2026-03-08T23:45:24Z
10409825,218569,Jack Eichel,VGK,F,Shots On Goal,5.5,demon,False,EDM,,,2026-03-08T21:30:00.000-04:00,134414,2026-03-08T23:45:24Z
10409802,57827,Connor McDavid,EDM,F,Shots On Goal,4.5,demon,False,VGK,,,2026-03-08T21:30:00.000-04:00,134414,2026-03-08T23:45:24Z
10409811,58024,Evan Bouchard,EDM,D,Shots On Goal,4.5,demon,False,VGK,,,2026-03-08T21:30:00.000-04:00,134414,2026-03-08T23:45:24Z
10409824,218569,Jack Eichel,VGK,F,Shots On Goal,4.5,demon,False,EDM,,,2026-03-08T21:30:00.000-04:00,134414,2026-03-08T23:45:24Z
10409834,57828,Leon Draisaitl,EDM,F,Shots On Goal,4.5,demon,False,VGK,,,2026-03-08T21:30:00.000-04:00,134414,2026-03-08T23:45:24Z
10409847,172624,Pavel Dorofeyev,VGK,F,Shots On Goal,4.5,demon,False,EDM,,,2026-03-08T21:30:00.000-04:00,134414,2026-03-08T23:45:24Z
10409875,218085,Zach Hyman,EDM,F,Shots On Goal,4.5,demon,False,VGK,,,2026-03-08T21:30:00.000-04:00,134414,2026-03-08T23:45:24Z
10404635,218569,Jack Eichel,VGK,F,Shots On Goal,3.5,demon,False,EDM,,,2026-03-08T21:30:00.000-04:00,134414,2026-03-08T23:45:24Z
10409801,57827,Connor McDavid,EDM,F,Shots On Goal,3.5,demon,False,VGK,,,2026-03-08T21:30:00.000-04:00,134414,2026-03-08T23:45:24Z
10409810,58024,Evan Bouchard,EDM,D,Shots On Goal,3.5,demon,False,VGK,,,2026-03-08T21:30:00.000-04:00,134414,2026-03-08T23:45:24Z
10409833,57828,Leon Draisaitl,EDM,F,Shots On Goal,3.5,demon,False,VGK,,,2026-03-08T21:30:00.000-04:00,134414,2026-03-08T23:45:24Z
10409846,172624,Pavel Dorofeyev,VGK,F,Shots On Goal,3.5,demon,False,EDM,,,2026-03-08T21:30:00.000-04:00,134414,2026-03-08T23:45:24Z
10409864,218580,Tomas Hertl,VGK,F,Shots On Goal,3.5,demon,False,EDM,,,2026-03-08T21:30:00.000-04:00,134414,2026-03-08T23:45:24Z
10409874,218085,Zach Hyman,EDM,F,Shots On Goal,3.5,demon,False,VGK,,,2026-03-08T21:30:00.000-04:00,134414,2026-03-08T23:45:24Z
10410100,57827,Connor McDavid,EDM,F,Points,3.5,demon,False,VGK,,,2026-03-08T21:30:00.000-04:00,134414,2026-03-08T23:45:24Z
10410409,58027,Darnell Nurse,EDM,D,Shots On Goal,3.5,demon,False,VGK,,,2026-03-08T21:30:00.000-04:00,134414,2026-03-08T23:45:24Z
10410414,267801,Mitch Marner,VGK,F,Shots On Goal,3.5,demon,False,EDM,,,2026-03-08T21:30:00.000-04:00,134414,2026-03-08T23:45:24Z
10410425,294869,Rasmus Andersson,VGK,D,Shots On Goal,3.5,demon,False,EDM,,,2026-03-08T21:30:00.000-04:00,134414,2026-03-08T23:45:24Z
10410426,58026,Ryan Nugent-Hopkins,EDM,F,Shots On Goal,3.5,demon,False,VGK,,,2026-03-08T21:30:00.000-04:00,134414,2026-03-08T23:45:24Z
10410427,57765,Shea Theodore,VGK,D,Shots On Goal,3.5,demon,False,EDM,,,2026-03-08T21:30:00.000-04:00,134414,2026-03-08T23:45:24Z
10414624,125904,Ivan Barbashev,VGK,F,Shots On Goal,3.5,demon,False,EDM,,,2026-03-08T21:30:00.000-04:00,134414,2026-03-08T23:45:24Z
10416748,218622,Adin Hill,VGK,G,Goals Allowed,3.5,demon,False,EDM,,,2026-03-08T21:30:00.000-04:00,134414,2026-03-08T23:45:24Z
10417140,287949,Connor Ingram,EDM,G,Goals Allowed,3.5,demon,False,VGK,,,2026-03-08T21:30:00.000-04:00,134414,2026-03-08T23:45:24Z
10404621,57827,Connor McDavid,EDM,F,Shots On Goal,2.5,goblin,False,VGK,,,2026-03-08T21:30:00.000-04:00,134414,2026-03-08T23:45:24Z
10404628,58024,Evan Bouchard,EDM,D,Shots On Goal,2.5,demon,False,VGK,,,2026-03-08T21:30:00.000-04:00,134414,2026-03-08T23:45:24Z
10404656,172624,Pavel Dorofeyev,VGK,F,Shots On Goal,2.5,standard,False,EDM,,,2026-03-08T21:30:00.000-04:00,134414,2026-03-08T23:45:24Z
10404671,218580,Tomas Hertl,VGK,F,Shots On Goal,2.5,demon,False,EDM,,,2026-03-08T21:30:00.000-04:00,134414,2026-03-08T23:45:24Z
10404676,218085,Zach Hyman,EDM,F,Shots On Goal,2.5,standard,False,VGK,,,2026-03-08T21:30:00.000-04:00,134414,2026-03-08T23:45:24Z
10404810,57827,Connor McDavid,EDM,F,Points,2.5,demon,False,VGK,,,2026-03-08T21:30:00.000-04:00,134414,2026-03-08T23:45:24Z
10404812,58024,Evan Bouchard,EDM,D,Points,2.5,demon,False,VGK,,,2026-03-08T21:30:00.000-04:00,134414,2026-03-08T23:45:24Z
10404815,218569,Jack Eichel,VGK,F,Points,2.5,demon,False,EDM,,,2026-03-08T21:30:00.000-04:00,134414,2026-03-08T23:45:24Z
10404817,57828,Leon Draisaitl,EDM,F,Points,2.5,demon,False,VGK,,,2026-03-08T21:30:00.000-04:00,134414,2026-03-08T23:45:24Z
10404819,267801,Mitch Marner,VGK,F,Points,2.5,demon,False,EDM,,,2026-03-08T21:30:00.000-04:00,134414,2026-03-08T23:45:24Z
10409794,279762,Braeden Bowman,VGK,F,Shots On Goal,2.5,demon,False,EDM,,,2026-03-08T21:30:00.000-04:00,134414,2026-03-08T23:45:24Z
10409816,125904,Ivan Barbashev,VGK,F,Shots On Goal,2.5,demon,False,EDM,,,2026-03-08T21:30:00.000-04:00,134414,2026-03-08T23:45:24Z
10409823,218569,Jack Eichel,VGK,F,Shots On Goal,2.5,goblin,False,EDM,,,2026-03-08T21:30:00.000-04:00,134414,2026-03-08T23:45:24Z
10409837,267801,Mitch Marner,VGK,F,Shots On Goal,2.5,demon,False,EDM,,,2026-03-08T21:30:00.000-04:00,134414,2026-03-08T23:45:24Z
10409852,294869,Rasmus Andersson,VGK,D,Shots On Goal,2.5,demon,False,EDM,,,2026-03-08T21:30:00.000-04:00,134414,2026-03-08T23:45:24Z
10409856,58026,Ryan Nugent-Hopkins,EDM,F,Shots On Goal,2.5,demon,False,VGK,,,2026-03-08T21:30:00.000-04:00,134414,2026-03-08T23:45:24Z
10409861,57765,Shea Theodore,VGK,D,Shots On Goal,2.5,demon,False,EDM,,,2026-03-08T21:30:00.000-04:00,134414,2026-03-08T23:45:24Z
10410099,57827,Connor McDavid,EDM,F,Assists,2.5,demon,False,VGK,,,2026-03-08T21:30:00.000-04:00,134414,2026-03-08T23:45:24Z
10410189,218581,Brayden McNabb,VGK,D,Blocked Shots,2.5,demon,False,EDM,,,2026-03-08T21:30:00.000-04:00,134414,2026-03-08T23:45:24Z
10410190,58027,Darnell Nurse,EDM,D,Blocked Shots,2.5,demon,False,VGK,,,2026-03-08T21:30:00.000-04:00,134414,2026-03-08T23:45:24Z
10410191,233936,Jake Walman,EDM,D,Blocked Shots,2.5,demon,False,VGK,,,2026-03-08T21:30:00.000-04:00,134414,2026-03-08T23:45:24Z
10410192,294869,Rasmus Andersson,VGK,D,Blocked Shots,2.5,demon,False,EDM,,,2026-03-08T21:30:00.000-04:00,134414,2026-03-08T23:45:24Z
10410408,58027,Darnell Nurse,EDM,D,Shots On Goal,2.5,demon,False,VGK,,,2026-03-08T21:30:00.000-04:00,134414,2026-03-08T23:45:24Z
10410418,218573,Noah Hanifin,VGK,D,Shots On Goal,2.5,demon,False,EDM,,,2026-03-08T21:30:00.000-04:00,134414,2026-03-08T23:45:24Z
10420307,57828,Leon Draisaitl,EDM,F,Shots On Goal,2.5,standard,False,VGK,,,2026-03-08T21:30:00.000-04:00,134414,2026-03-08T23:45:24Z
10392621,57827,Connor McDavid,EDM,F,Goals,1.5,demon,False,VGK,,,2026-03-08T21:30:00.000-04:00,134414,2026-03-08T23:45:24Z
10392631,57828,Leon Draisaitl,EDM,F,Goals,1.5,demon,False,VGK,,,2026-03-08T21:30:00.000-04:00,134414,2026-03-08T23:45:24Z
10404615,218581,Brayden McNabb,VGK,D,Blocked Shots,1.5,goblin,False,EDM,,,2026-03-08T21:30:00.000-04:00,134414,2026-03-08T23:45:24Z
10404619,57827,Connor McDavid,EDM,F,Points,1.5,standard,False,VGK,,,2026-03-08T21:30:00.000-04:00,134414,2026-03-08T23:45:24Z
10404622,58027,Darnell Nurse,EDM,D,Blocked Shots,1.5,standard,False,VGK,,,2026-03-08T21:30:00.000-04:00,134414,2026-03-08T23:45:24Z
10404623,58027,Darnell Nurse,EDM,D,Shots On Goal,1.5,standard,False,VGK,,,2026-03-08T21:30:00.000-04:00,134414,2026-03-08T23:45:24Z
10404633,218569,Jack Eichel,VGK,F,Points,1.5,demon,False,EDM,,,2026-03-08T21:30:00.000-04:00,134414,2026-03-08T23:45:24Z
10404637,233936,Jake Walman,EDM,D,Blocked Shots,1.5,goblin,False,VGK,,,2026-03-08T21:30:00.000-04:00,134414,2026-03-08T23:45:24Z
10404641,57828,Leon Draisaitl,EDM,F,Points,1.5,demon,False,VGK,,,2026-03-08T21:30:00.000-04:00,134414,2026-03-08T23:45:24Z
10404649,267801,Mitch Marner,VGK,F,Shots On Goal,1.5,goblin,False,EDM,,,2026-03-08T21:30:00.000-04:00,134414,2026-03-08T23:45:24Z
10404658,294869,Rasmus Andersson,VGK,D,Blocked Shots,1.5,standard,False,EDM,,,2026-03-08T21:30:00.000-04:00,134414,2026-03-08T23:45:24Z
10404661,294869,Rasmus Andersson,VGK,D,Shots On Goal,1.5,standard,False,EDM,,,2026-03-08T21:30:00.000-04:00,134414,2026-03-08T23:45:24Z
10404667,57765,Shea Theodore,VGK,D,Shots On Goal,1.5,standard,False,EDM,,,2026-03-08T21:30:00.000-04:00,134414,2026-03-08T23:45:24Z
10404809,279762,Braeden Bowman,VGK,F,Points,1.5,demon,False,EDM,,,2026-03-08T21:30:00.000-04:00,134414,2026-03-08T23:45:24Z
10404811,58024,Evan Bouchard,EDM,D,Points,1.5,demon,False,VGK,,,2026-03-08T21:30:00.000-04:00,134414,2026-03-08T23:45:24Z
10404813,125904,Ivan Barbashev,VGK,F,Points,1.5,demon,False,EDM,,,2026-03-08T21:30:00.000-04:00,134414,2026-03-08T23:45:24Z
10404818,267801,Mitch Marner,VGK,F,Points,1.5,demon,False,EDM,,,2026-03-08T21:30:00.000-04:00,134414,2026-03-08T23:45:24Z
10404820,172624,Pavel Dorofeyev,VGK,F,Points,1.5,demon,False,EDM,,,2026-03-08T21:30:00.000-04:00,134414,2026-03-08T23:45:24Z
10404821,58026,Ryan Nugent-Hopkins,EDM,F,Points,1.5,demon,False,VGK,,,2026-03-08T21:30:00.000-04:00,134414,2026-03-08T23:45:24Z
10404822,57765,Shea Theodore,VGK,D,Points,1.5,demon,False,EDM,,,2026-03-08T21:30:00.000-04:00,134414,2026-03-08T23:45:24Z
10404823,218580,Tomas Hertl,VGK,F,Points,1.5,demon,False,EDM,,,2026-03-08T21:30:00.000-04:00,134414,2026-03-08T23:45:24Z
10404824,218085,Zach Hyman,EDM,F,Points,1.5,demon,False,VGK,,,2026-03-08T21:30:00.000-04:00,134414,2026-03-08T23:45:24Z
10409809,58024,Evan Bouchard,EDM,D,Shots On Goal,1.5,goblin,False,VGK,,,2026-03-08T21:30:00.000-04:00,134414,2026-03-08T23:45:24Z
10409832,57828,Leon Draisaitl,EDM,F,Shots On Goal,1.5,goblin,False,VGK,,,2026-03-08T21:30:00.000-04:00,134414,2026-03-08T23:45:24Z
10409845,172624,Pavel Dorofeyev,VGK,F,Shots On Goal,1.5,goblin,False,EDM,,,2026-03-08T21:30:00.000-04:00,134414,2026-03-08T23:45:24Z
10409863,218580,Tomas Hertl,VGK,F,Shots On Goal,1.5,goblin,False,EDM,,,2026-03-08T21:30:00.000-04:00,134414,2026-03-08T23:45:24Z
10409873,218085,Zach Hyman,EDM,F,Shots On Goal,1.5,goblin,False,VGK,,,2026-03-08T21:30:00.000-04:00,134414,2026-03-08T23:45:24Z
10410098,57827,Connor McDavid,EDM,F,Assists,1.5,demon,False,VGK,,,2026-03-08T21:30:00.000-04:00,134414,2026-03-08T23:45:24Z
10410101,58024,Evan Bouchard,EDM,D,Assists,1.5,demon,False,VGK,,,2026-03-08T21:30:00.000-04:00,134414,2026-03-08T23:45:24Z
10410102,218569,Jack Eichel,VGK,F,Assists,1.5,demon,False,EDM,,,2026-03-08T21:30:00.000-04:00,134414,2026-03-08T23:45:24Z
10410103,57828,Leon Draisaitl,EDM,F,Assists,1.5,demon,False,VGK,,,2026-03-08T21:30:00.000-04:00,134414,2026-03-08T23:45:24Z
10410104,267801,Mitch Marner,VGK,F,Assists,1.5,demon,False,EDM,,,2026-03-08T21:30:00.000-04:00,134414,2026-03-08T23:45:24Z
10410105,58026,Ryan Nugent-Hopkins,EDM,F,Assists,1.5,demon,False,VGK,,,2026-03-08T21:30:00.000-04:00,134414,2026-03-08T23:45:24Z
10411057,57827,Connor McDavid,EDM,F,Power Play Points,1.5,demon,False,VGK,,,2026-03-08T21:30:00.000-04:00,134414,2026-03-08T23:45:24Z
10411058,57828,Leon Draisaitl,EDM,F,Power Play Points,1.5,demon,False,VGK,,,2026-03-08T21:30:00.000-04:00,134414,2026-03-08T23:45:24Z
10411696,279762,Braeden Bowman,VGK,F,Shots On Goal,1.5,goblin,False,EDM,,,2026-03-08T21:30:00.000-04:00,134414,2026-03-08T23:45:24Z
10413960,58026,Ryan Nugent-Hopkins,EDM,F,Shots On Goal,1.5,goblin,False,VGK,,,2026-03-08T21:30:00.000-04:00,134414,2026-03-08T23:45:24Z
10392617,279762,Braeden Bowman,VGK,F,Goals,0.5,demon,False,EDM,,,2026-03-08T21:30:00.000-04:00,134414,2026-03-08T23:45:24Z
10392618,229159,Brandon Saad,VGK,F,Goals,0.5,demon,False,EDM,,,2026-03-08T21:30:00.000-04:00,134414,2026-03-08T23:45:24Z
10392619,267799,Colton Sissons,VGK,F,Goals,0.5,demon,False,EDM,,,2026-03-08T21:30:00.000-04:00,134414,2026-03-08T23:45:24Z
10392620,57827,Connor McDavid,EDM,F,Goals,0.5,demon,False,VGK,,,2026-03-08T21:30:00.000-04:00,134414,2026-03-08T23:45:24Z
10392622,58027,Darnell Nurse,EDM,D,Goals,0.5,demon,False,VGK,,,2026-03-08T21:30:00.000-04:00,134414,2026-03-08T23:45:24Z
10392623,58024,Evan Bouchard,EDM,D,Goals,0.5,demon,False,VGK,,,2026-03-08T21:30:00.000-04:00,134414,2026-03-08T23:45:24Z
10392624,125904,Ivan Barbashev,VGK,F,Goals,0.5,demon,False,EDM,,,2026-03-08T21:30:00.000-04:00,134414,2026-03-08T23:45:24Z
10392625,218569,Jack Eichel,VGK,F,Goals,0.5,demon,False,EDM,,,2026-03-08T21:30:00.000-04:00,134414,2026-03-08T23:45:24Z
10392626,268939,Jack Roslovic,EDM,F,Goals,0.5,demon,False,VGK,,,2026-03-08T21:30:00.000-04:00,134414,2026-03-08T23:45:24Z
10392627,233936,Jake Walman,EDM,D,Goals,0.5,demon,False,VGK,,,2026-03-08T21:30:00.000-04:00,134414,2026-03-08T23:45:24Z
10392628,304794,Jason Dickinson,EDM,F,Goals,0.5,demon,False,VGK,,,2026-03-08T21:30:00.000-04:00,134414,2026-03-08T23:45:24Z
10392629,218579,Keegan Kolesar,VGK,F,Goals,0.5,demon,False,EDM,,,2026-03-08T21:30:00.000-04:00,134414,2026-03-08T23:45:24Z
10392630,57828,Leon Draisaitl,EDM,F,Goals,0.5,demon,False,VGK,,,2026-03-08T21:30:00.000-04:00,134414,2026-03-08T23:45:24Z
10392632,125451,Mattias Ekholm,EDM,D,Goals,0.5,demon,False,VGK,,,2026-03-08T21:30:00.000-04:00,134414,2026-03-08T23:45:24Z
10392633,267801,Mitch Marner,VGK,F,Goals,0.5,demon,False,EDM,,,2026-03-08T21:30:00.000-04:00,134414,2026-03-08T23:45:24Z
10392634,304861,Nic Dowd,VGK,F,Goals,0.5,demon,False,EDM,,,2026-03-08T21:30:00.000-04:00,134414,2026-03-08T23:45:24Z
10392635,218573,Noah Hanifin,VGK,D,Goals,0.5,demon,False,EDM,,,2026-03-08T21:30:00.000-04:00,134414,2026-03-08T23:45:24Z
10392636,172624,Pavel Dorofeyev,VGK,F,Goals,0.5,demon,False,EDM,,,2026-03-08T21:30:00.000-04:00,134414,2026-03-08T23:45:24Z
10392637,294869,Rasmus Andersson,VGK,D,Goals,0.5,demon,False,EDM,,,2026-03-08T21:30:00.000-04:00,134414,2026-03-08T23:45:24Z
10392638,57767,Reilly Smith,VGK,F,Goals,0.5,demon,False,EDM,,,2026-03-08T21:30:00.000-04:00,134414,2026-03-08T23:45:24Z
10392639,58026,Ryan Nugent-Hopkins,EDM,F,Goals,0.5,demon,False,VGK,,,2026-03-08T21:30:00.000-04:00,134414,2026-03-08T23:45:24Z
10392640,57765,Shea Theodore,VGK,D,Goals,0.5,demon,False,EDM,,,2026-03-08T21:30:00.000-04:00,134414,2026-03-08T23:45:24Z
10392641,218580,Tomas Hertl,VGK,F,Goals,0.5,demon,False,EDM,,,2026-03-08T21:30:00.000-04:00,134414,2026-03-08T23:45:24Z
10392642,236292,Trent Frederic,EDM,F,Goals,0.5,demon,False,VGK,,,2026-03-08T21:30:00.000-04:00,134414,2026-03-08T23:45:24Z
10392643,237359,Vasily Podkolzin,EDM,F,Goals,0.5,demon,False,VGK,,,2026-03-08T21:30:00.000-04:00,134414,2026-03-08T23:45:24Z
10392644,218085,Zach Hyman,EDM,F,Goals,0.5,demon,False,VGK,,,2026-03-08T21:30:00.000-04:00,134414,2026-03-08T23:45:24Z
10394864,304529,Cole Smith,VGK,F,Goals,0.5,demon,False,EDM,,,2026-03-08T21:30:00.000-04:00,134414,2026-03-08T23:45:24Z
10394870,240350,Kasperi Kapanen,EDM,F,Goals,0.5,demon,False,VGK,,,2026-03-08T21:30:00.000-04:00,134414,2026-03-08T23:45:24Z
10404611,190234,Adam Henrique,EDM,F,Goals,0.5,demon,False,VGK,,,2026-03-08T21:30:00.000-04:00,134414,2026-03-08T23:45:24Z
10404612,279762,Braeden Bowman,VGK,F,Assists,0.5,demon,False,EDM,,,2026-03-08T21:30:00.000-04:00,134414,2026-03-08T23:45:24Z
10404613,279762,Braeden Bowman,VGK,F,Points,0.5,standard,False,EDM,,,2026-03-08T21:30:00.000-04:00,134414,2026-03-08T23:45:24Z
10404614,279762,Braeden Bowman,VGK,F,Power Play Points,0.5,demon,False,EDM,,,2026-03-08T21:30:00.000-04:00,134414,2026-03-08T23:45:24Z
10404616,305122,Colton Dach,EDM,F,Goals,0.5,demon,False,VGK,,,2026-03-08T21:30:00.000-04:00,134414,2026-03-08T23:45:24Z
10404617,57827,Connor McDavid,EDM,F,Assists,0.5,goblin,False,VGK,,,2026-03-08T21:30:00.000-04:00,134414,2026-03-08T23:45:24Z
10404618,57827,Connor McDavid,EDM,F,Plus/Minus,0.5,demon,False,VGK,,,2026-03-08T21:30:00.000-04:00,134414,2026-03-08T23:45:24Z
10404620,57827,Connor McDavid,EDM,F,Power Play Points,0.5,demon,False,VGK,,,2026-03-08T21:30:00.000-04:00,134414,2026-03-08T23:45:24Z
10404624,58024,Evan Bouchard,EDM,D,Assists,0.5,goblin,False,VGK,,,2026-03-08T21:30:00.000-04:00,134414,2026-03-08T23:45:24Z
10404625,58024,Evan Bouchard,EDM,D,Plus/Minus,0.5,demon,False,VGK,,,2026-03-08T21:30:00.000-04:00,134414,2026-03-08T23:45:24Z
10404626,58024,Evan Bouchard,EDM,D,Points,0.5,goblin,False,VGK,,,2026-03-08T21:30:00.000-04:00,134414,2026-03-08T23:45:24Z
10404627,58024,Evan Bouchard,EDM,D,Power Play Points,0.5,demon,False,VGK,,,2026-03-08T21:30:00.000-04:00,134414,2026-03-08T23:45:24Z
10404629,125904,Ivan Barbashev,VGK,F,Assists,0.5,demon,False,EDM,,,2026-03-08T21:30:00.000-04:00,134414,2026-03-08T23:45:24Z
10404630,125904,Ivan Barbashev,VGK,F,Points,0.5,standard,False,EDM,,,2026-03-08T21:30:00.000-04:00,134414,2026-03-08T23:45:24Z
10404631,125904,Ivan Barbashev,VGK,F,Power Play Points,0.5,demon,False,EDM,,,2026-03-08T21:30:00.000-04:00,134414,2026-03-08T23:45:24Z
10404632,218569,Jack Eichel,VGK,F,Plus/Minus,0.5,demon,False,EDM,,,2026-03-08T21:30:00.000-04:00,134414,2026-03-08T23:45:24Z
10404634,218569,Jack Eichel,VGK,F,Power Play Points,0.5,demon,False,EDM,,,2026-03-08T21:30:00.000-04:00,134414,2026-03-08T23:45:24Z
10404636,233936,Jake Walman,EDM,D,Assists,0.5,demon,False,VGK,,,2026-03-08T21:30:00.000-04:00,134414,2026-03-08T23:45:24Z
10404638,233936,Jake Walman,EDM,D,Points,0.5,demon,False,VGK,,,2026-03-08T21:30:00.000-04:00,134414,2026-03-08T23:45:24Z
10404639,57828,Leon Draisaitl,EDM,F,Assists,0.5,goblin,False,VGK,,,2026-03-08T21:30:00.000-04:00,134414,2026-03-08T23:45:24Z
10404640,57828,Leon Draisaitl,EDM,F,Plus/Minus,0.5,demon,False,VGK,,,2026-03-08T21:30:00.000-04:00,134414,2026-03-08T23:45:24Z
10404642,57828,Leon Draisaitl,EDM,F,Power Play Points,0.5,demon,False,VGK,,,2026-03-08T21:30:00.000-04:00,134414,2026-03-08T23:45:24Z
10404643,125451,Mattias Ekholm,EDM,D,Assists,0.5,demon,False,VGK,,,2026-03-08T21:30:00.000-04:00,134414,2026-03-08T23:45:24Z
10404645,125451,Mattias Ekholm,EDM,D,Points,0.5,demon,False,VGK,,,2026-03-08T21:30:00.000-04:00,134414,2026-03-08T23:45:24Z
10404646,267801,Mitch Marner,VGK,F,Assists,0.5,standard,False,EDM,,,2026-03-08T21:30:00.000-04:00,134414,2026-03-08T23:45:24Z
10404647,267801,Mitch Marner,VGK,F,Points,0.5,goblin,False,EDM,,,2026-03-08T21:30:00.000-04:00,134414,2026-03-08T23:45:24Z
10404648,267801,Mitch Marner,VGK,F,Power Play Points,0.5,demon,False,EDM,,,2026-03-08T21:30:00.000-04:00,134414,2026-03-08T23:45:24Z
10404650,218573,Noah Hanifin,VGK,D,Assists,0.5,demon,False,EDM,,,2026-03-08T21:30:00.000-04:00,134414,2026-03-08T23:45:24Z
10404651,218573,Noah Hanifin,VGK,D,Plus/Minus,0.5,demon,False,EDM,,,2026-03-08T21:30:00.000-04:00,134414,2026-03-08T23:45:24Z
10404652,218573,Noah Hanifin,VGK,D,Points,0.5,demon,False,EDM,,,2026-03-08T21:30:00.000-04:00,134414,2026-03-08T23:45:24Z
10404653,172624,Pavel Dorofeyev,VGK,F,Assists,0.5,demon,False,EDM,,,2026-03-08T21:30:00.000-04:00,134414,2026-03-08T23:45:24Z
10404654,172624,Pavel Dorofeyev,VGK,F,Points,0.5,goblin,False,EDM,,,2026-03-08T21:30:00.000-04:00,134414,2026-03-08T23:45:24Z
10404655,172624,Pavel Dorofeyev,VGK,F,Power Play Points,0.5,demon,False,EDM,,,2026-03-08T21:30:00.000-04:00,134414,2026-03-08T23:45:24Z
10404657,294869,Rasmus Andersson,VGK,D,Assists,0.5,demon,False,EDM,,,2026-03-08T21:30:00.000-04:00,134414,2026-03-08T23:45:24Z
10404659,294869,Rasmus Andersson,VGK,D,Points,0.5,demon,False,EDM,,,2026-03-08T21:30:00.000-04:00,134414,2026-03-08T23:45:24Z
10404660,294869,Rasmus Andersson,VGK,D,Power Play Points,0.5,demon,False,EDM,,,2026-03-08T21:30:00.000-04:00,134414,2026-03-08T23:45:24Z
10404662,58026,Ryan Nugent-Hopkins,EDM,F,Assists,0.5,demon,False,VGK,,,2026-03-08T21:30:00.000-04:00,134414,2026-03-08T23:45:24Z
10404663,58026,Ryan Nugent-Hopkins,EDM,F,Power Play Points,0.5,demon,False,VGK,,,2026-03-08T21:30:00.000-04:00,134414,2026-03-08T23:45:24Z
10404664,57765,Shea Theodore,VGK,D,Assists,0.5,demon,False,EDM,,,2026-03-08T21:30:00.000-04:00,134414,2026-03-08T23:45:24Z
10404665,57765,Shea Theodore,VGK,D,Plus/Minus,0.5,demon,False,EDM,,,2026-03-08T21:30:00.000-04:00,134414,2026-03-08T23:45:24Z
10404666,57765,Shea Theodore,VGK,D,Points,0.5,demon,False,EDM,,,2026-03-08T21:30:00.000-04:00,134414,2026-03-08T23:45:24Z
10404668,218580,Tomas Hertl,VGK,F,Assists,0.5,demon,False,EDM,,,2026-03-08T21:30:00.000-04:00,134414,2026-03-08T23:45:24Z
10404669,218580,Tomas Hertl,VGK,F,Points,0.5,standard,False,EDM,,,2026-03-08T21:30:00.000-04:00,134414,2026-03-08T23:45:24Z
10404670,218580,Tomas Hertl,VGK,F,Power Play Points,0.5,demon,False,EDM,,,2026-03-08T21:30:00.000-04:00,134414,2026-03-08T23:45:24Z
10404672,218085,Zach Hyman,EDM,F,Assists,0.5,demon,False,VGK,,,2026-03-08T21:30:00.000-04:00,134414,2026-03-08T23:45:24Z
10404673,218085,Zach Hyman,EDM,F,Plus/Minus,0.5,demon,False,VGK,,,2026-03-08T21:30:00.000-04:00,134414,2026-03-08T23:45:24Z
10404674,218085,Zach Hyman,EDM,F,Points,0.5,goblin,False,VGK,,,2026-03-08T21:30:00.000-04:00,134414,2026-03-08T23:45:24Z
10404675,218085,Zach Hyman,EDM,F,Power Play Points,0.5,demon,False,VGK,,,2026-03-08T21:30:00.000-04:00,134414,2026-03-08T23:45:24Z
10404814,218569,Jack Eichel,VGK,F,Points,0.5,goblin,False,EDM,,,2026-03-08T21:30:00.000-04:00,134414,2026-03-08T23:45:24Z
10404816,57828,Leon Draisaitl,EDM,F,Points,0.5,goblin,False,VGK,,,2026-03-08T21:30:00.000-04:00,134414,2026-03-08T23:45:24Z
10406335,236292,Trent Frederic,EDM,F,Points,0.5,demon,False,VGK,,,2026-03-08T21:30:00.000-04:00,134414,2026-03-08T23:45:24Z
10406336,271586,Ty Emberson,EDM,D,Points,0.5,demon,False,VGK,,,2026-03-08T21:30:00.000-04:00,134414,2026-03-08T23:45:24Z
10406337,237359,Vasily Podkolzin,EDM,F,Points,0.5,demon,False,VGK,,,2026-03-08T21:30:00.000-04:00,134414,2026-03-08T23:45:24Z
10406541,190234,Adam Henrique,EDM,F,Assists,0.5,demon,False,VGK,,,2026-03-08T21:30:00.000-04:00,134414,2026-03-08T23:45:24Z
10406542,190234,Adam Henrique,EDM,F,Points,0.5,demon,False,VGK,,,2026-03-08T21:30:00.000-04:00,134414,2026-03-08T23:45:24Z
10406543,229159,Brandon Saad,VGK,F,Assists,0.5,demon,False,EDM,,,2026-03-08T21:30:00.000-04:00,134414,2026-03-08T23:45:24Z
10406544,229159,Brandon Saad,VGK,F,Points,0.5,demon,False,EDM,,,2026-03-08T21:30:00.000-04:00,134414,2026-03-08T23:45:24Z
10406545,218581,Brayden McNabb,VGK,D,Assists,0.5,demon,False,EDM,,,2026-03-08T21:30:00.000-04:00,134414,2026-03-08T23:45:24Z
10406546,218581,Brayden McNabb,VGK,D,Points,0.5,demon,False,EDM,,,2026-03-08T21:30:00.000-04:00,134414,2026-03-08T23:45:24Z
10406547,304529,Cole Smith,VGK,F,Assists,0.5,demon,False,EDM,,,2026-03-08T21:30:00.000-04:00,134414,2026-03-08T23:45:24Z
10406548,304529,Cole Smith,VGK,F,Points,0.5,demon,False,EDM,,,2026-03-08T21:30:00.000-04:00,134414,2026-03-08T23:45:24Z
10406549,305122,Colton Dach,EDM,F,Assists,0.5,demon,False,VGK,,,2026-03-08T21:30:00.000-04:00,134414,2026-03-08T23:45:24Z
10406550,305122,Colton Dach,EDM,F,Points,0.5,demon,False,VGK,,,2026-03-08T21:30:00.000-04:00,134414,2026-03-08T23:45:24Z
10406551,267799,Colton Sissons,VGK,F,Assists,0.5,demon,False,EDM,,,2026-03-08T21:30:00.000-04:00,134414,2026-03-08T23:45:24Z
10406552,267799,Colton Sissons,VGK,F,Points,0.5,demon,False,EDM,,,2026-03-08T21:30:00.000-04:00,134414,2026-03-08T23:45:24Z
10406553,304841,Connor Murphy,EDM,D,Assists,0.5,demon,False,VGK,,,2026-03-08T21:30:00.000-04:00,134414,2026-03-08T23:45:24Z
10406554,304841,Connor Murphy,EDM,D,Points,0.5,demon,False,VGK,,,2026-03-08T21:30:00.000-04:00,134414,2026-03-08T23:45:24Z
10406555,58027,Darnell Nurse,EDM,D,Assists,0.5,demon,False,VGK,,,2026-03-08T21:30:00.000-04:00,134414,2026-03-08T23:45:24Z
10406556,58027,Darnell Nurse,EDM,D,Points,0.5,demon,False,VGK,,,2026-03-08T21:30:00.000-04:00,134414,2026-03-08T23:45:24Z
10406557,268939,Jack Roslovic,EDM,F,Assists,0.5,demon,False,VGK,,,2026-03-08T21:30:00.000-04:00,134414,2026-03-08T23:45:24Z
10406558,268939,Jack Roslovic,EDM,F,Points,0.5,demon,False,VGK,,,2026-03-08T21:30:00.000-04:00,134414,2026-03-08T23:45:24Z
10406559,304794,Jason Dickinson,EDM,F,Assists,0.5,demon,False,VGK,,,2026-03-08T21:30:00.000-04:00,134414,2026-03-08T23:45:24Z
10406560,304794,Jason Dickinson,EDM,F,Points,0.5,demon,False,VGK,,,2026-03-08T21:30:00.000-04:00,134414,2026-03-08T23:45:24Z
10406561,267943,Jeremy Lauzon,VGK,D,Assists,0.5,demon,False,EDM,,,2026-03-08T21:30:00.000-04:00,134414,2026-03-08T23:45:24Z
10406562,267943,Jeremy Lauzon,VGK,D,Points,0.5,demon,False,EDM,,,2026-03-08T21:30:00.000-04:00,134414,2026-03-08T23:45:24Z
10406563,278813,Kaedan Korczak,VGK,D,Assists,0.5,demon,False,EDM,,,2026-03-08T21:30:00.000-04:00,134414,2026-03-08T23:45:24Z
10406564,278813,Kaedan Korczak,VGK,D,Points,0.5,demon,False,EDM,,,2026-03-08T21:30:00.000-04:00,134414,2026-03-08T23:45:24Z
10406565,240350,Kasperi Kapanen,EDM,F,Assists,0.5,demon,False,VGK,,,2026-03-08T21:30:00.000-04:00,134414,2026-03-08T23:45:24Z
10406566,240350,Kasperi Kapanen,EDM,F,Points,0.5,demon,False,VGK,,,2026-03-08T21:30:00.000-04:00,134414,2026-03-08T23:45:24Z
10406567,218579,Keegan Kolesar,VGK,F,Assists,0.5,demon,False,EDM,,,2026-03-08T21:30:00.000-04:00,134414,2026-03-08T23:45:24Z
10406568,218579,Keegan Kolesar,VGK,F,Points,0.5,demon,False,EDM,,,2026-03-08T21:30:00.000-04:00,134414,2026-03-08T23:45:24Z
10406569,304861,Nic Dowd,VGK,F,Assists,0.5,demon,False,EDM,,,2026-03-08T21:30:00.000-04:00,134414,2026-03-08T23:45:24Z
10406570,304861,Nic Dowd,VGK,F,Points,0.5,demon,False,EDM,,,2026-03-08T21:30:00.000-04:00,134414,2026-03-08T23:45:24Z
10406571,57767,Reilly Smith,VGK,F,Assists,0.5,demon,False,EDM,,,2026-03-08T21:30:00.000-04:00,134414,2026-03-08T23:45:24Z
10406572,57767,Reilly Smith,VGK,F,Points,0.5,demon,False,EDM,,,2026-03-08T21:30:00.000-04:00,134414,2026-03-08T23:45:24Z
10406573,236292,Trent Frederic,EDM,F,Assists,0.5,demon,False,VGK,,,2026-03-08T21:30:00.000-04:00,134414,2026-03-08T23:45:24Z
10406574,271586,Ty Emberson,EDM,D,Assists,0.5,demon,False,VGK,,,2026-03-08T21:30:00.000-04:00,134414,2026-03-08T23:45:24Z
10406575,237359,Vasily Podkolzin,EDM,F,Assists,0.5,demon,False,VGK,,,2026-03-08T21:30:00.000-04:00,134414,2026-03-08T23:45:24Z
10409912,87700,Brett Howden,VGK,F,Goals,0.5,demon,False,EDM,,,2026-03-08T21:30:00.000-04:00,134414,2026-03-08T23:45:24Z
10410419,218573,Noah Hanifin,VGK,D,Shots On Goal,0.5,goblin,False,EDM,,,2026-03-08T21:30:00.000-04:00,134414,2026-03-08T23:45:24Z
10420726,272057,Ben Hutton,VGK,D,Goals,0.5,demon,False,EDM,,,2026-03-08T21:30:00.000-04:00,134414,2026-03-08T23:45:24Z
10410441,218255,Adam Fantilli,CBJ,F,Goals,0.5,demon,False,LA,,,2026-03-09T16:00:00.000-04:00,122812,2026-03-08T23:45:24Z
10410442,57769,Adrian Kempe,LA,F,Goals,0.5,demon,False,CBJ,,,2026-03-09T16:00:00.000-04:00,122812,2026-03-08T23:45:24Z
10410443,173242,Alex Laferriere,LA,F,Goals,0.5,demon,False,CBJ,,,2026-03-09T16:00:00.000-04:00,122812,2026-03-08T23:45:24Z
10410444,218070,Anze Kopitar,LA,F,Goals,0.5,demon,False,CBJ,,,2026-03-09T16:00:00.000-04:00,122812,2026-03-08T23:45:24Z
10410445,302130,Artemi Panarin,LA,F,Goals,0.5,demon,False,CBJ,,,2026-03-09T16:00:00.000-04:00,122812,2026-03-08T23:45:24Z
10410446,57978,Boone Jenner,CBJ,F,Goals,0.5,demon,False,LA,,,2026-03-09T16:00:00.000-04:00,122812,2026-03-08T23:45:24Z
10410447,221574,Brandt Clarke,LA,D,Goals,0.5,demon,False,CBJ,,,2026-03-09T16:00:00.000-04:00,122812,2026-03-08T23:45:24Z
10410448,265265,Charlie Coyle,CBJ,F,Goals,0.5,demon,False,LA,,,2026-03-09T16:00:00.000-04:00,122812,2026-03-08T23:45:24Z
10410449,218260,Cole Sillinger,CBJ,F,Goals,0.5,demon,False,LA,,,2026-03-09T16:00:00.000-04:00,122812,2026-03-08T23:45:24Z
10410450,305144,Conor Garland,CBJ,F,Goals,0.5,demon,False,LA,,,2026-03-09T16:00:00.000-04:00,122812,2026-03-08T23:45:24Z
10410451,219949,Dante Fabbro,CBJ,D,Goals,0.5,demon,False,LA,,,2026-03-09T16:00:00.000-04:00,122812,2026-03-08T23:45:24Z
10410452,289936,Danton Heinen,CBJ,F,Goals,0.5,demon,False,LA,,,2026-03-09T16:00:00.000-04:00,122812,2026-03-08T23:45:24Z
10410453,271232,Denton Mateychuk,CBJ,D,Goals,0.5,demon,False,LA,,,2026-03-09T16:00:00.000-04:00,122812,2026-03-08T23:45:24Z
10410454,182263,Dmitri Voronkov,CBJ,F,Goals,0.5,demon,False,LA,,,2026-03-09T16:00:00.000-04:00,122812,2026-03-08T23:45:24Z
10410455,57763,Drew Doughty,LA,D,Goals,0.5,demon,False,CBJ,,,2026-03-09T16:00:00.000-04:00,122812,2026-03-08T23:45:24Z
10410456,268029,Isac Lundestrom,CBJ,F,Goals,0.5,demon,False,LA,,,2026-03-09T16:00:00.000-04:00,122812,2026-03-08T23:45:24Z
10410457,172391,Ivan Provorov,CBJ,D,Goals,0.5,demon,False,LA,,,2026-03-09T16:00:00.000-04:00,122812,2026-03-08T23:45:24Z
10410458,267634,Joel Armia,LA,F,Goals,0.5,demon,False,CBJ,,,2026-03-09T16:00:00.000-04:00,122812,2026-03-08T23:45:24Z
10410459,88056,Kent Johnson,CBJ,F,Goals,0.5,demon,False,LA,,,2026-03-09T16:00:00.000-04:00,122812,2026-03-08T23:45:24Z
10410460,218256,Kirill Marchenko,CBJ,F,Goals,0.5,demon,False,LA,,,2026-03-09T16:00:00.000-04:00,122812,2026-03-08T23:45:24Z
10410461,218320,Mathieu Olivier,CBJ,F,Goals,0.5,demon,False,LA,,,2026-03-09T16:00:00.000-04:00,122812,2026-03-08T23:45:24Z
10410462,268031,Miles Wood,CBJ,F,Goals,0.5,demon,False,LA,,,2026-03-09T16:00:00.000-04:00,122812,2026-03-08T23:45:24Z
10410463,86998,Quinton Byfield,LA,F,Goals,0.5,demon,False,CBJ,,,2026-03-09T16:00:00.000-04:00,122812,2026-03-08T23:45:24Z
10410464,267635,Samuel Helenius,LA,F,Goals,0.5,demon,False,CBJ,,,2026-03-09T16:00:00.000-04:00,122812,2026-03-08T23:45:24Z
10410465,305206,Scott Laughton,LA,F,Goals,0.5,demon,False,CBJ,,,2026-03-09T16:00:00.000-04:00,122812,2026-03-08T23:45:24Z
10410466,218259,Sean Monahan,CBJ,F,Goals,0.5,demon,False,LA,,,2026-03-09T16:00:00.000-04:00,122812,2026-03-08T23:45:24Z
10410467,59042,Trevor Moore,LA,F,Goals,0.5,demon,False,CBJ,,,2026-03-09T16:00:00.000-04:00,122812,2026-03-08T23:45:24Z
10410468,218289,Zach Werenski,CBJ,D,Goals,0.5,demon,False,LA,,,2026-03-09T16:00:00.000-04:00,122812,2026-03-08T23:45:24Z
10416941,267631,Alex Turcotte,LA,F,Goals,0.5,demon,False,CBJ,,,2026-03-09T16:00:00.000-04:00,122812,2026-03-08T23:45:24Z
10416944,305296,Jared Wright,LA,F,Goals,0.5,demon,False,CBJ,,,2026-03-09T16:00:00.000-04:00,122812,2026-03-08T23:45:24Z
10416947,287698,Mason Marchment,CBJ,F,Goals,0.5,demon,False,LA,,,2026-03-09T16:00:00.000-04:00,122812,2026-03-08T23:45:24Z
10416949,291084,Taylor Ward,LA,F,Goals,0.5,demon,False,CBJ,,,2026-03-09T16:00:00.000-04:00,122812,2026-03-08T23:45:24Z
10421353,218655,Mika Zibanejad,NYR,F,Shots On Goal,4.5,demon,False,PHI,,,2026-03-09T19:00:00.000-04:00,134416,2026-03-08T23:45:24Z
10421335,218657,Adam Fox,NYR,D,Shots On Goal,3.5,demon,False,PHI,,,2026-03-09T19:00:00.000-04:00,134416,2026-03-08T23:45:24Z
10421341,59488,Alexis Lafreniere,NYR,F,Shots On Goal,3.5,demon,False,PHI,,,2026-03-09T19:00:00.000-04:00,134416,2026-03-08T23:45:24Z
10421352,218655,Mika Zibanejad,NYR,F,Shots On Goal,3.5,demon,False,PHI,,,2026-03-09T19:00:00.000-04:00,134416,2026-03-08T23:45:24Z
10421360,218652,Vincent Trocheck,NYR,F,Shots On Goal,3.5,demon,False,PHI,,,2026-03-09T19:00:00.000-04:00,134416,2026-03-08T23:45:24Z
10421364,218685,Will Cuylle,NYR,F,Shots On Goal,3.5,demon,False,PHI,,,2026-03-09T19:00:00.000-04:00,134416,2026-03-08T23:45:24Z
10421334,218657,Adam Fox,NYR,D,Shots On Goal,2.5,demon,False,PHI,,,2026-03-09T19:00:00.000-04:00,134416,2026-03-08T23:45:24Z
10421340,59488,Alexis Lafreniere,NYR,F,Shots On Goal,2.5,demon,False,PHI,,,2026-03-09T19:00:00.000-04:00,134416,2026-03-08T23:45:24Z
10421355,218655,Mika Zibanejad,NYR,F,Shots On Goal,2.5,goblin,False,PHI,,,2026-03-09T19:00:00.000-04:00,134416,2026-03-08T23:45:24Z
10421359,218652,Vincent Trocheck,NYR,F,Shots On Goal,2.5,demon,False,PHI,,,2026-03-09T19:00:00.000-04:00,134416,2026-03-08T23:45:24Z
10421363,218685,Will Cuylle,NYR,F,Shots On Goal,2.5,demon,False,PHI,,,2026-03-09T19:00:00.000-04:00,134416,2026-03-08T23:45:24Z
10421336,218657,Adam Fox,NYR,D,Shots On Goal,1.5,goblin,False,PHI,,,2026-03-09T19:00:00.000-04:00,134416,2026-03-08T23:45:24Z
10421342,59488,Alexis Lafreniere,NYR,F,Shots On Goal,1.5,goblin,False,PHI,,,2026-03-09T19:00:00.000-04:00,134416,2026-03-08T23:45:24Z
10421354,218655,Mika Zibanejad,NYR,F,Shots On Goal,1.5,goblin,False,PHI,,,2026-03-09T19:00:00.000-04:00,134416,2026-03-08T23:45:24Z
10421361,218652,Vincent Trocheck,NYR,F,Shots On Goal,1.5,goblin,False,PHI,,,2026-03-09T19:00:00.000-04:00,134416,2026-03-08T23:45:24Z
10421365,218685,Will Cuylle,NYR,F,Shots On Goal,1.5,goblin,False,PHI,,,2026-03-09T19:00:00.000-04:00,134416,2026-03-08T23:45:24Z
10415420,218657,Adam Fox,NYR,D,Goals,0.5,demon,False,PHI,,,2026-03-09T19:00:00.000-04:00,134416,2026-03-08T23:45:24Z
10415421,59488,Alexis Lafreniere,NYR,F,Goals,0.5,demon,False,PHI,,,2026-03-09T19:00:00.000-04:00,134416,2026-03-08T23:45:24Z
10415422,93845,Cam York,PHI,D,Goals,0.5,demon,False,NYR,,,2026-03-09T19:00:00.000-04:00,134416,2026-03-08T23:45:24Z
10415423,268434,Carl Grundstrom,PHI,F,Goals,0.5,demon,False,NYR,,,2026-03-09T19:00:00.000-04:00,134416,2026-03-08T23:45:24Z
10415424,268079,Christian Dvorak,PHI,F,Goals,0.5,demon,False,NYR,,,2026-03-09T19:00:00.000-04:00,134416,2026-03-08T23:45:24Z
10415425,267725,Conor Sheary,NYR,F,Goals,0.5,demon,False,PHI,,,2026-03-09T19:00:00.000-04:00,134416,2026-03-08T23:45:24Z
10415426,287617,Denver Barkey,PHI,F,Goals,0.5,demon,False,NYR,,,2026-03-09T19:00:00.000-04:00,134416,2026-03-08T23:45:24Z
10415427,218297,Garnet Hathaway,PHI,F,Goals,0.5,demon,False,NYR,,,2026-03-09T19:00:00.000-04:00,134416,2026-03-08T23:45:24Z
10415428,185311,Jamie Drysdale,PHI,D,Goals,0.5,demon,False,NYR,,,2026-03-09T19:00:00.000-04:00,134416,2026-03-08T23:45:24Z
10415429,218271,Matvei Michkov,PHI,F,Goals,0.5,demon,False,NYR,,,2026-03-09T19:00:00.000-04:00,134416,2026-03-08T23:45:24Z
10415430,218655,Mika Zibanejad,NYR,F,Goals,0.5,demon,False,PHI,,,2026-03-09T19:00:00.000-04:00,134416,2026-03-08T23:45:24Z
10415431,269018,Nikita Grebenkin,PHI,F,Goals,0.5,demon,False,NYR,,,2026-03-09T19:00:00.000-04:00,134416,2026-03-08T23:45:24Z
10415432,63587,Noah Cates,PHI,F,Goals,0.5,demon,False,NYR,,,2026-03-09T19:00:00.000-04:00,134416,2026-03-08T23:45:24Z
10415433,267733,Noah Laba,NYR,F,Goals,0.5,demon,False,PHI,,,2026-03-09T19:00:00.000-04:00,134416,2026-03-08T23:45:24Z
10415434,218221,Owen Tippett,PHI,F,Goals,0.5,demon,False,NYR,,,2026-03-09T19:00:00.000-04:00,134416,2026-03-08T23:45:24Z
10415435,218296,Sean Couturier,PHI,F,Goals,0.5,demon,False,NYR,,,2026-03-09T19:00:00.000-04:00,134416,2026-03-08T23:45:24Z
10415436,267628,Taylor Raddysh,NYR,F,Goals,0.5,demon,False,PHI,,,2026-03-09T19:00:00.000-04:00,134416,2026-03-08T23:45:24Z
10415437,218222,Travis Konecny,PHI,F,Goals,0.5,demon,False,NYR,,,2026-03-09T19:00:00.000-04:00,134416,2026-03-08T23:45:24Z
10415438,218272,Travis Sanheim,PHI,D,Goals,0.5,demon,False,NYR,,,2026-03-09T19:00:00.000-04:00,134416,2026-03-08T23:45:24Z
10415439,268081,Trevor Zegras,PHI,F,Goals,0.5,demon,False,NYR,,,2026-03-09T19:00:00.000-04:00,134416,2026-03-08T23:45:24Z
10415440,303677,Tye Kartye,NYR,F,Goals,0.5,demon,False,PHI,,,2026-03-09T19:00:00.000-04:00,134416,2026-03-08T23:45:24Z
10415441,218652,Vincent Trocheck,NYR,F,Goals,0.5,demon,False,PHI,,,2026-03-09T19:00:00.000-04:00,134416,2026-03-08T23:45:24Z
10415442,267629,Vladislav Gavrikov,NYR,D,Goals,0.5,demon,False,PHI,,,2026-03-09T19:00:00.000-04:00,134416,2026-03-08T23:45:24Z
10415443,218685,Will Cuylle,NYR,F,Goals,0.5,demon,False,PHI,,,2026-03-09T19:00:00.000-04:00,134416,2026-03-08T23:45:24Z
10416458,305708,Alex Bump,PHI,F,Goals,0.5,demon,False,NYR,,,2026-03-09T19:00:00.000-04:00,134416,2026-03-08T23:45:24Z
10416460,303263,Brendan Brisson,NYR,F,Goals,0.5,demon,False,PHI,,,2026-03-09T19:00:00.000-04:00,134416,2026-03-08T23:45:24Z
10415396,218565,Alex Ovechkin,WSH,F,Goals,1.5,demon,False,CGY,,,2026-03-09T19:00:00.000-04:00,134415,2026-03-08T23:45:24Z
10415417,218567,Tom Wilson,WSH,F,Goals,1.5,demon,False,CGY,,,2026-03-09T19:00:00.000-04:00,134415,2026-03-08T23:45:24Z
10415394,235429,Adam Klapka,CGY,F,Goals,0.5,demon,False,WSH,,,2026-03-09T19:00:00.000-04:00,134415,2026-03-08T23:45:24Z
10415395,218565,Alex Ovechkin,WSH,F,Goals,0.5,demon,False,CGY,,,2026-03-09T19:00:00.000-04:00,134415,2026-03-08T23:45:24Z
10415397,184753,Aliaksei Protas,WSH,F,Goals,0.5,demon,False,CGY,,,2026-03-09T19:00:00.000-04:00,134415,2026-03-08T23:45:24Z
10415398,231031,Anthony Beauvillier,WSH,F,Goals,0.5,demon,False,CGY,,,2026-03-09T19:00:00.000-04:00,134415,2026-03-08T23:45:24Z
10415399,218235,Blake Coleman,CGY,F,Goals,0.5,demon,False,WSH,,,2026-03-09T19:00:00.000-04:00,134415,2026-03-08T23:45:24Z
10415400,237156,Brandon Duhaime,WSH,F,Goals,0.5,demon,False,CGY,,,2026-03-09T19:00:00.000-04:00,134415,2026-03-08T23:45:24Z
10415401,61871,Connor McMichael,WSH,F,Goals,0.5,demon,False,CGY,,,2026-03-09T19:00:00.000-04:00,134415,2026-03-08T23:45:24Z
10415402,218703,Connor Zary,CGY,F,Goals,0.5,demon,False,WSH,,,2026-03-09T19:00:00.000-04:00,134415,2026-03-08T23:45:24Z
10415403,305203,David Kampf,WSH,F,Goals,0.5,demon,False,CGY,,,2026-03-09T19:00:00.000-04:00,134415,2026-03-08T23:45:24Z
10415404,87042,Dylan Strome,WSH,F,Goals,0.5,demon,False,CGY,,,2026-03-09T19:00:00.000-04:00,134415,2026-03-08T23:45:24Z
10415405,272339,Ethen Frank,WSH,F,Goals,0.5,demon,False,CGY,,,2026-03-09T19:00:00.000-04:00,134415,2026-03-08T23:45:24Z
10415406,219643,Jakob Chychrun,WSH,D,Goals,0.5,demon,False,CGY,,,2026-03-09T19:00:00.000-04:00,134415,2026-03-08T23:45:24Z
10415407,231996,Joel Farabee,CGY,F,Goals,0.5,demon,False,WSH,,,2026-03-09T19:00:00.000-04:00,134415,2026-03-08T23:45:24Z
10415408,267673,Justin Sourdif,WSH,F,Goals,0.5,demon,False,CGY,,,2026-03-09T19:00:00.000-04:00,134415,2026-03-08T23:45:24Z
10415409,173353,Matt Coronato,CGY,F,Goals,0.5,demon,False,WSH,,,2026-03-09T19:00:00.000-04:00,134415,2026-03-08T23:45:24Z
10415410,267802,Matvei Gridin,CGY,F,Goals,0.5,demon,False,WSH,,,2026-03-09T19:00:00.000-04:00,134415,2026-03-08T23:45:24Z
10415411,218240,Mikael Backlund,CGY,F,Goals,0.5,demon,False,WSH,,,2026-03-09T19:00:00.000-04:00,134415,2026-03-08T23:45:24Z
10415412,226754,Morgan Frost,CGY,F,Goals,0.5,demon,False,WSH,,,2026-03-09T19:00:00.000-04:00,134415,2026-03-08T23:45:24Z
10415413,218574,Pierre-Luc Dubois,WSH,F,Goals,0.5,demon,False,CGY,,,2026-03-09T19:00:00.000-04:00,134415,2026-03-08T23:45:24Z
10415414,233970,Ryan Leonard,WSH,F,Goals,0.5,demon,False,CGY,,,2026-03-09T19:00:00.000-04:00,134415,2026-03-08T23:45:24Z
10415415,305207,Ryan Strome,CGY,F,Goals,0.5,demon,False,WSH,,,2026-03-09T19:00:00.000-04:00,134415,2026-03-08T23:45:24Z
10415416,218567,Tom Wilson,WSH,F,Goals,0.5,demon,False,CGY,,,2026-03-09T19:00:00.000-04:00,134415,2026-03-08T23:45:24Z
10415418,305208,Victor Olofsson,CGY,F,Goals,0.5,demon,False,WSH,,,2026-03-09T19:00:00.000-04:00,134415,2026-03-08T23:45:24Z
10415419,218650,Yegor Sharangovich,CGY,F,Goals,0.5,demon,False,WSH,,,2026-03-09T19:00:00.000-04:00,134415,2026-03-08T23:45:24Z
10418614,218292,Martin Pospisil,CGY,F,Goals,0.5,demon,False,WSH,,,2026-03-09T19:00:00.000-04:00,134415,2026-03-08T23:45:24Z
10416774,218572,Connor Bedard,CHI,F,Shots On Goal,5.5,demon,False,UTA,,,2026-03-09T20:30:00.000-04:00,134715,2026-03-08T23:45:24Z
10416786,218263,Dylan Guenther,UTA,F,Shots On Goal,5.5,demon,False,CHI,,,2026-03-09T20:30:00.000-04:00,134715,2026-03-08T23:45:24Z
10416762,218280,Clayton Keller,UTA,F,Shots On Goal,4.5,demon,False,CHI,,,2026-03-09T20:30:00.000-04:00,134715,2026-03-08T23:45:24Z
10416773,218572,Connor Bedard,CHI,F,Shots On Goal,4.5,demon,False,UTA,,,2026-03-09T20:30:00.000-04:00,134715,2026-03-08T23:45:24Z
10416785,218263,Dylan Guenther,UTA,F,Shots On Goal,4.5,demon,False,CHI,,,2026-03-09T20:30:00.000-04:00,134715,2026-03-08T23:45:24Z
10416761,218280,Clayton Keller,UTA,F,Shots On Goal,3.5,demon,False,CHI,,,2026-03-09T20:30:00.000-04:00,134715,2026-03-08T23:45:24Z
10416772,218572,Connor Bedard,CHI,F,Shots On Goal,3.5,demon,False,UTA,,,2026-03-09T20:30:00.000-04:00,134715,2026-03-08T23:45:24Z
10416784,218263,Dylan Guenther,UTA,F,Shots On Goal,3.5,demon,False,CHI,,,2026-03-09T20:30:00.000-04:00,134715,2026-03-08T23:45:24Z
10416795,305430,MacKenzie Weegar,UTA,D,Shots On Goal,3.5,demon,False,CHI,,,2026-03-09T20:30:00.000-04:00,134715,2026-03-08T23:45:24Z
10416807,215671,Nick Schmaltz,UTA,F,Shots On Goal,3.5,demon,False,CHI,,,2026-03-09T20:30:00.000-04:00,134715,2026-03-08T23:45:24Z
10416775,218572,Connor Bedard,CHI,F,Shots On Goal,2.5,goblin,False,UTA,,,2026-03-09T20:30:00.000-04:00,134715,2026-03-08T23:45:24Z
10416787,218263,Dylan Guenther,UTA,F,Shots On Goal,2.5,goblin,False,CHI,,,2026-03-09T20:30:00.000-04:00,134715,2026-03-08T23:45:24Z
10416794,305430,MacKenzie Weegar,UTA,D,Shots On Goal,2.5,demon,False,CHI,,,2026-03-09T20:30:00.000-04:00,134715,2026-03-08T23:45:24Z
10416801,218265,Mikhail Sergachev,UTA,D,Shots On Goal,2.5,demon,False,CHI,,,2026-03-09T20:30:00.000-04:00,134715,2026-03-08T23:45:24Z
10416808,215671,Nick Schmaltz,UTA,F,Shots On Goal,2.5,demon,False,CHI,,,2026-03-09T20:30:00.000-04:00,134715,2026-03-08T23:45:24Z
10416763,218280,Clayton Keller,UTA,F,Shots On Goal,1.5,goblin,False,CHI,,,2026-03-09T20:30:00.000-04:00,134715,2026-03-08T23:45:24Z
10416796,305430,MacKenzie Weegar,UTA,D,Shots On Goal,1.5,goblin,False,CHI,,,2026-03-09T20:30:00.000-04:00,134715,2026-03-08T23:45:24Z
10416802,218265,Mikhail Sergachev,UTA,D,Shots On Goal,1.5,goblin,False,CHI,,,2026-03-09T20:30:00.000-04:00,134715,2026-03-08T23:45:24Z
10416809,215671,Nick Schmaltz,UTA,F,Shots On Goal,1.5,goblin,False,CHI,,,2026-03-09T20:30:00.000-04:00,134715,2026-03-08T23:45:24Z
10415444,267614,Andre Burakovsky,CHI,F,Goals,0.5,demon,False,UTA,,,2026-03-09T20:30:00.000-04:00,134715,2026-03-08T23:45:24Z
10415445,215510,Barrett Hayton,UTA,F,Goals,0.5,demon,False,CHI,,,2026-03-09T20:30:00.000-04:00,134715,2026-03-08T23:45:24Z
10415446,268545,Brandon Tanev,UTA,F,Goals,0.5,demon,False,CHI,,,2026-03-09T20:30:00.000-04:00,134715,2026-03-08T23:45:24Z
10415447,218280,Clayton Keller,UTA,F,Goals,0.5,demon,False,CHI,,,2026-03-09T20:30:00.000-04:00,134715,2026-03-08T23:45:24Z
10415448,218572,Connor Bedard,CHI,F,Goals,0.5,demon,False,UTA,,,2026-03-09T20:30:00.000-04:00,134715,2026-03-08T23:45:24Z
10415449,218263,Dylan Guenther,UTA,F,Goals,0.5,demon,False,CHI,,,2026-03-09T20:30:00.000-04:00,134715,2026-03-08T23:45:24Z
10415450,230314,Frank Nazar,CHI,F,Goals,0.5,demon,False,UTA,,,2026-03-09T20:30:00.000-04:00,134715,2026-03-08T23:45:24Z
10415451,226252,Ilya Mikheyev,CHI,F,Goals,0.5,demon,False,UTA,,,2026-03-09T20:30:00.000-04:00,134715,2026-03-08T23:45:24Z
10415452,268288,JJ Peterka,UTA,F,Goals,0.5,demon,False,CHI,,,2026-03-09T20:30:00.000-04:00,134715,2026-03-08T23:45:24Z
10415453,218308,Jack McBain,UTA,F,Goals,0.5,demon,False,CHI,,,2026-03-09T20:30:00.000-04:00,134715,2026-03-08T23:45:24Z
10415454,268546,Kailer Yamamoto,UTA,F,Goals,0.5,demon,False,CHI,,,2026-03-09T20:30:00.000-04:00,134715,2026-03-08T23:45:24Z
10415455,268547,Kevin Stenlund,UTA,F,Goals,0.5,demon,False,CHI,,,2026-03-09T20:30:00.000-04:00,134715,2026-03-08T23:45:24Z
10415456,267618,Landon Slaggert,CHI,F,Goals,0.5,demon,False,UTA,,,2026-03-09T20:30:00.000-04:00,134715,2026-03-08T23:45:24Z
10415457,216053,Lawson Crouse,UTA,F,Goals,0.5,demon,False,CHI,,,2026-03-09T20:30:00.000-04:00,134715,2026-03-08T23:45:24Z
10415458,268943,Liam O'Brien,UTA,F,Goals,0.5,demon,False,CHI,,,2026-03-09T20:30:00.000-04:00,134715,2026-03-08T23:45:24Z
10415459,220958,Logan Cooley,UTA,F,Goals,0.5,demon,False,CHI,,,2026-03-09T20:30:00.000-04:00,134715,2026-03-08T23:45:24Z
10415460,269201,Matt Grzelcyk,CHI,D,Goals,0.5,demon,False,UTA,,,2026-03-09T20:30:00.000-04:00,134715,2026-03-08T23:45:24Z
10415461,268548,Michael Carcone,UTA,F,Goals,0.5,demon,False,CHI,,,2026-03-09T20:30:00.000-04:00,134715,2026-03-08T23:45:24Z
10415462,218265,Mikhail Sergachev,UTA,D,Goals,0.5,demon,False,CHI,,,2026-03-09T20:30:00.000-04:00,134715,2026-03-08T23:45:24Z
10415463,270012,Nate Schmidt,UTA,D,Goals,0.5,demon,False,CHI,,,2026-03-09T20:30:00.000-04:00,134715,2026-03-08T23:45:24Z
10415464,215671,Nick Schmaltz,UTA,F,Goals,0.5,demon,False,CHI,,,2026-03-09T20:30:00.000-04:00,134715,2026-03-08T23:45:24Z
10415465,268938,Oliver Moore,CHI,F,Goals,0.5,demon,False,UTA,,,2026-03-09T20:30:00.000-04:00,134715,2026-03-08T23:45:24Z
10415466,172023,Ryan Donato,CHI,F,Goals,0.5,demon,False,UTA,,,2026-03-09T20:30:00.000-04:00,134715,2026-03-08T23:45:24Z
10415467,267760,Ryan Greene,CHI,F,Goals,0.5,demon,False,UTA,,,2026-03-09T20:30:00.000-04:00,134715,2026-03-08T23:45:24Z
10415468,215507,Sean Durzi,UTA,D,Goals,0.5,demon,False,CHI,,,2026-03-09T20:30:00.000-04:00,134715,2026-03-08T23:45:24Z
10415469,216151,Teuvo Teravainen,CHI,F,Goals,0.5,demon,False,UTA,,,2026-03-09T20:30:00.000-04:00,134715,2026-03-08T23:45:24Z
10415470,216400,Tyler Bertuzzi,CHI,F,Goals,0.5,demon,False,UTA,,,2026-03-09T20:30:00.000-04:00,134715,2026-03-08T23:45:24Z
10416752,305082,Andrew Mangiapane,CHI,F,Goals,0.5,demon,False,UTA,,,2026-03-09T20:30:00.000-04:00,134715,2026-03-08T23:45:24Z
10416791,305430,MacKenzie Weegar,UTA,D,Goals,0.5,demon,False,CHI,,,2026-03-09T20:30:00.000-04:00,134715,2026-03-08T23:45:24Z
10415473,218268,Brady Tkachuk,OTT,F,Goals,1.5,demon,False,VAN,,,2026-03-09T21:00:00.000-04:00,134716,2026-03-08T23:45:24Z
10415471,268362,Aatu Raty,VAN,F,Goals,0.5,demon,False,OTT,,,2026-03-09T21:00:00.000-04:00,134716,2026-03-08T23:45:24Z
10415472,218268,Brady Tkachuk,OTT,F,Goals,0.5,demon,False,VAN,,,2026-03-09T21:00:00.000-04:00,134716,2026-03-08T23:45:24Z
10415474,57905,Brock Boeser,VAN,F,Goals,0.5,demon,False,OTT,,,2026-03-09T21:00:00.000-04:00,134716,2026-03-08T23:45:24Z
10415475,218662,Claude Giroux,OTT,F,Goals,0.5,demon,False,VAN,,,2026-03-09T21:00:00.000-04:00,134716,2026-03-08T23:45:24Z
10415476,305683,Curtis Douglas,VAN,F,Goals,0.5,demon,False,OTT,,,2026-03-09T21:00:00.000-04:00,134716,2026-03-08T23:45:24Z
10415477,218217,Drake Batherson,OTT,F,Goals,0.5,demon,False,VAN,,,2026-03-09T21:00:00.000-04:00,134716,2026-03-08T23:45:24Z
10415478,229218,Drew O'Connor,VAN,F,Goals,0.5,demon,False,OTT,,,2026-03-09T21:00:00.000-04:00,134716,2026-03-08T23:45:24Z
10415479,231106,Dylan Cozens,OTT,F,Goals,0.5,demon,False,VAN,,,2026-03-09T21:00:00.000-04:00,134716,2026-03-08T23:45:24Z
10415480,268364,Evander Kane,VAN,F,Goals,0.5,demon,False,OTT,,,2026-03-09T21:00:00.000-04:00,134716,2026-03-08T23:45:24Z
10415481,231708,Fabian Zetterlund,OTT,F,Goals,0.5,demon,False,VAN,,,2026-03-09T21:00:00.000-04:00,134716,2026-03-08T23:45:24Z
10415482,171358,Filip Hronek,VAN,D,Goals,0.5,demon,False,OTT,,,2026-03-09T21:00:00.000-04:00,134716,2026-03-08T23:45:24Z
10415483,215519,Jake DeBrusk,VAN,F,Goals,0.5,demon,False,OTT,,,2026-03-09T21:00:00.000-04:00,134716,2026-03-08T23:45:24Z
10415484,218220,Jake Sanderson,OTT,D,Goals,0.5,demon,False,VAN,,,2026-03-09T21:00:00.000-04:00,134716,2026-03-08T23:45:24Z
10415485,272276,Jordan Spence,OTT,D,Goals,0.5,demon,False,VAN,,,2026-03-09T21:00:00.000-04:00,134716,2026-03-08T23:45:24Z
10415486,268021,Lars Eller,OTT,F,Goals,0.5,demon,False,VAN,,,2026-03-09T21:00:00.000-04:00,134716,2026-03-08T23:45:24Z
10415487,286558,Liam Ohgren,VAN,F,Goals,0.5,demon,False,OTT,,,2026-03-09T21:00:00.000-04:00,134716,2026-03-08T23:45:24Z
10415488,268365,Linus Karlsson,VAN,F,Goals,0.5,demon,False,OTT,,,2026-03-09T21:00:00.000-04:00,134716,2026-03-08T23:45:24Z
10415489,286708,Marco Rossi,VAN,F,Goals,0.5,demon,False,OTT,,,2026-03-09T21:00:00.000-04:00,134716,2026-03-08T23:45:24Z
10415490,270999,Max Sasson,VAN,F,Goals,0.5,demon,False,OTT,,,2026-03-09T21:00:00.000-04:00,134716,2026-03-08T23:45:24Z
10415491,268022,Michael Amadio,OTT,F,Goals,0.5,demon,False,VAN,,,2026-03-09T21:00:00.000-04:00,134716,2026-03-08T23:45:24Z
10415492,223367,Nick Cousins,OTT,F,Goals,0.5,demon,False,VAN,,,2026-03-09T21:00:00.000-04:00,134716,2026-03-08T23:45:24Z
10415493,172192,Ridly Greig,OTT,F,Goals,0.5,demon,False,VAN,,,2026-03-09T21:00:00.000-04:00,134716,2026-03-08T23:45:24Z
10415494,88000,Shane Pinto,OTT,F,Goals,0.5,demon,False,VAN,,,2026-03-09T21:00:00.000-04:00,134716,2026-03-08T23:45:24Z
10415495,281303,Stephen Halliday,OTT,F,Goals,0.5,demon,False,VAN,,,2026-03-09T21:00:00.000-04:00,134716,2026-03-08T23:45:24Z
10415496,268366,Teddy Blueger,VAN,F,Goals,0.5,demon,False,OTT,,,2026-03-09T21:00:00.000-04:00,134716,2026-03-08T23:45:24Z
10415497,218269,Thomas Chabot,OTT,D,Goals,0.5,demon,False,VAN,,,2026-03-09T21:00:00.000-04:00,134716,2026-03-08T23:45:24Z
10415498,276194,Tom Willander,VAN,D,Goals,0.5,demon,False,OTT,,,2026-03-09T21:00:00.000-04:00,134716,2026-03-08T23:45:24Z
10415499,305145,Warren Foegele,OTT,F,Goals,0.5,demon,False,VAN,,,2026-03-09T21:00:00.000-04:00,134716,2026-03-08T23:45:24Z
10415500,286553,Zeev Buium,VAN,D,Goals,0.5,demon,False,OTT,,,2026-03-09T21:00:00.000-04:00,134716,2026-03-08T23:45:24Z
10417108,58183,Nils Hoglander,VAN,F,Goals,0.5,demon,False,OTT,,,2026-03-09T21:00:00.000-04:00,134716,2026-03-08T23:45:24Z
