projection_id,player_id,player_name,team,position,stat_type,line_score,pick_type,is_promo,description,away_team,home_team,game_start,game_id,fetched_at,stat_norm,player_role,opponent,is_home,nhl_player_id
10400434,218355,Jackson LaCombe,ANA,D,Time On Ice,24.5,standard,False,STL,STL,ANA,2026-03-08T21:00:00.000-04:00,134413,2026-03-08T23:45:24Z,time_on_ice,SKATER,STL,1,8481605
10400433,218282,Colton Parayko,STL,D,Time On Ice,21.5,standard,False,ANA,STL,ANA,2026-03-08T21:00:00.000-04:00,134413,2026-03-08T23:45:24Z,time_on_ice,SKATER,ANA,0,8476892
10400432,58601,Robert Thomas,STL,F,Time On Ice,19,standard,False,ANA,STL,ANA,2026-03-08T21:00:00.000-04:00,134413,2026-03-08T23:45:24Z,time_on_ice,SKATER,ANA,0,8480023
10411517,58601,Robert Thomas,STL,F,Faceoffs Won,9,standard,False,ANA,STL,ANA,2026-03-08T21:00:00.000-04:00,134413,2026-03-08T23:45:24Z,faceoffs_won,SKATER,ANA,0,8480023
10411710,305659,Cutter Gauthier + Pavel Buchnevich,ANA/STL,F,Shots On Goal (Combo),5.5,standard,False,STL/ANA,,,2026-03-08T21:00:00.000-04:00,134413,2026-03-08T23:45:24Z,shots_on_goal_(combo),SKATER,STL/ANA,0,8477402|8483445
10411652,294303,Jeffrey Viel,ANA,F,Hits,3,standard,False,STL,STL,ANA,2026-03-08T21:00:00.000-04:00,134413,2026-03-08T23:45:24Z,hits,SKATER,STL,1,8479705
10411663,189024,Ross Johnston,ANA,F,Hits,3,standard,False,STL,STL,ANA,2026-03-08T21:00:00.000-04:00,134413,2026-03-08T23:45:24Z,hits,SKATER,STL,1,8477527
10411646,218311,Dylan Holloway,STL,F,Hits,1.5,standard,False,ANA,STL,ANA,2026-03-08T21:00:00.000-04:00,134413,2026-03-08T23:45:24Z,hits,SKATER,ANA,0,8482077
10409600,215935,Cutter Gauthier,ANA,F,Shots On Goal,5.5,demon,False,STL,STL,ANA,2026-03-08T21:00:00.000-04:00,134413,2026-03-08T23:45:24Z,shots_on_goal,SKATER,STL,1,8483445
10409585,268295,Beckett Sennecke,ANA,F,Shots On Goal,4.5,demon,False,STL,STL,ANA,2026-03-08T21:00:00.000-04:00,134413,2026-03-08T23:45:24Z,shots_on_goal,SKATER,STL,1,8484762
10409599,215935,Cutter Gauthier,ANA,F,Shots On Goal,4.5,demon,False,STL,STL,ANA,2026-03-08T21:00:00.000-04:00,134413,2026-03-08T23:45:24Z,shots_on_goal,SKATER,STL,1,8483445
10409609,218311,Dylan Holloway,STL,F,Shots On Goal,4.5,demon,False,ANA,STL,ANA,2026-03-08T21:00:00.000-04:00,134413,2026-03-08T23:45:24Z,shots_on_goal,SKATER,ANA,0,8482077
10409632,58161,Jordan Kyrou,STL,F,Shots On Goal,4.5,demon,False,ANA,STL,ANA,2026-03-08T21:00:00.000-04:00,134413,2026-03-08T23:45:24Z,shots_on_goal,SKATER,ANA,0,8479385
10409639,173423,Leo Carlsson,ANA,F,Shots On Goal,4.5,demon,False,STL,STL,ANA,2026-03-08T21:00:00.000-04:00,134413,2026-03-08T23:45:24Z,shots_on_goal,SKATER,STL,1,8484153
10404543,215935,Cutter Gauthier,ANA,F,Shots On Goal,3.5,standard,False,STL,STL,ANA,2026-03-08T21:00:00.000-04:00,134413,2026-03-08T23:45:24Z,shots_on_goal,SKATER,STL,1,8483445
10409584,268295,Beckett Sennecke,ANA,F,Shots On Goal,3.5,demon,False,STL,STL,ANA,2026-03-08T21:00:00.000-04:00,134413,2026-03-08T23:45:24Z,shots_on_goal,SKATER,STL,1,8484762
10409608,218311,Dylan Holloway,STL,F,Shots On Goal,3.5,demon,False,ANA,STL,ANA,2026-03-08T21:00:00.000-04:00,134413,2026-03-08T23:45:24Z,shots_on_goal,SKATER,ANA,0,8482077
10409619,221656,Jacob Trouba,ANA,D,Shots On Goal,3.5,demon,False,STL,STL,ANA,2026-03-08T21:00:00.000-04:00,134413,2026-03-08T23:45:24Z,shots_on_goal,SKATER,STL,1,8476885
10409622,268035,Jimmy Snuggerud,STL,F,Shots On Goal,3.5,demon,False,ANA,STL,ANA,2026-03-08T21:00:00.000-04:00,134413,2026-03-08T23:45:24Z,shots_on_goal,SKATER,ANA,0,8483516
10409631,58161,Jordan Kyrou,STL,F,Shots On Goal,3.5,demon,False,ANA,STL,ANA,2026-03-08T21:00:00.000-04:00,134413,2026-03-08T23:45:24Z,shots_on_goal,SKATER,ANA,0,8479385
10409638,173423,Leo Carlsson,ANA,F,Shots On Goal,3.5,demon,False,STL,STL,ANA,2026-03-08T21:00:00.000-04:00,134413,2026-03-08T23:45:24Z,shots_on_goal,SKATER,STL,1,8484153
10409649,218232,Pavel Buchnevich,STL,F,Shots On Goal,3.5,demon,False,ANA,STL,ANA,2026-03-08T21:00:00.000-04:00,134413,2026-03-08T23:45:24Z,shots_on_goal,SKATER,ANA,0,8477402
10409955,218287,Alex Killorn,ANA,F,Shots On Goal,3.5,demon,False,STL,STL,ANA,2026-03-08T21:00:00.000-04:00,134413,2026-03-08T23:45:24Z,shots_on_goal,SKATER,STL,1,8473986
10409962,267737,Chris Kreider,ANA,F,Shots On Goal,3.5,demon,False,STL,STL,ANA,2026-03-08T21:00:00.000-04:00,134413,2026-03-08T23:45:24Z,shots_on_goal,SKATER,STL,1,8475184
10409970,218355,Jackson LaCombe,ANA,D,Shots On Goal,3.5,demon,False,STL,STL,ANA,2026-03-08T21:00:00.000-04:00,134413,2026-03-08T23:45:24Z,shots_on_goal,SKATER,STL,1,8481605
10409985,87297,Mason McTavish,ANA,F,Shots On Goal,3.5,demon,False,STL,STL,ANA,2026-03-08T21:00:00.000-04:00,134413,2026-03-08T23:45:24Z,shots_on_goal,SKATER,STL,1,8482745
10409992,267739,Mikael Granlund,ANA,F,Shots On Goal,3.5,demon,False,STL,STL,ANA,2026-03-08T21:00:00.000-04:00,134413,2026-03-08T23:45:24Z,shots_on_goal,SKATER,STL,1,8475798
10410000,58601,Robert Thomas,STL,F,Shots On Goal,3.5,demon,False,ANA,STL,ANA,2026-03-08T21:00:00.000-04:00,134413,2026-03-08T23:45:24Z,shots_on_goal,SKATER,ANA,0,8480023
10404529,268295,Beckett Sennecke,ANA,F,Shots On Goal,2.5,demon,False,STL,STL,ANA,2026-03-08T21:00:00.000-04:00,134413,2026-03-08T23:45:24Z,shots_on_goal,SKATER,STL,1,8484762
10404548,218311,Dylan Holloway,STL,F,Shots On Goal,2.5,demon,False,ANA,STL,ANA,2026-03-08T21:00:00.000-04:00,134413,2026-03-08T23:45:24Z,shots_on_goal,SKATER,ANA,0,8482077
10404572,268035,Jimmy Snuggerud,STL,F,Shots On Goal,2.5,demon,False,ANA,STL,ANA,2026-03-08T21:00:00.000-04:00,134413,2026-03-08T23:45:24Z,shots_on_goal,SKATER,ANA,0,8483516
10404580,173423,Leo Carlsson,ANA,F,Shots On Goal,2.5,demon,False,STL,STL,ANA,2026-03-08T21:00:00.000-04:00,134413,2026-03-08T23:45:24Z,shots_on_goal,SKATER,STL,1,8484153
10409578,218287,Alex Killorn,ANA,F,Shots On Goal,2.5,demon,False,STL,STL,ANA,2026-03-08T21:00:00.000-04:00,134413,2026-03-08T23:45:24Z,shots_on_goal,SKATER,STL,1,8473986
10409591,267737,Chris Kreider,ANA,F,Shots On Goal,2.5,demon,False,STL,STL,ANA,2026-03-08T21:00:00.000-04:00,134413,2026-03-08T23:45:24Z,shots_on_goal,SKATER,STL,1,8475184
10409601,215935,Cutter Gauthier,ANA,F,Shots On Goal,2.5,goblin,False,STL,STL,ANA,2026-03-08T21:00:00.000-04:00,134413,2026-03-08T23:45:24Z,shots_on_goal,SKATER,STL,1,8483445
10409615,218355,Jackson LaCombe,ANA,D,Shots On Goal,2.5,demon,False,STL,STL,ANA,2026-03-08T21:00:00.000-04:00,134413,2026-03-08T23:45:24Z,shots_on_goal,SKATER,STL,1,8481605
10409618,221656,Jacob Trouba,ANA,D,Shots On Goal,2.5,demon,False,STL,STL,ANA,2026-03-08T21:00:00.000-04:00,134413,2026-03-08T23:45:24Z,shots_on_goal,SKATER,STL,1,8476885
10409643,87297,Mason McTavish,ANA,F,Shots On Goal,2.5,demon,False,STL,STL,ANA,2026-03-08T21:00:00.000-04:00,134413,2026-03-08T23:45:24Z,shots_on_goal,SKATER,STL,1,8482745
10409648,218232,Pavel Buchnevich,STL,F,Shots On Goal,2.5,demon,False,ANA,STL,ANA,2026-03-08T21:00:00.000-04:00,134413,2026-03-08T23:45:24Z,shots_on_goal,SKATER,ANA,0,8477402
10409654,58601,Robert Thomas,STL,F,Shots On Goal,2.5,demon,False,ANA,STL,ANA,2026-03-08T21:00:00.000-04:00,134413,2026-03-08T23:45:24Z,shots_on_goal,SKATER,ANA,0,8480023
10409971,221656,Jacob Trouba,ANA,D,Blocked Shots,2.5,demon,False,STL,STL,ANA,2026-03-08T21:00:00.000-04:00,134413,2026-03-08T23:45:24Z,blocked_shots,SKATER,STL,1,8476885
10409991,267739,Mikael Granlund,ANA,F,Shots On Goal,2.5,demon,False,STL,STL,ANA,2026-03-08T21:00:00.000-04:00,134413,2026-03-08T23:45:24Z,shots_on_goal,SKATER,STL,1,8475798
10404534,267737,Chris Kreider,ANA,F,Points,1.5,demon,False,STL,STL,ANA,2026-03-08T21:00:00.000-04:00,134413,2026-03-08T23:45:24Z,points,SKATER,STL,1,8475184
10404536,267737,Chris Kreider,ANA,F,Shots On Goal,1.5,goblin,False,STL,STL,ANA,2026-03-08T21:00:00.000-04:00,134413,2026-03-08T23:45:24Z,shots_on_goal,SKATER,STL,1,8475184
10404537,218282,Colton Parayko,STL,D,Blocked Shots,1.5,goblin,False,ANA,STL,ANA,2026-03-08T21:00:00.000-04:00,134413,2026-03-08T23:45:24Z,blocked_shots,SKATER,ANA,0,8476892
10404540,215935,Cutter Gauthier,ANA,F,Points,1.5,demon,False,STL,STL,ANA,2026-03-08T21:00:00.000-04:00,134413,2026-03-08T23:45:24Z,points,SKATER,STL,1,8483445
10404545,218311,Dylan Holloway,STL,F,Points,1.5,demon,False,ANA,STL,ANA,2026-03-08T21:00:00.000-04:00,134413,2026-03-08T23:45:24Z,points,SKATER,ANA,0,8482077
10404554,218355,Jackson LaCombe,ANA,D,Points,1.5,demon,False,STL,STL,ANA,2026-03-08T21:00:00.000-04:00,134413,2026-03-08T23:45:24Z,points,SKATER,STL,1,8481605
10404557,218355,Jackson LaCombe,ANA,D,Shots On Goal,1.5,standard,False,STL,STL,ANA,2026-03-08T21:00:00.000-04:00,134413,2026-03-08T23:45:24Z,shots_on_goal,SKATER,STL,1,8481605
10404559,221656,Jacob Trouba,ANA,D,Blocked Shots,1.5,standard,False,STL,STL,ANA,2026-03-08T21:00:00.000-04:00,134413,2026-03-08T23:45:24Z,blocked_shots,SKATER,STL,1,8476885
10404563,221656,Jacob Trouba,ANA,D,Shots On Goal,1.5,goblin,False,STL,STL,ANA,2026-03-08T21:00:00.000-04:00,134413,2026-03-08T23:45:24Z,shots_on_goal,SKATER,STL,1,8476885
10404570,268035,Jimmy Snuggerud,STL,F,Points,1.5,demon,False,ANA,STL,ANA,2026-03-08T21:00:00.000-04:00,134413,2026-03-08T23:45:24Z,points,SKATER,ANA,0,8483516
10404577,173423,Leo Carlsson,ANA,F,Points,1.5,demon,False,STL,STL,ANA,2026-03-08T21:00:00.000-04:00,134413,2026-03-08T23:45:24Z,points,SKATER,STL,1,8484153
10404586,87297,Mason McTavish,ANA,F,Shots On Goal,1.5,goblin,False,STL,STL,ANA,2026-03-08T21:00:00.000-04:00,134413,2026-03-08T23:45:24Z,shots_on_goal,SKATER,STL,1,8482745
10404589,267739,Mikael Granlund,ANA,F,Points,1.5,demon,False,STL,STL,ANA,2026-03-08T21:00:00.000-04:00,134413,2026-03-08T23:45:24Z,points,SKATER,STL,1,8475798
10404596,218232,Pavel Buchnevich,STL,F,Shots On Goal,1.5,goblin,False,ANA,STL,ANA,2026-03-08T21:00:00.000-04:00,134413,2026-03-08T23:45:24Z,shots_on_goal,SKATER,ANA,0,8477402
10404603,58601,Robert Thomas,STL,F,Points,1.5,demon,False,ANA,STL,ANA,2026-03-08T21:00:00.000-04:00,134413,2026-03-08T23:45:24Z,points,SKATER,ANA,0,8480023
10404803,268295,Beckett Sennecke,ANA,F,Points,1.5,demon,False,STL,STL,ANA,2026-03-08T21:00:00.000-04:00,134413,2026-03-08T23:45:24Z,points,SKATER,STL,1,8484762
10404804,221656,Jacob Trouba,ANA,D,Points,1.5,demon,False,STL,STL,ANA,2026-03-08T21:00:00.000-04:00,134413,2026-03-08T23:45:24Z,points,SKATER,STL,1,8476885
10404805,58161,Jordan Kyrou,STL,F,Points,1.5,demon,False,ANA,STL,ANA,2026-03-08T21:00:00.000-04:00,134413,2026-03-08T23:45:24Z,points,SKATER,ANA,0,8479385
10404806,87297,Mason McTavish,ANA,F,Points,1.5,demon,False,STL,STL,ANA,2026-03-08T21:00:00.000-04:00,134413,2026-03-08T23:45:24Z,points,SKATER,STL,1,8482745
10404807,218232,Pavel Buchnevich,STL,F,Points,1.5,demon,False,ANA,STL,ANA,2026-03-08T21:00:00.000-04:00,134413,2026-03-08T23:45:24Z,points,SKATER,ANA,0,8477402
10408680,218287,Alex Killorn,ANA,F,Points,1.5,demon,False,STL,STL,ANA,2026-03-08T21:00:00.000-04:00,134413,2026-03-08T23:45:24Z,points,SKATER,STL,1,8473986
10408681,268296,Ryan Poehling,ANA,F,Points,1.5,demon,False,STL,STL,ANA,2026-03-08T21:00:00.000-04:00,134413,2026-03-08T23:45:24Z,points,SKATER,STL,1,8480068
10408719,287074,Jonatan Berggren,STL,F,Points,1.5,demon,False,ANA,STL,ANA,2026-03-08T21:00:00.000-04:00,134413,2026-03-08T23:45:24Z,points,SKATER,ANA,0,8481013
10409413,268035,Jimmy Snuggerud,STL,F,Shots On Goal,1.5,goblin,False,ANA,STL,ANA,2026-03-08T21:00:00.000-04:00,134413,2026-03-08T23:45:24Z,shots_on_goal,SKATER,ANA,0,8483516
10409532,218312,Jake Neighbours,STL,F,Shots On Goal,1.5,demon,False,ANA,STL,ANA,2026-03-08T21:00:00.000-04:00,134413,2026-03-08T23:45:24Z,shots_on_goal,SKATER,ANA,0,8482089
10409586,268295,Beckett Sennecke,ANA,F,Shots On Goal,1.5,goblin,False,STL,STL,ANA,2026-03-08T21:00:00.000-04:00,134413,2026-03-08T23:45:24Z,shots_on_goal,SKATER,STL,1,8484762
10409610,218311,Dylan Holloway,STL,F,Shots On Goal,1.5,goblin,False,ANA,STL,ANA,2026-03-08T21:00:00.000-04:00,134413,2026-03-08T23:45:24Z,shots_on_goal,SKATER,ANA,0,8482077
10409633,58161,Jordan Kyrou,STL,F,Shots On Goal,1.5,goblin,False,ANA,STL,ANA,2026-03-08T21:00:00.000-04:00,134413,2026-03-08T23:45:24Z,shots_on_goal,SKATER,ANA,0,8479385
10409640,173423,Leo Carlsson,ANA,F,Shots On Goal,1.5,goblin,False,STL,STL,ANA,2026-03-08T21:00:00.000-04:00,134413,2026-03-08T23:45:24Z,shots_on_goal,SKATER,STL,1,8484153
10409967,218355,Jackson LaCombe,ANA,D,Assists,1.5,demon,False,STL,STL,ANA,2026-03-08T21:00:00.000-04:00,134413,2026-03-08T23:45:24Z,assists,SKATER,STL,1,8481605
10409980,173423,Leo Carlsson,ANA,F,Assists,1.5,demon,False,STL,STL,ANA,2026-03-08T21:00:00.000-04:00,134413,2026-03-08T23:45:24Z,assists,SKATER,STL,1,8484153
10409997,58601,Robert Thomas,STL,F,Assists,1.5,demon,False,ANA,STL,ANA,2026-03-08T21:00:00.000-04:00,134413,2026-03-08T23:45:24Z,assists,SKATER,ANA,0,8480023
10413032,218319,Radko Gudas,ANA,D,Blocked Shots,1.5,demon,False,STL,STL,ANA,2026-03-08T21:00:00.000-04:00,134413,2026-03-08T23:45:24Z,blocked_shots,SKATER,STL,1,8475462
10417359,215935,Cutter Gauthier,ANA,F,Assists,1.5,demon,False,STL,STL,ANA,2026-03-08T21:00:00.000-04:00,134413,2026-03-08T23:45:24Z,assists,SKATER,STL,1,8483445
10392588,218287,Alex Killorn,ANA,F,Goals,0.5,demon,False,STL,STL,ANA,2026-03-08T21:00:00.000-04:00,134413,2026-03-08T23:45:24Z,goals,SKATER,STL,1,8473986
10392589,268295,Beckett Sennecke,ANA,F,Goals,0.5,demon,False,STL,STL,ANA,2026-03-08T21:00:00.000-04:00,134413,2026-03-08T23:45:24Z,goals,SKATER,STL,1,8484762
10392590,225514,Cam Fowler,STL,D,Goals,0.5,demon,False,ANA,STL,ANA,2026-03-08T21:00:00.000-04:00,134413,2026-03-08T23:45:24Z,goals,SKATER,ANA,0,8475764
10392591,267737,Chris Kreider,ANA,F,Goals,0.5,demon,False,STL,STL,ANA,2026-03-08T21:00:00.000-04:00,134413,2026-03-08T23:45:24Z,goals,SKATER,STL,1,8475184
10392592,215935,Cutter Gauthier,ANA,F,Goals,0.5,demon,False,STL,STL,ANA,2026-03-08T21:00:00.000-04:00,134413,2026-03-08T23:45:24Z,goals,SKATER,STL,1,8483445
10392593,274996,Dalibor Dvorsky,STL,F,Goals,0.5,demon,False,ANA,STL,ANA,2026-03-08T21:00:00.000-04:00,134413,2026-03-08T23:45:24Z,goals,SKATER,ANA,0,8484164
10392594,218311,Dylan Holloway,STL,F,Goals,0.5,demon,False,ANA,STL,ANA,2026-03-08T21:00:00.000-04:00,134413,2026-03-08T23:45:24Z,goals,SKATER,ANA,0,8482077
10392595,218355,Jackson LaCombe,ANA,D,Goals,0.5,demon,False,STL,STL,ANA,2026-03-08T21:00:00.000-04:00,134413,2026-03-08T23:45:24Z,goals,SKATER,STL,1,8481605
10392596,221656,Jacob Trouba,ANA,D,Goals,0.5,demon,False,STL,STL,ANA,2026-03-08T21:00:00.000-04:00,134413,2026-03-08T23:45:24Z,goals,SKATER,STL,1,8476885
10392597,218312,Jake Neighbours,STL,F,Goals,0.5,demon,False,ANA,STL,ANA,2026-03-08T21:00:00.000-04:00,134413,2026-03-08T23:45:24Z,goals,SKATER,ANA,0,8482089
10392598,268891,Jansen Harkins,ANA,F,Goals,0.5,demon,False,STL,STL,ANA,2026-03-08T21:00:00.000-04:00,134413,2026-03-08T23:45:24Z,goals,SKATER,STL,1,8478424
10392599,294303,Jeffrey Viel,ANA,F,Goals,0.5,demon,False,STL,STL,ANA,2026-03-08T21:00:00.000-04:00,134413,2026-03-08T23:45:24Z,goals,SKATER,STL,1,8479705
10392600,268035,Jimmy Snuggerud,STL,F,Goals,0.5,demon,False,ANA,STL,ANA,2026-03-08T21:00:00.000-04:00,134413,2026-03-08T23:45:24Z,goals,SKATER,ANA,0,8483516
10392601,287074,Jonatan Berggren,STL,F,Goals,0.5,demon,False,ANA,STL,ANA,2026-03-08T21:00:00.000-04:00,134413,2026-03-08T23:45:24Z,goals,SKATER,ANA,0,8481013
10392603,58161,Jordan Kyrou,STL,F,Goals,0.5,demon,False,ANA,STL,ANA,2026-03-08T21:00:00.000-04:00,134413,2026-03-08T23:45:24Z,goals,SKATER,ANA,0,8479385
10392604,173423,Leo Carlsson,ANA,F,Goals,0.5,demon,False,STL,STL,ANA,2026-03-08T21:00:00.000-04:00,134413,2026-03-08T23:45:24Z,goals,SKATER,STL,1,8484153
10392605,87297,Mason McTavish,ANA,F,Goals,0.5,demon,False,STL,STL,ANA,2026-03-08T21:00:00.000-04:00,134413,2026-03-08T23:45:24Z,goals,SKATER,STL,1,8482745
10392606,223235,Olen Zellweger,ANA,D,Goals,0.5,demon,False,STL,STL,ANA,2026-03-08T21:00:00.000-04:00,134413,2026-03-08T23:45:24Z,goals,SKATER,STL,1,8482803
10392607,236767,Oskar Sundqvist,STL,F,Goals,0.5,demon,False,ANA,STL,ANA,2026-03-08T21:00:00.000-04:00,134413,2026-03-08T23:45:24Z,goals,SKATER,ANA,0,8476897
10392608,218232,Pavel Buchnevich,STL,F,Goals,0.5,demon,False,ANA,STL,ANA,2026-03-08T21:00:00.000-04:00,134413,2026-03-08T23:45:24Z,goals,SKATER,ANA,0,8477402
10392609,176774,Pavel Mintyukov,ANA,D,Goals,0.5,demon,False,STL,STL,ANA,2026-03-08T21:00:00.000-04:00,134413,2026-03-08T23:45:24Z,goals,SKATER,STL,1,8483490
10392610,226661,Philip Broberg,STL,D,Goals,0.5,demon,False,ANA,STL,ANA,2026-03-08T21:00:00.000-04:00,134413,2026-03-08T23:45:24Z,goals,SKATER,ANA,0,8481598
10392611,268039,Pius Suter,STL,F,Goals,0.5,demon,False,ANA,STL,ANA,2026-03-08T21:00:00.000-04:00,134413,2026-03-08T23:45:24Z,goals,SKATER,ANA,0,8480459
10392612,58601,Robert Thomas,STL,F,Goals,0.5,demon,False,ANA,STL,ANA,2026-03-08T21:00:00.000-04:00,134413,2026-03-08T23:45:24Z,goals,SKATER,ANA,0,8480023
10392613,189024,Ross Johnston,ANA,F,Goals,0.5,demon,False,STL,STL,ANA,2026-03-08T21:00:00.000-04:00,134413,2026-03-08T23:45:24Z,goals,SKATER,STL,1,8477527
10392614,268296,Ryan Poehling,ANA,F,Goals,0.5,demon,False,STL,STL,ANA,2026-03-08T21:00:00.000-04:00,134413,2026-03-08T23:45:24Z,goals,SKATER,STL,1,8480068
10392615,268350,Sam Colangelo,ANA,F,Goals,0.5,demon,False,STL,STL,ANA,2026-03-08T21:00:00.000-04:00,134413,2026-03-08T23:45:24Z,goals,SKATER,STL,1,8482118
10392616,218368,Troy Terry,ANA,F,Goals,0.5,demon,False,STL,STL,ANA,2026-03-08T21:00:00.000-04:00,134413,2026-03-08T23:45:24Z,goals,SKATER,STL,1,8478873
10400546,218252,Frank Vatrano,ANA,F,Goals,0.5,demon,False,STL,STL,ANA,2026-03-08T21:00:00.000-04:00,134413,2026-03-08T23:45:24Z,goals,SKATER,STL,1,8478366
10400550,267739,Mikael Granlund,ANA,F,Goals,0.5,demon,False,STL,STL,ANA,2026-03-08T21:00:00.000-04:00,134413,2026-03-08T23:45:24Z,goals,SKATER,STL,1,8475798
10400554,291289,Tim Washe,ANA,F,Goals,0.5,demon,False,STL,STL,ANA,2026-03-08T21:00:00.000-04:00,134413,2026-03-08T23:45:24Z,goals,SKATER,STL,1,8485512
10404522,218287,Alex Killorn,ANA,F,Assists,0.5,demon,False,STL,STL,ANA,2026-03-08T21:00:00.000-04:00,134413,2026-03-08T23:45:24Z,assists,SKATER,STL,1,8473986
10404523,218287,Alex Killorn,ANA,F,Plus/Minus,0.5,demon,False,STL,STL,ANA,2026-03-08T21:00:00.000-04:00,134413,2026-03-08T23:45:24Z,plus/minus,SKATER,STL,1,8473986
10404524,218287,Alex Killorn,ANA,F,Points,0.5,demon,False,STL,STL,ANA,2026-03-08T21:00:00.000-04:00,134413,2026-03-08T23:45:24Z,points,SKATER,STL,1,8473986
10404525,87966,Alexey Toropchenko,STL,F,Goals,0.5,demon,False,ANA,STL,ANA,2026-03-08T21:00:00.000-04:00,134413,2026-03-08T23:45:24Z,goals,SKATER,ANA,0,8480281
10404526,268295,Beckett Sennecke,ANA,F,Assists,0.5,demon,False,STL,STL,ANA,2026-03-08T21:00:00.000-04:00,134413,2026-03-08T23:45:24Z,assists,SKATER,STL,1,8484762
10404527,268295,Beckett Sennecke,ANA,F,Plus/Minus,0.5,demon,False,STL,STL,ANA,2026-03-08T21:00:00.000-04:00,134413,2026-03-08T23:45:24Z,plus/minus,SKATER,STL,1,8484762
10404528,268295,Beckett Sennecke,ANA,F,Power Play Points,0.5,demon,False,STL,STL,ANA,2026-03-08T21:00:00.000-04:00,134413,2026-03-08T23:45:24Z,power_play_points,SKATER,STL,1,8484762
10404530,225514,Cam Fowler,STL,D,Assists,0.5,demon,False,ANA,STL,ANA,2026-03-08T21:00:00.000-04:00,134413,2026-03-08T23:45:24Z,assists,SKATER,ANA,0,8475764
10404531,225514,Cam Fowler,STL,D,Points,0.5,demon,False,ANA,STL,ANA,2026-03-08T21:00:00.000-04:00,134413,2026-03-08T23:45:24Z,points,SKATER,ANA,0,8475764
10404532,267737,Chris Kreider,ANA,F,Assists,0.5,demon,False,STL,STL,ANA,2026-03-08T21:00:00.000-04:00,134413,2026-03-08T23:45:24Z,assists,SKATER,STL,1,8475184
10404533,267737,Chris Kreider,ANA,F,Plus/Minus,0.5,demon,False,STL,STL,ANA,2026-03-08T21:00:00.000-04:00,134413,2026-03-08T23:45:24Z,plus/minus,SKATER,STL,1,8475184
10404535,267737,Chris Kreider,ANA,F,Power Play Points,0.5,demon,False,STL,STL,ANA,2026-03-08T21:00:00.000-04:00,134413,2026-03-08T23:45:24Z,power_play_points,SKATER,STL,1,8475184
10404538,215935,Cutter Gauthier,ANA,F,Assists,0.5,demon,False,STL,STL,ANA,2026-03-08T21:00:00.000-04:00,134413,2026-03-08T23:45:24Z,assists,SKATER,STL,1,8483445
10404539,215935,Cutter Gauthier,ANA,F,Plus/Minus,0.5,demon,False,STL,STL,ANA,2026-03-08T21:00:00.000-04:00,134413,2026-03-08T23:45:24Z,plus/minus,SKATER,STL,1,8483445
10404541,215935,Cutter Gauthier,ANA,F,Points,0.5,goblin,False,STL,STL,ANA,2026-03-08T21:00:00.000-04:00,134413,2026-03-08T23:45:24Z,points,SKATER,STL,1,8483445
10404542,215935,Cutter Gauthier,ANA,F,Power Play Points,0.5,demon,False,STL,STL,ANA,2026-03-08T21:00:00.000-04:00,134413,2026-03-08T23:45:24Z,power_play_points,SKATER,STL,1,8483445
10404544,218311,Dylan Holloway,STL,F,Assists,0.5,demon,False,ANA,STL,ANA,2026-03-08T21:00:00.000-04:00,134413,2026-03-08T23:45:24Z,assists,SKATER,ANA,0,8482077
10404546,218311,Dylan Holloway,STL,F,Points,0.5,standard,False,ANA,STL,ANA,2026-03-08T21:00:00.000-04:00,134413,2026-03-08T23:45:24Z,points,SKATER,ANA,0,8482077
10404547,218311,Dylan Holloway,STL,F,Power Play Points,0.5,demon,False,ANA,STL,ANA,2026-03-08T21:00:00.000-04:00,134413,2026-03-08T23:45:24Z,power_play_points,SKATER,ANA,0,8482077
10404549,218252,Frank Vatrano,ANA,F,Plus/Minus,0.5,demon,False,STL,STL,ANA,2026-03-08T21:00:00.000-04:00,134413,2026-03-08T23:45:24Z,plus/minus,SKATER,STL,1,8478366
10404550,286762,Ian Moore,ANA,D,Plus/Minus,0.5,demon,False,STL,STL,ANA,2026-03-08T21:00:00.000-04:00,134413,2026-03-08T23:45:24Z,plus/minus,SKATER,STL,1,8482178
10404551,303170,Jack Finley,STL,F,Goals,0.5,demon,False,ANA,STL,ANA,2026-03-08T21:00:00.000-04:00,134413,2026-03-08T23:45:24Z,goals,SKATER,ANA,0,8482090
10404552,218355,Jackson LaCombe,ANA,D,Assists,0.5,standard,False,STL,STL,ANA,2026-03-08T21:00:00.000-04:00,134413,2026-03-08T23:45:24Z,assists,SKATER,STL,1,8481605
10404553,218355,Jackson LaCombe,ANA,D,Plus/Minus,0.5,demon,False,STL,STL,ANA,2026-03-08T21:00:00.000-04:00,134413,2026-03-08T23:45:24Z,plus/minus,SKATER,STL,1,8481605
10404555,218355,Jackson LaCombe,ANA,D,Points,0.5,goblin,False,STL,STL,ANA,2026-03-08T21:00:00.000-04:00,134413,2026-03-08T23:45:24Z,points,SKATER,STL,1,8481605
10404556,218355,Jackson LaCombe,ANA,D,Power Play Points,0.5,demon,False,STL,STL,ANA,2026-03-08T21:00:00.000-04:00,134413,2026-03-08T23:45:24Z,power_play_points,SKATER,STL,1,8481605
10404558,221656,Jacob Trouba,ANA,D,Assists,0.5,demon,False,STL,STL,ANA,2026-03-08T21:00:00.000-04:00,134413,2026-03-08T23:45:24Z,assists,SKATER,STL,1,8476885
10404560,221656,Jacob Trouba,ANA,D,Plus/Minus,0.5,demon,False,STL,STL,ANA,2026-03-08T21:00:00.000-04:00,134413,2026-03-08T23:45:24Z,plus/minus,SKATER,STL,1,8476885
10404561,221656,Jacob Trouba,ANA,D,Points,0.5,demon,False,STL,STL,ANA,2026-03-08T21:00:00.000-04:00,134413,2026-03-08T23:45:24Z,points,SKATER,STL,1,8476885
10404562,221656,Jacob Trouba,ANA,D,Power Play Points,0.5,demon,False,STL,STL,ANA,2026-03-08T21:00:00.000-04:00,134413,2026-03-08T23:45:24Z,power_play_points,SKATER,STL,1,8476885
10404564,218312,Jake Neighbours,STL,F,Assists,0.5,demon,False,ANA,STL,ANA,2026-03-08T21:00:00.000-04:00,134413,2026-03-08T23:45:24Z,assists,SKATER,ANA,0,8482089
10404565,218312,Jake Neighbours,STL,F,Points,0.5,demon,False,ANA,STL,ANA,2026-03-08T21:00:00.000-04:00,134413,2026-03-08T23:45:24Z,points,SKATER,ANA,0,8482089
10404566,218312,Jake Neighbours,STL,F,Power Play Points,0.5,demon,False,ANA,STL,ANA,2026-03-08T21:00:00.000-04:00,134413,2026-03-08T23:45:24Z,power_play_points,SKATER,ANA,0,8482089
10404567,294303,Jeffrey Viel,ANA,F,Plus/Minus,0.5,demon,False,STL,STL,ANA,2026-03-08T21:00:00.000-04:00,134413,2026-03-08T23:45:24Z,plus/minus,SKATER,STL,1,8479705
10404568,268035,Jimmy Snuggerud,STL,F,Assists,0.5,demon,False,ANA,STL,ANA,2026-03-08T21:00:00.000-04:00,134413,2026-03-08T23:45:24Z,assists,SKATER,ANA,0,8483516
10404569,268035,Jimmy Snuggerud,STL,F,Points,0.5,demon,False,ANA,STL,ANA,2026-03-08T21:00:00.000-04:00,134413,2026-03-08T23:45:24Z,points,SKATER,ANA,0,8483516
10404571,268035,Jimmy Snuggerud,STL,F,Power Play Points,0.5,demon,False,ANA,STL,ANA,2026-03-08T21:00:00.000-04:00,134413,2026-03-08T23:45:24Z,power_play_points,SKATER,ANA,0,8483516
10404573,58161,Jordan Kyrou,STL,F,Assists,0.5,demon,False,ANA,STL,ANA,2026-03-08T21:00:00.000-04:00,134413,2026-03-08T23:45:24Z,assists,SKATER,ANA,0,8479385
10404574,58161,Jordan Kyrou,STL,F,Points,0.5,standard,False,ANA,STL,ANA,2026-03-08T21:00:00.000-04:00,134413,2026-03-08T23:45:24Z,points,SKATER,ANA,0,8479385
10404575,58161,Jordan Kyrou,STL,F,Power Play Points,0.5,demon,False,ANA,STL,ANA,2026-03-08T21:00:00.000-04:00,134413,2026-03-08T23:45:24Z,power_play_points,SKATER,ANA,0,8479385
10404576,173423,Leo Carlsson,ANA,F,Plus/Minus,0.5,demon,False,STL,STL,ANA,2026-03-08T21:00:00.000-04:00,134413,2026-03-08T23:45:24Z,plus/minus,SKATER,STL,1,8484153
10404578,173423,Leo Carlsson,ANA,F,Points,0.5,goblin,False,STL,STL,ANA,2026-03-08T21:00:00.000-04:00,134413,2026-03-08T23:45:24Z,points,SKATER,STL,1,8484153
10404579,173423,Leo Carlsson,ANA,F,Power Play Points,0.5,demon,False,STL,STL,ANA,2026-03-08T21:00:00.000-04:00,134413,2026-03-08T23:45:24Z,power_play_points,SKATER,STL,1,8484153
10404581,272890,Logan Mailloux,STL,D,Goals,0.5,demon,False,ANA,STL,ANA,2026-03-08T21:00:00.000-04:00,134413,2026-03-08T23:45:24Z,goals,SKATER,ANA,0,8482733
10404582,87297,Mason McTavish,ANA,F,Assists,0.5,demon,False,STL,STL,ANA,2026-03-08T21:00:00.000-04:00,134413,2026-03-08T23:45:24Z,assists,SKATER,STL,1,8482745
10404583,87297,Mason McTavish,ANA,F,Plus/Minus,0.5,demon,False,STL,STL,ANA,2026-03-08T21:00:00.000-04:00,134413,2026-03-08T23:45:24Z,plus/minus,SKATER,STL,1,8482745
10404584,87297,Mason McTavish,ANA,F,Points,0.5,demon,False,STL,STL,ANA,2026-03-08T21:00:00.000-04:00,134413,2026-03-08T23:45:24Z,points,SKATER,STL,1,8482745
10404585,87297,Mason McTavish,ANA,F,Power Play Points,0.5,demon,False,STL,STL,ANA,2026-03-08T21:00:00.000-04:00,134413,2026-03-08T23:45:24Z,power_play_points,SKATER,STL,1,8482745
10404587,267739,Mikael Granlund,ANA,F,Assists,0.5,demon,False,STL,STL,ANA,2026-03-08T21:00:00.000-04:00,134413,2026-03-08T23:45:24Z,assists,SKATER,STL,1,8475798
10404588,267739,Mikael Granlund,ANA,F,Plus/Minus,0.5,demon,False,STL,STL,ANA,2026-03-08T21:00:00.000-04:00,134413,2026-03-08T23:45:24Z,plus/minus,SKATER,STL,1,8475798
10404590,267739,Mikael Granlund,ANA,F,Points,0.5,standard,False,STL,STL,ANA,2026-03-08T21:00:00.000-04:00,134413,2026-03-08T23:45:24Z,points,SKATER,STL,1,8475798
10404591,267739,Mikael Granlund,ANA,F,Power Play Points,0.5,demon,False,STL,STL,ANA,2026-03-08T21:00:00.000-04:00,134413,2026-03-08T23:45:24Z,power_play_points,SKATER,STL,1,8475798
10404592,223235,Olen Zellweger,ANA,D,Plus/Minus,0.5,demon,False,STL,STL,ANA,2026-03-08T21:00:00.000-04:00,134413,2026-03-08T23:45:24Z,plus/minus,SKATER,STL,1,8482803
10404593,218232,Pavel Buchnevich,STL,F,Assists,0.5,demon,False,ANA,STL,ANA,2026-03-08T21:00:00.000-04:00,134413,2026-03-08T23:45:24Z,assists,SKATER,ANA,0,8477402
10404594,218232,Pavel Buchnevich,STL,F,Points,0.5,standard,False,ANA,STL,ANA,2026-03-08T21:00:00.000-04:00,134413,2026-03-08T23:45:24Z,points,SKATER,ANA,0,8477402
10404595,218232,Pavel Buchnevich,STL,F,Power Play Points,0.5,demon,False,ANA,STL,ANA,2026-03-08T21:00:00.000-04:00,134413,2026-03-08T23:45:24Z,power_play_points,SKATER,ANA,0,8477402
10404597,176774,Pavel Mintyukov,ANA,D,Plus/Minus,0.5,demon,False,STL,STL,ANA,2026-03-08T21:00:00.000-04:00,134413,2026-03-08T23:45:24Z,plus/minus,SKATER,STL,1,8483490
10404598,226661,Philip Broberg,STL,D,Assists,0.5,demon,False,ANA,STL,ANA,2026-03-08T21:00:00.000-04:00,134413,2026-03-08T23:45:24Z,assists,SKATER,ANA,0,8481598
10404599,226661,Philip Broberg,STL,D,Points,0.5,demon,False,ANA,STL,ANA,2026-03-08T21:00:00.000-04:00,134413,2026-03-08T23:45:24Z,points,SKATER,ANA,0,8481598
10404600,226661,Philip Broberg,STL,D,Power Play Points,0.5,demon,False,ANA,STL,ANA,2026-03-08T21:00:00.000-04:00,134413,2026-03-08T23:45:24Z,power_play_points,SKATER,ANA,0,8481598
10404601,218319,Radko Gudas,ANA,D,Plus/Minus,0.5,demon,False,STL,STL,ANA,2026-03-08T21:00:00.000-04:00,134413,2026-03-08T23:45:24Z,plus/minus,SKATER,STL,1,8475462
10404602,58601,Robert Thomas,STL,F,Assists,0.5,demon,False,ANA,STL,ANA,2026-03-08T21:00:00.000-04:00,134413,2026-03-08T23:45:24Z,assists,SKATER,ANA,0,8480023
10404604,58601,Robert Thomas,STL,F,Points,0.5,goblin,False,ANA,STL,ANA,2026-03-08T21:00:00.000-04:00,134413,2026-03-08T23:45:24Z,points,SKATER,ANA,0,8480023
10404605,58601,Robert Thomas,STL,F,Power Play Points,0.5,demon,False,ANA,STL,ANA,2026-03-08T21:00:00.000-04:00,134413,2026-03-08T23:45:24Z,power_play_points,SKATER,ANA,0,8480023
10404606,189024,Ross Johnston,ANA,F,Plus/Minus,0.5,demon,False,STL,STL,ANA,2026-03-08T21:00:00.000-04:00,134413,2026-03-08T23:45:24Z,plus/minus,SKATER,STL,1,8477527
10404607,268296,Ryan Poehling,ANA,F,Assists,0.5,demon,False,STL,STL,ANA,2026-03-08T21:00:00.000-04:00,134413,2026-03-08T23:45:24Z,assists,SKATER,STL,1,8480068
10404608,268296,Ryan Poehling,ANA,F,Plus/Minus,0.5,demon,False,STL,STL,ANA,2026-03-08T21:00:00.000-04:00,134413,2026-03-08T23:45:24Z,plus/minus,SKATER,STL,1,8480068
10404609,268296,Ryan Poehling,ANA,F,Points,0.5,demon,False,STL,STL,ANA,2026-03-08T21:00:00.000-04:00,134413,2026-03-08T23:45:24Z,points,SKATER,STL,1,8480068
10404610,291289,Tim Washe,ANA,F,Plus/Minus,0.5,demon,False,STL,STL,ANA,2026-03-08T21:00:00.000-04:00,134413,2026-03-08T23:45:24Z,plus/minus,SKATER,STL,1,8485512
10406007,87966,Alexey Toropchenko,STL,F,Assists,0.5,demon,False,ANA,STL,ANA,2026-03-08T21:00:00.000-04:00,134413,2026-03-08T23:45:24Z,assists,SKATER,ANA,0,8480281
10406008,87966,Alexey Toropchenko,STL,F,Points,0.5,demon,False,ANA,STL,ANA,2026-03-08T21:00:00.000-04:00,134413,2026-03-08T23:45:24Z,points,SKATER,ANA,0,8480281
10406009,218282,Colton Parayko,STL,D,Assists,0.5,demon,False,ANA,STL,ANA,2026-03-08T21:00:00.000-04:00,134413,2026-03-08T23:45:24Z,assists,SKATER,ANA,0,8476892
10406010,218282,Colton Parayko,STL,D,Points,0.5,demon,False,ANA,STL,ANA,2026-03-08T21:00:00.000-04:00,134413,2026-03-08T23:45:24Z,points,SKATER,ANA,0,8476892
10406011,274996,Dalibor Dvorsky,STL,F,Assists,0.5,demon,False,ANA,STL,ANA,2026-03-08T21:00:00.000-04:00,134413,2026-03-08T23:45:24Z,assists,SKATER,ANA,0,8484164
10406012,274996,Dalibor Dvorsky,STL,F,Points,0.5,demon,False,ANA,STL,ANA,2026-03-08T21:00:00.000-04:00,134413,2026-03-08T23:45:24Z,points,SKATER,ANA,0,8484164
10406013,218252,Frank Vatrano,ANA,F,Assists,0.5,demon,False,STL,STL,ANA,2026-03-08T21:00:00.000-04:00,134413,2026-03-08T23:45:24Z,assists,SKATER,STL,1,8478366
10406014,218252,Frank Vatrano,ANA,F,Points,0.5,demon,False,STL,STL,ANA,2026-03-08T21:00:00.000-04:00,134413,2026-03-08T23:45:24Z,points,SKATER,STL,1,8478366
10406015,286762,Ian Moore,ANA,D,Assists,0.5,demon,False,STL,STL,ANA,2026-03-08T21:00:00.000-04:00,134413,2026-03-08T23:45:24Z,assists,SKATER,STL,1,8482178
10406016,286762,Ian Moore,ANA,D,Points,0.5,demon,False,STL,STL,ANA,2026-03-08T21:00:00.000-04:00,134413,2026-03-08T23:45:24Z,points,SKATER,STL,1,8482178
10406017,303170,Jack Finley,STL,F,Assists,0.5,demon,False,ANA,STL,ANA,2026-03-08T21:00:00.000-04:00,134413,2026-03-08T23:45:24Z,assists,SKATER,ANA,0,8482090
10406018,303170,Jack Finley,STL,F,Points,0.5,demon,False,ANA,STL,ANA,2026-03-08T21:00:00.000-04:00,134413,2026-03-08T23:45:24Z,points,SKATER,ANA,0,8482090
10406019,294303,Jeffrey Viel,ANA,F,Assists,0.5,demon,False,STL,STL,ANA,2026-03-08T21:00:00.000-04:00,134413,2026-03-08T23:45:24Z,assists,SKATER,STL,1,8479705
10406020,294303,Jeffrey Viel,ANA,F,Points,0.5,demon,False,STL,STL,ANA,2026-03-08T21:00:00.000-04:00,134413,2026-03-08T23:45:24Z,points,SKATER,STL,1,8479705
10406021,287074,Jonatan Berggren,STL,F,Assists,0.5,demon,False,ANA,STL,ANA,2026-03-08T21:00:00.000-04:00,134413,2026-03-08T23:45:24Z,assists,SKATER,ANA,0,8481013
10406022,287074,Jonatan Berggren,STL,F,Points,0.5,demon,False,ANA,STL,ANA,2026-03-08T21:00:00.000-04:00,134413,2026-03-08T23:45:24Z,points,SKATER,ANA,0,8481013
10406023,272890,Logan Mailloux,STL,D,Assists,0.5,demon,False,ANA,STL,ANA,2026-03-08T21:00:00.000-04:00,134413,2026-03-08T23:45:24Z,assists,SKATER,ANA,0,8482733
10406024,272890,Logan Mailloux,STL,D,Points,0.5,demon,False,ANA,STL,ANA,2026-03-08T21:00:00.000-04:00,134413,2026-03-08T23:45:24Z,points,SKATER,ANA,0,8482733
10406025,188223,Matthew Kessel,STL,D,Assists,0.5,demon,False,ANA,STL,ANA,2026-03-08T21:00:00.000-04:00,134413,2026-03-08T23:45:24Z,assists,SKATER,ANA,0,8482516
10406026,188223,Matthew Kessel,STL,D,Points,0.5,demon,False,ANA,STL,ANA,2026-03-08T21:00:00.000-04:00,134413,2026-03-08T23:45:24Z,points,SKATER,ANA,0,8482516
10406027,223235,Olen Zellweger,ANA,D,Assists,0.5,demon,False,STL,STL,ANA,2026-03-08T21:00:00.000-04:00,134413,2026-03-08T23:45:24Z,assists,SKATER,STL,1,8482803
10406028,223235,Olen Zellweger,ANA,D,Points,0.5,demon,False,STL,STL,ANA,2026-03-08T21:00:00.000-04:00,134413,2026-03-08T23:45:24Z,points,SKATER,STL,1,8482803
10406029,236767,Oskar Sundqvist,STL,F,Assists,0.5,demon,False,ANA,STL,ANA,2026-03-08T21:00:00.000-04:00,134413,2026-03-08T23:45:24Z,assists,SKATER,ANA,0,8476897
10406030,236767,Oskar Sundqvist,STL,F,Points,0.5,demon,False,ANA,STL,ANA,2026-03-08T21:00:00.000-04:00,134413,2026-03-08T23:45:24Z,points,SKATER,ANA,0,8476897
10406031,176774,Pavel Mintyukov,ANA,D,Assists,0.5,demon,False,STL,STL,ANA,2026-03-08T21:00:00.000-04:00,134413,2026-03-08T23:45:24Z,assists,SKATER,STL,1,8483490
10406032,176774,Pavel Mintyukov,ANA,D,Points,0.5,demon,False,STL,STL,ANA,2026-03-08T21:00:00.000-04:00,134413,2026-03-08T23:45:24Z,points,SKATER,STL,1,8483490
10406033,268039,Pius Suter,STL,F,Assists,0.5,demon,False,ANA,STL,ANA,2026-03-08T21:00:00.000-04:00,134413,2026-03-08T23:45:24Z,assists,SKATER,ANA,0,8480459
10406034,268039,Pius Suter,STL,F,Points,0.5,demon,False,ANA,STL,ANA,2026-03-08T21:00:00.000-04:00,134413,2026-03-08T23:45:24Z,points,SKATER,ANA,0,8480459
10406035,218319,Radko Gudas,ANA,D,Assists,0.5,demon,False,STL,STL,ANA,2026-03-08T21:00:00.000-04:00,134413,2026-03-08T23:45:24Z,assists,SKATER,STL,1,8475462
10406036,218319,Radko Gudas,ANA,D,Points,0.5,demon,False,STL,STL,ANA,2026-03-08T21:00:00.000-04:00,134413,2026-03-08T23:45:24Z,points,SKATER,STL,1,8475462
10406037,189024,Ross Johnston,ANA,F,Assists,0.5,demon,False,STL,STL,ANA,2026-03-08T21:00:00.000-04:00,134413,2026-03-08T23:45:24Z,assists,SKATER,STL,1,8477527
10406038,189024,Ross Johnston,ANA,F,Points,0.5,demon,False,STL,STL,ANA,2026-03-08T21:00:00.000-04:00,134413,2026-03-08T23:45:24Z,points,SKATER,STL,1,8477527
10406039,291289,Tim Washe,ANA,F,Assists,0.5,demon,False,STL,STL,ANA,2026-03-08T21:00:00.000-04:00,134413,2026-03-08T23:45:24Z,assists,SKATER,STL,1,8485512
10406040,291289,Tim Washe,ANA,F,Points,0.5,demon,False,STL,STL,ANA,2026-03-08T21:00:00.000-04:00,134413,2026-03-08T23:45:24Z,points,SKATER,STL,1,8485512
10406041,236609,Tyler Tucker,STL,D,Assists,0.5,demon,False,ANA,STL,ANA,2026-03-08T21:00:00.000-04:00,134413,2026-03-08T23:45:24Z,assists,SKATER,ANA,0,8481006
10406042,236609,Tyler Tucker,STL,D,Points,0.5,demon,False,ANA,STL,ANA,2026-03-08T21:00:00.000-04:00,134413,2026-03-08T23:45:24Z,points,SKATER,ANA,0,8481006
10400436,58024,Evan Bouchard,EDM,D,Time On Ice,24.25,standard,False,VGK,EDM,VGK,2026-03-08T21:30:00.000-04:00,134414,2026-03-08T23:45:24Z,time_on_ice,SKATER,VGK,0,8480803
10400435,57827,Connor McDavid,EDM,F,Time On Ice,22.5,standard,False,VGK,EDM,VGK,2026-03-08T21:30:00.000-04:00,134414,2026-03-08T23:45:24Z,time_on_ice,SKATER,VGK,0,8478402
10400437,218569,Jack Eichel,VGK,F,Time On Ice,21.75,standard,False,EDM,EDM,VGK,2026-03-08T21:30:00.000-04:00,134414,2026-03-08T23:45:24Z,time_on_ice,SKATER,EDM,1,8478403
10400438,218573,Noah Hanifin,VGK,D,Time On Ice,21,standard,False,EDM,EDM,VGK,2026-03-08T21:30:00.000-04:00,134414,2026-03-08T23:45:24Z,time_on_ice,SKATER,EDM,1,8478396
10411513,57828,Leon Draisaitl,EDM,F,Faceoffs Won,9.5,standard,False,VGK,EDM,VGK,2026-03-08T21:30:00.000-04:00,134414,2026-03-08T23:45:24Z,faceoffs_won,SKATER,VGK,0,8477934
10411518,218580,Tomas Hertl,VGK,F,Faceoffs Won,8.5,standard,False,EDM,EDM,VGK,2026-03-08T21:30:00.000-04:00,134414,2026-03-08T23:45:24Z,faceoffs_won,SKATER,EDM,1,8476881
10411722,305660,Connor McDavid + Pavel Dorofeyev,EDM/VGK,F,Shots On Goal (Combo),5.5,standard,False,VGK/EDM,,,2026-03-08T21:30:00.000-04:00,134414,2026-03-08T23:45:24Z,shots_on_goal_(combo),SKATER,VGK/EDM,0,8478402|8481604
10411724,305661,Leon Draisaitl + Mitch Marner,EDM/VGK,F,Shots On Goal (Combo),4.5,standard,False,VGK/EDM,,,2026-03-08T21:30:00.000-04:00,134414,2026-03-08T23:45:24Z,shots_on_goal_(combo),SKATER,VGK/EDM,0,8477934|8478483
10411654,267943,Jeremy Lauzon,VGK,D,Hits,4,standard,False,EDM,EDM,VGK,2026-03-08T21:30:00.000-04:00,134414,2026-03-08T23:45:24Z,hits,SKATER,EDM,1,8478468
10411664,305122,Colton Dach,EDM,F,Hits,3.5,standard,False,VGK,EDM,VGK,2026-03-08T21:30:00.000-04:00,134414,2026-03-08T23:45:24Z,hits,SKATER,VGK,0,8482703
10411651,237359,Vasily Podkolzin,EDM,F,Hits,3,standard,False,VGK,EDM,VGK,2026-03-08T21:30:00.000-04:00,134414,2026-03-08T23:45:24Z,hits,SKATER,VGK,0,8481617
10411657,218579,Keegan Kolesar,VGK,F,Hits,3,standard,False,EDM,EDM,VGK,2026-03-08T21:30:00.000-04:00,134414,2026-03-08T23:45:24Z,hits,SKATER,EDM,1,8478434
10411658,236292,Trent Frederic,EDM,F,Hits,3,standard,False,VGK,EDM,VGK,2026-03-08T21:30:00.000-04:00,134414,2026-03-08T23:45:24Z,hits,SKATER,VGK,0,8479365
10417429,218622,Adin Hill,VGK,G,Goalie Saves,28.5,demon,False,EDM,EDM,VGK,2026-03-08T21:30:00.000-04:00,134414,2026-03-08T23:45:24Z,goalie_saves,GOALIE,EDM,1,8478499
10417433,287949,Connor Ingram,EDM,G,Goalie Saves,28.5,demon,False,VGK,EDM,VGK,2026-03-08T21:30:00.000-04:00,134414,2026-03-08T23:45:24Z,goalie_saves,GOALIE,VGK,0,8478971
10417427,218622,Adin Hill,VGK,G,Goalie Saves,27.5,demon,False,EDM,EDM,VGK,2026-03-08T21:30:00.000-04:00,134414,2026-03-08T23:45:24Z,goalie_saves,GOALIE,EDM,1,8478499
10417432,287949,Connor Ingram,EDM,G,Goalie Saves,27.5,demon,False,VGK,EDM,VGK,2026-03-08T21:30:00.000-04:00,134414,2026-03-08T23:45:24Z,goalie_saves,GOALIE,VGK,0,8478971
10417428,218622,Adin Hill,VGK,G,Goalie Saves,26.5,demon,False,EDM,EDM,VGK,2026-03-08T21:30:00.000-04:00,134414,2026-03-08T23:45:24Z,goalie_saves,GOALIE,EDM,1,8478499
10417434,287949,Connor Ingram,EDM,G,Goalie Saves,26.5,demon,False,VGK,EDM,VGK,2026-03-08T21:30:00.000-04:00,134414,2026-03-08T23:45:24Z,goalie_saves,GOALIE,VGK,0,8478971
10416747,218622,Adin Hill,VGK,G,Goalie Saves,24,standard,False,EDM,EDM,VGK,2026-03-08T21:30:00.000-04:00,134414,2026-03-08T23:45:24Z,goalie_saves,GOALIE,EDM,1,8478499
10417139,287949,Connor Ingram,EDM,G,Goalie Saves,24,standard,False,VGK,EDM,VGK,2026-03-08T21:30:00.000-04:00,134414,2026-03-08T23:45:24Z,goalie_saves,GOALIE,VGK,0,8478971
10417431,218622,Adin Hill,VGK,G,Goalie Saves,21.5,goblin,False,EDM,EDM,VGK,2026-03-08T21:30:00.000-04:00,134414,2026-03-08T23:45:24Z,goalie_saves,GOALIE,EDM,1,8478499
10417436,287949,Connor Ingram,EDM,G,Goalie Saves,21.5,goblin,False,VGK,EDM,VGK,2026-03-08T21:30:00.000-04:00,134414,2026-03-08T23:45:24Z,goalie_saves,GOALIE,VGK,0,8478971
10417430,218622,Adin Hill,VGK,G,Goalie Saves,20.5,goblin,False,EDM,EDM,VGK,2026-03-08T21:30:00.000-04:00,134414,2026-03-08T23:45:24Z,goalie_saves,GOALIE,EDM,1,8478499
10417435,287949,Connor Ingram,EDM,G,Goalie Saves,20.5,goblin,False,VGK,EDM,VGK,2026-03-08T21:30:00.000-04:00,134414,2026-03-08T23:45:24Z,goalie_saves,GOALIE,VGK,0,8478971
10409803,57827,Connor McDavid,EDM,F,Shots On Goal,5.5,demon,False,VGK,EDM,VGK,2026-03-08T21:30:00.000-04:00,134414,2026-03-08T23:45:24Z,shots_on_goal,SKATER,VGK,0,8478402
10409825,218569,Jack Eichel,VGK,F,Shots On Goal,5.5,demon,False,EDM,EDM,VGK,2026-03-08T21:30:00.000-04:00,134414,2026-03-08T23:45:24Z,shots_on_goal,SKATER,EDM,1,8478403
10409802,57827,Connor McDavid,EDM,F,Shots On Goal,4.5,demon,False,VGK,EDM,VGK,2026-03-08T21:30:00.000-04:00,134414,2026-03-08T23:45:24Z,shots_on_goal,SKATER,VGK,0,8478402
10409811,58024,Evan Bouchard,EDM,D,Shots On Goal,4.5,demon,False,VGK,EDM,VGK,2026-03-08T21:30:00.000-04:00,134414,2026-03-08T23:45:24Z,shots_on_goal,SKATER,VGK,0,8480803
10409824,218569,Jack Eichel,VGK,F,Shots On Goal,4.5,demon,False,EDM,EDM,VGK,2026-03-08T21:30:00.000-04:00,134414,2026-03-08T23:45:24Z,shots_on_goal,SKATER,EDM,1,8478403
10409834,57828,Leon Draisaitl,EDM,F,Shots On Goal,4.5,demon,False,VGK,EDM,VGK,2026-03-08T21:30:00.000-04:00,134414,2026-03-08T23:45:24Z,shots_on_goal,SKATER,VGK,0,8477934
10409847,172624,Pavel Dorofeyev,VGK,F,Shots On Goal,4.5,demon,False,EDM,EDM,VGK,2026-03-08T21:30:00.000-04:00,134414,2026-03-08T23:45:24Z,shots_on_goal,SKATER,EDM,1,8481604
10409875,218085,Zach Hyman,EDM,F,Shots On Goal,4.5,demon,False,VGK,EDM,VGK,2026-03-08T21:30:00.000-04:00,134414,2026-03-08T23:45:24Z,shots_on_goal,SKATER,VGK,0,8475786
10404635,218569,Jack Eichel,VGK,F,Shots On Goal,3.5,demon,False,EDM,EDM,VGK,2026-03-08T21:30:00.000-04:00,134414,2026-03-08T23:45:24Z,shots_on_goal,SKATER,EDM,1,8478403
10409801,57827,Connor McDavid,EDM,F,Shots On Goal,3.5,demon,False,VGK,EDM,VGK,2026-03-08T21:30:00.000-04:00,134414,2026-03-08T23:45:24Z,shots_on_goal,SKATER,VGK,0,8478402
10409810,58024,Evan Bouchard,EDM,D,Shots On Goal,3.5,demon,False,VGK,EDM,VGK,2026-03-08T21:30:00.000-04:00,134414,2026-03-08T23:45:24Z,shots_on_goal,SKATER,VGK,0,8480803
10409833,57828,Leon Draisaitl,EDM,F,Shots On Goal,3.5,demon,False,VGK,EDM,VGK,2026-03-08T21:30:00.000-04:00,134414,2026-03-08T23:45:24Z,shots_on_goal,SKATER,VGK,0,8477934
10409846,172624,Pavel Dorofeyev,VGK,F,Shots On Goal,3.5,demon,False,EDM,EDM,VGK,2026-03-08T21:30:00.000-04:00,134414,2026-03-08T23:45:24Z,shots_on_goal,SKATER,EDM,1,8481604
10409864,218580,Tomas Hertl,VGK,F,Shots On Goal,3.5,demon,False,EDM,EDM,VGK,2026-03-08T21:30:00.000-04:00,134414,2026-03-08T23:45:24Z,shots_on_goal,SKATER,EDM,1,8476881
10409874,218085,Zach Hyman,EDM,F,Shots On Goal,3.5,demon,False,VGK,EDM,VGK,2026-03-08T21:30:00.000-04:00,134414,2026-03-08T23:45:24Z,shots_on_goal,SKATER,VGK,0,8475786
10410100,57827,Connor McDavid,EDM,F,Points,3.5,demon,False,VGK,EDM,VGK,2026-03-08T21:30:00.000-04:00,134414,2026-03-08T23:45:24Z,points,SKATER,VGK,0,8478402
10410409,58027,Darnell Nurse,EDM,D,Shots On Goal,3.5,demon,False,VGK,EDM,VGK,2026-03-08T21:30:00.000-04:00,134414,2026-03-08T23:45:24Z,shots_on_goal,SKATER,VGK,0,8477498
10410414,267801,Mitch Marner,VGK,F,Shots On Goal,3.5,demon,False,EDM,EDM,VGK,2026-03-08T21:30:00.000-04:00,134414,2026-03-08T23:45:24Z,shots_on_goal,SKATER,EDM,1,8478483
10410425,294869,Rasmus Andersson,VGK,D,Shots On Goal,3.5,demon,False,EDM,EDM,VGK,2026-03-08T21:30:00.000-04:00,134414,2026-03-08T23:45:24Z,shots_on_goal,SKATER,EDM,1,8478397
10410426,58026,Ryan Nugent-Hopkins,EDM,F,Shots On Goal,3.5,demon,False,VGK,EDM,VGK,2026-03-08T21:30:00.000-04:00,134414,2026-03-08T23:45:24Z,shots_on_goal,SKATER,VGK,0,8470007
10410427,57765,Shea Theodore,VGK,D,Shots On Goal,3.5,demon,False,EDM,EDM,VGK,2026-03-08T21:30:00.000-04:00,134414,2026-03-08T23:45:24Z,shots_on_goal,SKATER,EDM,1,8477447
10414624,125904,Ivan Barbashev,VGK,F,Shots On Goal,3.5,demon,False,EDM,EDM,VGK,2026-03-08T21:30:00.000-04:00,134414,2026-03-08T23:45:24Z,shots_on_goal,SKATER,EDM,1,8477964
10416748,218622,Adin Hill,VGK,G,Goals Allowed,3.5,demon,False,EDM,EDM,VGK,2026-03-08T21:30:00.000-04:00,134414,2026-03-08T23:45:24Z,goals_allowed,GOALIE,EDM,1,8478499
10417140,287949,Connor Ingram,EDM,G,Goals Allowed,3.5,demon,False,VGK,EDM,VGK,2026-03-08T21:30:00.000-04:00,134414,2026-03-08T23:45:24Z,goals_allowed,GOALIE,VGK,0,8478971
10404621,57827,Connor McDavid,EDM,F,Shots On Goal,2.5,goblin,False,VGK,EDM,VGK,2026-03-08T21:30:00.000-04:00,134414,2026-03-08T23:45:24Z,shots_on_goal,SKATER,VGK,0,8478402
10404628,58024,Evan Bouchard,EDM,D,Shots On Goal,2.5,demon,False,VGK,EDM,VGK,2026-03-08T21:30:00.000-04:00,134414,2026-03-08T23:45:24Z,shots_on_goal,SKATER,VGK,0,8480803
10404656,172624,Pavel Dorofeyev,VGK,F,Shots On Goal,2.5,standard,False,EDM,EDM,VGK,2026-03-08T21:30:00.000-04:00,134414,2026-03-08T23:45:24Z,shots_on_goal,SKATER,EDM,1,8481604
10404671,218580,Tomas Hertl,VGK,F,Shots On Goal,2.5,demon,False,EDM,EDM,VGK,2026-03-08T21:30:00.000-04:00,134414,2026-03-08T23:45:24Z,shots_on_goal,SKATER,EDM,1,8476881
10404676,218085,Zach Hyman,EDM,F,Shots On Goal,2.5,standard,False,VGK,EDM,VGK,2026-03-08T21:30:00.000-04:00,134414,2026-03-08T23:45:24Z,shots_on_goal,SKATER,VGK,0,8475786
10404810,57827,Connor McDavid,EDM,F,Points,2.5,demon,False,VGK,EDM,VGK,2026-03-08T21:30:00.000-04:00,134414,2026-03-08T23:45:24Z,points,SKATER,VGK,0,8478402
10404812,58024,Evan Bouchard,EDM,D,Points,2.5,demon,False,VGK,EDM,VGK,2026-03-08T21:30:00.000-04:00,134414,2026-03-08T23:45:24Z,points,SKATER,VGK,0,8480803
10404815,218569,Jack Eichel,VGK,F,Points,2.5,demon,False,EDM,EDM,VGK,2026-03-08T21:30:00.000-04:00,134414,2026-03-08T23:45:24Z,points,SKATER,EDM,1,8478403
10404817,57828,Leon Draisaitl,EDM,F,Points,2.5,demon,False,VGK,EDM,VGK,2026-03-08T21:30:00.000-04:00,134414,2026-03-08T23:45:24Z,points,SKATER,VGK,0,8477934
10404819,267801,Mitch Marner,VGK,F,Points,2.5,demon,False,EDM,EDM,VGK,2026-03-08T21:30:00.000-04:00,134414,2026-03-08T23:45:24Z,points,SKATER,EDM,1,8478483
10409794,279762,Braeden Bowman,VGK,F,Shots On Goal,2.5,demon,False,EDM,EDM,VGK,2026-03-08T21:30:00.000-04:00,134414,2026-03-08T23:45:24Z,shots_on_goal,SKATER,EDM,1,8483890
10409816,125904,Ivan Barbashev,VGK,F,Shots On Goal,2.5,demon,False,EDM,EDM,VGK,2026-03-08T21:30:00.000-04:00,134414,2026-03-08T23:45:24Z,shots_on_goal,SKATER,EDM,1,8477964
10409823,218569,Jack Eichel,VGK,F,Shots On Goal,2.5,goblin,False,EDM,EDM,VGK,2026-03-08T21:30:00.000-04:00,134414,2026-03-08T23:45:24Z,shots_on_goal,SKATER,EDM,1,8478403
10409837,267801,Mitch Marner,VGK,F,Shots On Goal,2.5,demon,False,EDM,EDM,VGK,2026-03-08T21:30:00.000-04:00,134414,2026-03-08T23:45:24Z,shots_on_goal,SKATER,EDM,1,8478483
10409852,294869,Rasmus Andersson,VGK,D,Shots On Goal,2.5,demon,False,EDM,EDM,VGK,2026-03-08T21:30:00.000-04:00,134414,2026-03-08T23:45:24Z,shots_on_goal,SKATER,EDM,1,8478397
10409856,58026,Ryan Nugent-Hopkins,EDM,F,Shots On Goal,2.5,demon,False,VGK,EDM,VGK,2026-03-08T21:30:00.000-04:00,134414,2026-03-08T23:45:24Z,shots_on_goal,SKATER,VGK,0,8470007
10409861,57765,Shea Theodore,VGK,D,Shots On Goal,2.5,demon,False,EDM,EDM,VGK,2026-03-08T21:30:00.000-04:00,134414,2026-03-08T23:45:24Z,shots_on_goal,SKATER,EDM,1,8477447
10410099,57827,Connor McDavid,EDM,F,Assists,2.5,demon,False,VGK,EDM,VGK,2026-03-08T21:30:00.000-04:00,134414,2026-03-08T23:45:24Z,assists,SKATER,VGK,0,8478402
10410189,218581,Brayden McNabb,VGK,D,Blocked Shots,2.5,demon,False,EDM,EDM,VGK,2026-03-08T21:30:00.000-04:00,134414,2026-03-08T23:45:24Z,blocked_shots,SKATER,EDM,1,8475188
10410190,58027,Darnell Nurse,EDM,D,Blocked Shots,2.5,demon,False,VGK,EDM,VGK,2026-03-08T21:30:00.000-04:00,134414,2026-03-08T23:45:24Z,blocked_shots,SKATER,VGK,0,8477498
10410191,233936,Jake Walman,EDM,D,Blocked Shots,2.5,demon,False,VGK,EDM,VGK,2026-03-08T21:30:00.000-04:00,134414,2026-03-08T23:45:24Z,blocked_shots,SKATER,VGK,0,8478013
10410192,294869,Rasmus Andersson,VGK,D,Blocked Shots,2.5,demon,False,EDM,EDM,VGK,2026-03-08T21:30:00.000-04:00,134414,2026-03-08T23:45:24Z,blocked_shots,SKATER,EDM,1,8478397
10410408,58027,Darnell Nurse,EDM,D,Shots On Goal,2.5,demon,False,VGK,EDM,VGK,2026-03-08T21:30:00.000-04:00,134414,2026-03-08T23:45:24Z,shots_on_goal,SKATER,VGK,0,8477498
10410418,218573,Noah Hanifin,VGK,D,Shots On Goal,2.5,demon,False,EDM,EDM,VGK,2026-03-08T21:30:00.000-04:00,134414,2026-03-08T23:45:24Z,shots_on_goal,SKATER,EDM,1,8478396
10420307,57828,Leon Draisaitl,EDM,F,Shots On Goal,2.5,standard,False,VGK,EDM,VGK,2026-03-08T21:30:00.000-04:00,134414,2026-03-08T23:45:24Z,shots_on_goal,SKATER,VGK,0,8477934
10392621,57827,Connor McDavid,EDM,F,Goals,1.5,demon,False,VGK,EDM,VGK,2026-03-08T21:30:00.000-04:00,134414,2026-03-08T23:45:24Z,goals,SKATER,VGK,0,8478402
10392631,57828,Leon Draisaitl,EDM,F,Goals,1.5,demon,False,VGK,EDM,VGK,2026-03-08T21:30:00.000-04:00,134414,2026-03-08T23:45:24Z,goals,SKATER,VGK,0,8477934
10404615,218581,Brayden McNabb,VGK,D,Blocked Shots,1.5,goblin,False,EDM,EDM,VGK,2026-03-08T21:30:00.000-04:00,134414,2026-03-08T23:45:24Z,blocked_shots,SKATER,EDM,1,8475188
10404619,57827,Connor McDavid,EDM,F,Points,1.5,standard,False,VGK,EDM,VGK,2026-03-08T21:30:00.000-04:00,134414,2026-03-08T23:45:24Z,points,SKATER,VGK,0,8478402
10404622,58027,Darnell Nurse,EDM,D,Blocked Shots,1.5,standard,False,VGK,EDM,VGK,2026-03-08T21:30:00.000-04:00,134414,2026-03-08T23:45:24Z,blocked_shots,SKATER,VGK,0,8477498
10404623,58027,Darnell Nurse,EDM,D,Shots On Goal,1.5,standard,False,VGK,EDM,VGK,2026-03-08T21:30:00.000-04:00,134414,2026-03-08T23:45:24Z,shots_on_goal,SKATER,VGK,0,8477498
10404633,218569,Jack Eichel,VGK,F,Points,1.5,demon,False,EDM,EDM,VGK,2026-03-08T21:30:00.000-04:00,134414,2026-03-08T23:45:24Z,points,SKATER,EDM,1,8478403
10404637,233936,Jake Walman,EDM,D,Blocked Shots,1.5,goblin,False,VGK,EDM,VGK,2026-03-08T21:30:00.000-04:00,134414,2026-03-08T23:45:24Z,blocked_shots,SKATER,VGK,0,8478013
10404641,57828,Leon Draisaitl,EDM,F,Points,1.5,demon,False,VGK,EDM,VGK,2026-03-08T21:30:00.000-04:00,134414,2026-03-08T23:45:24Z,points,SKATER,VGK,0,8477934
10404649,267801,Mitch Marner,VGK,F,Shots On Goal,1.5,goblin,False,EDM,EDM,VGK,2026-03-08T21:30:00.000-04:00,134414,2026-03-08T23:45:24Z,shots_on_goal,SKATER,EDM,1,8478483
10404658,294869,Rasmus Andersson,VGK,D,Blocked Shots,1.5,standard,False,EDM,EDM,VGK,2026-03-08T21:30:00.000-04:00,134414,2026-03-08T23:45:24Z,blocked_shots,SKATER,EDM,1,8478397
10404661,294869,Rasmus Andersson,VGK,D,Shots On Goal,1.5,standard,False,EDM,EDM,VGK,2026-03-08T21:30:00.000-04:00,134414,2026-03-08T23:45:24Z,shots_on_goal,SKATER,EDM,1,8478397
10404667,57765,Shea Theodore,VGK,D,Shots On Goal,1.5,standard,False,EDM,EDM,VGK,2026-03-08T21:30:00.000-04:00,134414,2026-03-08T23:45:24Z,shots_on_goal,SKATER,EDM,1,8477447
10404809,279762,Braeden Bowman,VGK,F,Points,1.5,demon,False,EDM,EDM,VGK,2026-03-08T21:30:00.000-04:00,134414,2026-03-08T23:45:24Z,points,SKATER,EDM,1,8483890
10404811,58024,Evan Bouchard,EDM,D,Points,1.5,demon,False,VGK,EDM,VGK,2026-03-08T21:30:00.000-04:00,134414,2026-03-08T23:45:24Z,points,SKATER,VGK,0,8480803
10404813,125904,Ivan Barbashev,VGK,F,Points,1.5,demon,False,EDM,EDM,VGK,2026-03-08T21:30:00.000-04:00,134414,2026-03-08T23:45:24Z,points,SKATER,EDM,1,8477964
10404818,267801,Mitch Marner,VGK,F,Points,1.5,demon,False,EDM,EDM,VGK,2026-03-08T21:30:00.000-04:00,134414,2026-03-08T23:45:24Z,points,SKATER,EDM,1,8478483
10404820,172624,Pavel Dorofeyev,VGK,F,Points,1.5,demon,False,EDM,EDM,VGK,2026-03-08T21:30:00.000-04:00,134414,2026-03-08T23:45:24Z,points,SKATER,EDM,1,8481604
10404821,58026,Ryan Nugent-Hopkins,EDM,F,Points,1.5,demon,False,VGK,EDM,VGK,2026-03-08T21:30:00.000-04:00,134414,2026-03-08T23:45:24Z,points,SKATER,VGK,0,8470007
10404822,57765,Shea Theodore,VGK,D,Points,1.5,demon,False,EDM,EDM,VGK,2026-03-08T21:30:00.000-04:00,134414,2026-03-08T23:45:24Z,points,SKATER,EDM,1,8477447
10404823,218580,Tomas Hertl,VGK,F,Points,1.5,demon,False,EDM,EDM,VGK,2026-03-08T21:30:00.000-04:00,134414,2026-03-08T23:45:24Z,points,SKATER,EDM,1,8476881
10404824,218085,Zach Hyman,EDM,F,Points,1.5,demon,False,VGK,EDM,VGK,2026-03-08T21:30:00.000-04:00,134414,2026-03-08T23:45:24Z,points,SKATER,VGK,0,8475786
10409809,58024,Evan Bouchard,EDM,D,Shots On Goal,1.5,goblin,False,VGK,EDM,VGK,2026-03-08T21:30:00.000-04:00,134414,2026-03-08T23:45:24Z,shots_on_goal,SKATER,VGK,0,8480803
10409832,57828,Leon Draisaitl,EDM,F,Shots On Goal,1.5,goblin,False,VGK,EDM,VGK,2026-03-08T21:30:00.000-04:00,134414,2026-03-08T23:45:24Z,shots_on_goal,SKATER,VGK,0,8477934
10409845,172624,Pavel Dorofeyev,VGK,F,Shots On Goal,1.5,goblin,False,EDM,EDM,VGK,2026-03-08T21:30:00.000-04:00,134414,2026-03-08T23:45:24Z,shots_on_goal,SKATER,EDM,1,8481604
10409863,218580,Tomas Hertl,VGK,F,Shots On Goal,1.5,goblin,False,EDM,EDM,VGK,2026-03-08T21:30:00.000-04:00,134414,2026-03-08T23:45:24Z,shots_on_goal,SKATER,EDM,1,8476881
10409873,218085,Zach Hyman,EDM,F,Shots On Goal,1.5,goblin,False,VGK,EDM,VGK,2026-03-08T21:30:00.000-04:00,134414,2026-03-08T23:45:24Z,shots_on_goal,SKATER,VGK,0,8475786
10410098,57827,Connor McDavid,EDM,F,Assists,1.5,demon,False,VGK,EDM,VGK,2026-03-08T21:30:00.000-04:00,134414,2026-03-08T23:45:24Z,assists,SKATER,VGK,0,8478402
10410101,58024,Evan Bouchard,EDM,D,Assists,1.5,demon,False,VGK,EDM,VGK,2026-03-08T21:30:00.000-04:00,134414,2026-03-08T23:45:24Z,assists,SKATER,VGK,0,8480803
10410102,218569,Jack Eichel,VGK,F,Assists,1.5,demon,False,EDM,EDM,VGK,2026-03-08T21:30:00.000-04:00,134414,2026-03-08T23:45:24Z,assists,SKATER,EDM,1,8478403
10410103,57828,Leon Draisaitl,EDM,F,Assists,1.5,demon,False,VGK,EDM,VGK,2026-03-08T21:30:00.000-04:00,134414,2026-03-08T23:45:24Z,assists,SKATER,VGK,0,8477934
10410104,267801,Mitch Marner,VGK,F,Assists,1.5,demon,False,EDM,EDM,VGK,2026-03-08T21:30:00.000-04:00,134414,2026-03-08T23:45:24Z,assists,SKATER,EDM,1,8478483
10410105,58026,Ryan Nugent-Hopkins,EDM,F,Assists,1.5,demon,False,VGK,EDM,VGK,2026-03-08T21:30:00.000-04:00,134414,2026-03-08T23:45:24Z,assists,SKATER,VGK,0,8470007
10411057,57827,Connor McDavid,EDM,F,Power Play Points,1.5,demon,False,VGK,EDM,VGK,2026-03-08T21:30:00.000-04:00,134414,2026-03-08T23:45:24Z,power_play_points,SKATER,VGK,0,8478402
10411058,57828,Leon Draisaitl,EDM,F,Power Play Points,1.5,demon,False,VGK,EDM,VGK,2026-03-08T21:30:00.000-04:00,134414,2026-03-08T23:45:24Z,power_play_points,SKATER,VGK,0,8477934
10411696,279762,Braeden Bowman,VGK,F,Shots On Goal,1.5,goblin,False,EDM,EDM,VGK,2026-03-08T21:30:00.000-04:00,134414,2026-03-08T23:45:24Z,shots_on_goal,SKATER,EDM,1,8483890
10413960,58026,Ryan Nugent-Hopkins,EDM,F,Shots On Goal,1.5,goblin,False,VGK,EDM,VGK,2026-03-08T21:30:00.000-04:00,134414,2026-03-08T23:45:24Z,shots_on_goal,SKATER,VGK,0,8470007
10392617,279762,Braeden Bowman,VGK,F,Goals,0.5,demon,False,EDM,EDM,VGK,2026-03-08T21:30:00.000-04:00,134414,2026-03-08T23:45:24Z,goals,SKATER,EDM,1,8483890
10392618,229159,Brandon Saad,VGK,F,Goals,0.5,demon,False,EDM,EDM,VGK,2026-03-08T21:30:00.000-04:00,134414,2026-03-08T23:45:24Z,goals,SKATER,EDM,1,8476438
10392619,267799,Colton Sissons,VGK,F,Goals,0.5,demon,False,EDM,EDM,VGK,2026-03-08T21:30:00.000-04:00,134414,2026-03-08T23:45:24Z,goals,SKATER,EDM,1,8476925
10392620,57827,Connor McDavid,EDM,F,Goals,0.5,demon,False,VGK,EDM,VGK,2026-03-08T21:30:00.000-04:00,134414,2026-03-08T23:45:24Z,goals,SKATER,VGK,0,8478402
10392622,58027,Darnell Nurse,EDM,D,Goals,0.5,demon,False,VGK,EDM,VGK,2026-03-08T21:30:00.000-04:00,134414,2026-03-08T23:45:24Z,goals,SKATER,VGK,0,8477498
10392623,58024,Evan Bouchard,EDM,D,Goals,0.5,demon,False,VGK,EDM,VGK,2026-03-08T21:30:00.000-04:00,134414,2026-03-08T23:45:24Z,goals,SKATER,VGK,0,8480803
10392624,125904,Ivan Barbashev,VGK,F,Goals,0.5,demon,False,EDM,EDM,VGK,2026-03-08T21:30:00.000-04:00,134414,2026-03-08T23:45:24Z,goals,SKATER,EDM,1,8477964
10392625,218569,Jack Eichel,VGK,F,Goals,0.5,demon,False,EDM,EDM,VGK,2026-03-08T21:30:00.000-04:00,134414,2026-03-08T23:45:24Z,goals,SKATER,EDM,1,8478403
10392626,268939,Jack Roslovic,EDM,F,Goals,0.5,demon,False,VGK,EDM,VGK,2026-03-08T21:30:00.000-04:00,134414,2026-03-08T23:45:24Z,goals,SKATER,VGK,0,8478458
10392627,233936,Jake Walman,EDM,D,Goals,0.5,demon,False,VGK,EDM,VGK,2026-03-08T21:30:00.000-04:00,134414,2026-03-08T23:45:24Z,goals,SKATER,VGK,0,8478013
10392628,304794,Jason Dickinson,EDM,F,Goals,0.5,demon,False,VGK,EDM,VGK,2026-03-08T21:30:00.000-04:00,134414,2026-03-08T23:45:24Z,goals,SKATER,VGK,0,8477450
10392629,218579,Keegan Kolesar,VGK,F,Goals,0.5,demon,False,EDM,EDM,VGK,2026-03-08T21:30:00.000-04:00,134414,2026-03-08T23:45:24Z,goals,SKATER,EDM,1,8478434
10392630,57828,Leon Draisaitl,EDM,F,Goals,0.5,demon,False,VGK,EDM,VGK,2026-03-08T21:30:00.000-04:00,134414,2026-03-08T23:45:24Z,goals,SKATER,VGK,0,8477934
10392632,125451,Mattias Ekholm,EDM,D,Goals,0.5,demon,False,VGK,EDM,VGK,2026-03-08T21:30:00.000-04:00,134414,2026-03-08T23:45:24Z,goals,SKATER,VGK,0,8475218
10392633,267801,Mitch Marner,VGK,F,Goals,0.5,demon,False,EDM,EDM,VGK,2026-03-08T21:30:00.000-04:00,134414,2026-03-08T23:45:24Z,goals,SKATER,EDM,1,8478483
10392634,304861,Nic Dowd,VGK,F,Goals,0.5,demon,False,EDM,EDM,VGK,2026-03-08T21:30:00.000-04:00,134414,2026-03-08T23:45:24Z,goals,SKATER,EDM,1,8475343
10392635,218573,Noah Hanifin,VGK,D,Goals,0.5,demon,False,EDM,EDM,VGK,2026-03-08T21:30:00.000-04:00,134414,2026-03-08T23:45:24Z,goals,SKATER,EDM,1,8478396
10392636,172624,Pavel Dorofeyev,VGK,F,Goals,0.5,demon,False,EDM,EDM,VGK,2026-03-08T21:30:00.000-04:00,134414,2026-03-08T23:45:24Z,goals,SKATER,EDM,1,8481604
10392637,294869,Rasmus Andersson,VGK,D,Goals,0.5,demon,False,EDM,EDM,VGK,2026-03-08T21:30:00.000-04:00,134414,2026-03-08T23:45:24Z,goals,SKATER,EDM,1,8478397
10392638,57767,Reilly Smith,VGK,F,Goals,0.5,demon,False,EDM,EDM,VGK,2026-03-08T21:30:00.000-04:00,134414,2026-03-08T23:45:24Z,goals,SKATER,EDM,1,8475191
10392639,58026,Ryan Nugent-Hopkins,EDM,F,Goals,0.5,demon,False,VGK,EDM,VGK,2026-03-08T21:30:00.000-04:00,134414,2026-03-08T23:45:24Z,goals,SKATER,VGK,0,8470007
10392640,57765,Shea Theodore,VGK,D,Goals,0.5,demon,False,EDM,EDM,VGK,2026-03-08T21:30:00.000-04:00,134414,2026-03-08T23:45:24Z,goals,SKATER,EDM,1,8477447
10392641,218580,Tomas Hertl,VGK,F,Goals,0.5,demon,False,EDM,EDM,VGK,2026-03-08T21:30:00.000-04:00,134414,2026-03-08T23:45:24Z,goals,SKATER,EDM,1,8476881
10392642,236292,Trent Frederic,EDM,F,Goals,0.5,demon,False,VGK,EDM,VGK,2026-03-08T21:30:00.000-04:00,134414,2026-03-08T23:45:24Z,goals,SKATER,VGK,0,8479365
10392643,237359,Vasily Podkolzin,EDM,F,Goals,0.5,demon,False,VGK,EDM,VGK,2026-03-08T21:30:00.000-04:00,134414,2026-03-08T23:45:24Z,goals,SKATER,VGK,0,8481617
10392644,218085,Zach Hyman,EDM,F,Goals,0.5,demon,False,VGK,EDM,VGK,2026-03-08T21:30:00.000-04:00,134414,2026-03-08T23:45:24Z,goals,SKATER,VGK,0,8475786
10394864,304529,Cole Smith,VGK,F,Goals,0.5,demon,False,EDM,EDM,VGK,2026-03-08T21:30:00.000-04:00,134414,2026-03-08T23:45:24Z,goals,SKATER,EDM,1,8482062
10394870,240350,Kasperi Kapanen,EDM,F,Goals,0.5,demon,False,VGK,EDM,VGK,2026-03-08T21:30:00.000-04:00,134414,2026-03-08T23:45:24Z,goals,SKATER,VGK,0,8477953
10404611,190234,Adam Henrique,EDM,F,Goals,0.5,demon,False,VGK,EDM,VGK,2026-03-08T21:30:00.000-04:00,134414,2026-03-08T23:45:24Z,goals,SKATER,VGK,0,8474641
10404612,279762,Braeden Bowman,VGK,F,Assists,0.5,demon,False,EDM,EDM,VGK,2026-03-08T21:30:00.000-04:00,134414,2026-03-08T23:45:24Z,assists,SKATER,EDM,1,8483890
10404613,279762,Braeden Bowman,VGK,F,Points,0.5,standard,False,EDM,EDM,VGK,2026-03-08T21:30:00.000-04:00,134414,2026-03-08T23:45:24Z,points,SKATER,EDM,1,8483890
10404614,279762,Braeden Bowman,VGK,F,Power Play Points,0.5,demon,False,EDM,EDM,VGK,2026-03-08T21:30:00.000-04:00,134414,2026-03-08T23:45:24Z,power_play_points,SKATER,EDM,1,8483890
10404616,305122,Colton Dach,EDM,F,Goals,0.5,demon,False,VGK,EDM,VGK,2026-03-08T21:30:00.000-04:00,134414,2026-03-08T23:45:24Z,goals,SKATER,VGK,0,8482703
10404617,57827,Connor McDavid,EDM,F,Assists,0.5,goblin,False,VGK,EDM,VGK,2026-03-08T21:30:00.000-04:00,134414,2026-03-08T23:45:24Z,assists,SKATER,VGK,0,8478402
10404618,57827,Connor McDavid,EDM,F,Plus/Minus,0.5,demon,False,VGK,EDM,VGK,2026-03-08T21:30:00.000-04:00,134414,2026-03-08T23:45:24Z,plus/minus,SKATER,VGK,0,8478402
10404620,57827,Connor McDavid,EDM,F,Power Play Points,0.5,demon,False,VGK,EDM,VGK,2026-03-08T21:30:00.000-04:00,134414,2026-03-08T23:45:24Z,power_play_points,SKATER,VGK,0,8478402
10404624,58024,Evan Bouchard,EDM,D,Assists,0.5,goblin,False,VGK,EDM,VGK,2026-03-08T21:30:00.000-04:00,134414,2026-03-08T23:45:24Z,assists,SKATER,VGK,0,8480803
10404625,58024,Evan Bouchard,EDM,D,Plus/Minus,0.5,demon,False,VGK,EDM,VGK,2026-03-08T21:30:00.000-04:00,134414,2026-03-08T23:45:24Z,plus/minus,SKATER,VGK,0,8480803
10404626,58024,Evan Bouchard,EDM,D,Points,0.5,goblin,False,VGK,EDM,VGK,2026-03-08T21:30:00.000-04:00,134414,2026-03-08T23:45:24Z,points,SKATER,VGK,0,8480803
10404627,58024,Evan Bouchard,EDM,D,Power Play Points,0.5,demon,False,VGK,EDM,VGK,2026-03-08T21:30:00.000-04:00,134414,2026-03-08T23:45:24Z,power_play_points,SKATER,VGK,0,8480803
10404629,125904,Ivan Barbashev,VGK,F,Assists,0.5,demon,False,EDM,EDM,VGK,2026-03-08T21:30:00.000-04:00,134414,2026-03-08T23:45:24Z,assists,SKATER,EDM,1,8477964
10404630,125904,Ivan Barbashev,VGK,F,Points,0.5,standard,False,EDM,EDM,VGK,2026-03-08T21:30:00.000-04:00,134414,2026-03-08T23:45:24Z,points,SKATER,EDM,1,8477964
10404631,125904,Ivan Barbashev,VGK,F,Power Play Points,0.5,demon,False,EDM,EDM,VGK,2026-03-08T21:30:00.000-04:00,134414,2026-03-08T23:45:24Z,power_play_points,SKATER,EDM,1,8477964
10404632,218569,Jack Eichel,VGK,F,Plus/Minus,0.5,demon,False,EDM,EDM,VGK,2026-03-08T21:30:00.000-04:00,134414,2026-03-08T23:45:24Z,plus/minus,SKATER,EDM,1,8478403
10404634,218569,Jack Eichel,VGK,F,Power Play Points,0.5,demon,False,EDM,EDM,VGK,2026-03-08T21:30:00.000-04:00,134414,2026-03-08T23:45:24Z,power_play_points,SKATER,EDM,1,8478403
10404636,233936,Jake Walman,EDM,D,Assists,0.5,demon,False,VGK,EDM,VGK,2026-03-08T21:30:00.000-04:00,134414,2026-03-08T23:45:24Z,assists,SKATER,VGK,0,8478013
10404638,233936,Jake Walman,EDM,D,Points,0.5,demon,False,VGK,EDM,VGK,2026-03-08T21:30:00.000-04:00,134414,2026-03-08T23:45:24Z,points,SKATER,VGK,0,8478013
10404639,57828,Leon Draisaitl,EDM,F,Assists,0.5,goblin,False,VGK,EDM,VGK,2026-03-08T21:30:00.000-04:00,134414,2026-03-08T23:45:24Z,assists,SKATER,VGK,0,8477934
10404640,57828,Leon Draisaitl,EDM,F,Plus/Minus,0.5,demon,False,VGK,EDM,VGK,2026-03-08T21:30:00.000-04:00,134414,2026-03-08T23:45:24Z,plus/minus,SKATER,VGK,0,8477934
10404642,57828,Leon Draisaitl,EDM,F,Power Play Points,0.5,demon,False,VGK,EDM,VGK,2026-03-08T21:30:00.000-04:00,134414,2026-03-08T23:45:24Z,power_play_points,SKATER,VGK,0,8477934
10404643,125451,Mattias Ekholm,EDM,D,Assists,0.5,demon,False,VGK,EDM,VGK,2026-03-08T21:30:00.000-04:00,134414,2026-03-08T23:45:24Z,assists,SKATER,VGK,0,8475218
10404645,125451,Mattias Ekholm,EDM,D,Points,0.5,demon,False,VGK,EDM,VGK,2026-03-08T21:30:00.000-04:00,134414,2026-03-08T23:45:24Z,points,SKATER,VGK,0,8475218
10404646,267801,Mitch Marner,VGK,F,Assists,0.5,standard,False,EDM,EDM,VGK,2026-03-08T21:30:00.000-04:00,134414,2026-03-08T23:45:24Z,assists,SKATER,EDM,1,8478483
10404647,267801,Mitch Marner,VGK,F,Points,0.5,goblin,False,EDM,EDM,VGK,2026-03-08T21:30:00.000-04:00,134414,2026-03-08T23:45:24Z,points,SKATER,EDM,1,8478483
10404648,267801,Mitch Marner,VGK,F,Power Play Points,0.5,demon,False,EDM,EDM,VGK,2026-03-08T21:30:00.000-04:00,134414,2026-03-08T23:45:24Z,power_play_points,SKATER,EDM,1,8478483
10404650,218573,Noah Hanifin,VGK,D,Assists,0.5,demon,False,EDM,EDM,VGK,2026-03-08T21:30:00.000-04:00,134414,2026-03-08T23:45:24Z,assists,SKATER,EDM,1,8478396
10404651,218573,Noah Hanifin,VGK,D,Plus/Minus,0.5,demon,False,EDM,EDM,VGK,2026-03-08T21:30:00.000-04:00,134414,2026-03-08T23:45:24Z,plus/minus,SKATER,EDM,1,8478396
10404652,218573,Noah Hanifin,VGK,D,Points,0.5,demon,False,EDM,EDM,VGK,2026-03-08T21:30:00.000-04:00,134414,2026-03-08T23:45:24Z,points,SKATER,EDM,1,8478396
10404653,172624,Pavel Dorofeyev,VGK,F,Assists,0.5,demon,False,EDM,EDM,VGK,2026-03-08T21:30:00.000-04:00,134414,2026-03-08T23:45:24Z,assists,SKATER,EDM,1,8481604
10404654,172624,Pavel Dorofeyev,VGK,F,Points,0.5,goblin,False,EDM,EDM,VGK,2026-03-08T21:30:00.000-04:00,134414,2026-03-08T23:45:24Z,points,SKATER,EDM,1,8481604
10404655,172624,Pavel Dorofeyev,VGK,F,Power Play Points,0.5,demon,False,EDM,EDM,VGK,2026-03-08T21:30:00.000-04:00,134414,2026-03-08T23:45:24Z,power_play_points,SKATER,EDM,1,8481604
10404657,294869,Rasmus Andersson,VGK,D,Assists,0.5,demon,False,EDM,EDM,VGK,2026-03-08T21:30:00.000-04:00,134414,2026-03-08T23:45:24Z,assists,SKATER,EDM,1,8478397
10404659,294869,Rasmus Andersson,VGK,D,Points,0.5,demon,False,EDM,EDM,VGK,2026-03-08T21:30:00.000-04:00,134414,2026-03-08T23:45:24Z,points,SKATER,EDM,1,8478397
10404660,294869,Rasmus Andersson,VGK,D,Power Play Points,0.5,demon,False,EDM,EDM,VGK,2026-03-08T21:30:00.000-04:00,134414,2026-03-08T23:45:24Z,power_play_points,SKATER,EDM,1,8478397
10404662,58026,Ryan Nugent-Hopkins,EDM,F,Assists,0.5,demon,False,VGK,EDM,VGK,2026-03-08T21:30:00.000-04:00,134414,2026-03-08T23:45:24Z,assists,SKATER,VGK,0,8470007
10404663,58026,Ryan Nugent-Hopkins,EDM,F,Power Play Points,0.5,demon,False,VGK,EDM,VGK,2026-03-08T21:30:00.000-04:00,134414,2026-03-08T23:45:24Z,power_play_points,SKATER,VGK,0,8470007
10404664,57765,Shea Theodore,VGK,D,Assists,0.5,demon,False,EDM,EDM,VGK,2026-03-08T21:30:00.000-04:00,134414,2026-03-08T23:45:24Z,assists,SKATER,EDM,1,8477447
10404665,57765,Shea Theodore,VGK,D,Plus/Minus,0.5,demon,False,EDM,EDM,VGK,2026-03-08T21:30:00.000-04:00,134414,2026-03-08T23:45:24Z,plus/minus,SKATER,EDM,1,8477447
10404666,57765,Shea Theodore,VGK,D,Points,0.5,demon,False,EDM,EDM,VGK,2026-03-08T21:30:00.000-04:00,134414,2026-03-08T23:45:24Z,points,SKATER,EDM,1,8477447
10404668,218580,Tomas Hertl,VGK,F,Assists,0.5,demon,False,EDM,EDM,VGK,2026-03-08T21:30:00.000-04:00,134414,2026-03-08T23:45:24Z,assists,SKATER,EDM,1,8476881
10404669,218580,Tomas Hertl,VGK,F,Points,0.5,standard,False,EDM,EDM,VGK,2026-03-08T21:30:00.000-04:00,134414,2026-03-08T23:45:24Z,points,SKATER,EDM,1,8476881
10404670,218580,Tomas Hertl,VGK,F,Power Play Points,0.5,demon,False,EDM,EDM,VGK,2026-03-08T21:30:00.000-04:00,134414,2026-03-08T23:45:24Z,power_play_points,SKATER,EDM,1,8476881
10404672,218085,Zach Hyman,EDM,F,Assists,0.5,demon,False,VGK,EDM,VGK,2026-03-08T21:30:00.000-04:00,134414,2026-03-08T23:45:24Z,assists,SKATER,VGK,0,8475786
10404673,218085,Zach Hyman,EDM,F,Plus/Minus,0.5,demon,False,VGK,EDM,VGK,2026-03-08T21:30:00.000-04:00,134414,2026-03-08T23:45:24Z,plus/minus,SKATER,VGK,0,8475786
10404674,218085,Zach Hyman,EDM,F,Points,0.5,goblin,False,VGK,EDM,VGK,2026-03-08T21:30:00.000-04:00,134414,2026-03-08T23:45:24Z,points,SKATER,VGK,0,8475786
10404675,218085,Zach Hyman,EDM,F,Power Play Points,0.5,demon,False,VGK,EDM,VGK,2026-03-08T21:30:00.000-04:00,134414,2026-03-08T23:45:24Z,power_play_points,SKATER,VGK,0,8475786
10404814,218569,Jack Eichel,VGK,F,Points,0.5,goblin,False,EDM,EDM,VGK,2026-03-08T21:30:00.000-04:00,134414,2026-03-08T23:45:24Z,points,SKATER,EDM,1,8478403
10404816,57828,Leon Draisaitl,EDM,F,Points,0.5,goblin,False,VGK,EDM,VGK,2026-03-08T21:30:00.000-04:00,134414,2026-03-08T23:45:24Z,points,SKATER,VGK,0,8477934
10406335,236292,Trent Frederic,EDM,F,Points,0.5,demon,False,VGK,EDM,VGK,2026-03-08T21:30:00.000-04:00,134414,2026-03-08T23:45:24Z,points,SKATER,VGK,0,8479365
10406336,271586,Ty Emberson,EDM,D,Points,0.5,demon,False,VGK,EDM,VGK,2026-03-08T21:30:00.000-04:00,134414,2026-03-08T23:45:24Z,points,SKATER,VGK,0,8480834
10406337,237359,Vasily Podkolzin,EDM,F,Points,0.5,demon,False,VGK,EDM,VGK,2026-03-08T21:30:00.000-04:00,134414,2026-03-08T23:45:24Z,points,SKATER,VGK,0,8481617
10406541,190234,Adam Henrique,EDM,F,Assists,0.5,demon,False,VGK,EDM,VGK,2026-03-08T21:30:00.000-04:00,134414,2026-03-08T23:45:24Z,assists,SKATER,VGK,0,8474641
10406542,190234,Adam Henrique,EDM,F,Points,0.5,demon,False,VGK,EDM,VGK,2026-03-08T21:30:00.000-04:00,134414,2026-03-08T23:45:24Z,points,SKATER,VGK,0,8474641
10406543,229159,Brandon Saad,VGK,F,Assists,0.5,demon,False,EDM,EDM,VGK,2026-03-08T21:30:00.000-04:00,134414,2026-03-08T23:45:24Z,assists,SKATER,EDM,1,8476438
10406544,229159,Brandon Saad,VGK,F,Points,0.5,demon,False,EDM,EDM,VGK,2026-03-08T21:30:00.000-04:00,134414,2026-03-08T23:45:24Z,points,SKATER,EDM,1,8476438
10406545,218581,Brayden McNabb,VGK,D,Assists,0.5,demon,False,EDM,EDM,VGK,2026-03-08T21:30:00.000-04:00,134414,2026-03-08T23:45:24Z,assists,SKATER,EDM,1,8475188
10406546,218581,Brayden McNabb,VGK,D,Points,0.5,demon,False,EDM,EDM,VGK,2026-03-08T21:30:00.000-04:00,134414,2026-03-08T23:45:24Z,points,SKATER,EDM,1,8475188
10406547,304529,Cole Smith,VGK,F,Assists,0.5,demon,False,EDM,EDM,VGK,2026-03-08T21:30:00.000-04:00,134414,2026-03-08T23:45:24Z,assists,SKATER,EDM,1,8482062
10406548,304529,Cole Smith,VGK,F,Points,0.5,demon,False,EDM,EDM,VGK,2026-03-08T21:30:00.000-04:00,134414,2026-03-08T23:45:24Z,points,SKATER,EDM,1,8482062
10406549,305122,Colton Dach,EDM,F,Assists,0.5,demon,False,VGK,EDM,VGK,2026-03-08T21:30:00.000-04:00,134414,2026-03-08T23:45:24Z,assists,SKATER,VGK,0,8482703
10406550,305122,Colton Dach,EDM,F,Points,0.5,demon,False,VGK,EDM,VGK,2026-03-08T21:30:00.000-04:00,134414,2026-03-08T23:45:24Z,points,SKATER,VGK,0,8482703
10406551,267799,Colton Sissons,VGK,F,Assists,0.5,demon,False,EDM,EDM,VGK,2026-03-08T21:30:00.000-04:00,134414,2026-03-08T23:45:24Z,assists,SKATER,EDM,1,8476925
10406552,267799,Colton Sissons,VGK,F,Points,0.5,demon,False,EDM,EDM,VGK,2026-03-08T21:30:00.000-04:00,134414,2026-03-08T23:45:24Z,points,SKATER,EDM,1,8476925
10406553,304841,Connor Murphy,EDM,D,Assists,0.5,demon,False,VGK,EDM,VGK,2026-03-08T21:30:00.000-04:00,134414,2026-03-08T23:45:24Z,assists,SKATER,VGK,0,8484121
10406554,304841,Connor Murphy,EDM,D,Points,0.5,demon,False,VGK,EDM,VGK,2026-03-08T21:30:00.000-04:00,134414,2026-03-08T23:45:24Z,points,SKATER,VGK,0,8484121
10406555,58027,Darnell Nurse,EDM,D,Assists,0.5,demon,False,VGK,EDM,VGK,2026-03-08T21:30:00.000-04:00,134414,2026-03-08T23:45:24Z,assists,SKATER,VGK,0,8477498
10406556,58027,Darnell Nurse,EDM,D,Points,0.5,demon,False,VGK,EDM,VGK,2026-03-08T21:30:00.000-04:00,134414,2026-03-08T23:45:24Z,points,SKATER,VGK,0,8477498
10406557,268939,Jack Roslovic,EDM,F,Assists,0.5,demon,False,VGK,EDM,VGK,2026-03-08T21:30:00.000-04:00,134414,2026-03-08T23:45:24Z,assists,SKATER,VGK,0,8478458
10406558,268939,Jack Roslovic,EDM,F,Points,0.5,demon,False,VGK,EDM,VGK,2026-03-08T21:30:00.000-04:00,134414,2026-03-08T23:45:24Z,points,SKATER,VGK,0,8478458
10406559,304794,Jason Dickinson,EDM,F,Assists,0.5,demon,False,VGK,EDM,VGK,2026-03-08T21:30:00.000-04:00,134414,2026-03-08T23:45:24Z,assists,SKATER,VGK,0,8477450
10406560,304794,Jason Dickinson,EDM,F,Points,0.5,demon,False,VGK,EDM,VGK,2026-03-08T21:30:00.000-04:00,134414,2026-03-08T23:45:24Z,points,SKATER,VGK,0,8477450
10406561,267943,Jeremy Lauzon,VGK,D,Assists,0.5,demon,False,EDM,EDM,VGK,2026-03-08T21:30:00.000-04:00,134414,2026-03-08T23:45:24Z,assists,SKATER,EDM,1,8478468
10406562,267943,Jeremy Lauzon,VGK,D,Points,0.5,demon,False,EDM,EDM,VGK,2026-03-08T21:30:00.000-04:00,134414,2026-03-08T23:45:24Z,points,SKATER,EDM,1,8478468
10406563,278813,Kaedan Korczak,VGK,D,Assists,0.5,demon,False,EDM,EDM,VGK,2026-03-08T21:30:00.000-04:00,134414,2026-03-08T23:45:24Z,assists,SKATER,EDM,1,8481527
10406564,278813,Kaedan Korczak,VGK,D,Points,0.5,demon,False,EDM,EDM,VGK,2026-03-08T21:30:00.000-04:00,134414,2026-03-08T23:45:24Z,points,SKATER,EDM,1,8481527
10406565,240350,Kasperi Kapanen,EDM,F,Assists,0.5,demon,False,VGK,EDM,VGK,2026-03-08T21:30:00.000-04:00,134414,2026-03-08T23:45:24Z,assists,SKATER,VGK,0,8477953
10406566,240350,Kasperi Kapanen,EDM,F,Points,0.5,demon,False,VGK,EDM,VGK,2026-03-08T21:30:00.000-04:00,134414,2026-03-08T23:45:24Z,points,SKATER,VGK,0,8477953
10406567,218579,Keegan Kolesar,VGK,F,Assists,0.5,demon,False,EDM,EDM,VGK,2026-03-08T21:30:00.000-04:00,134414,2026-03-08T23:45:24Z,assists,SKATER,EDM,1,8478434
10406568,218579,Keegan Kolesar,VGK,F,Points,0.5,demon,False,EDM,EDM,VGK,2026-03-08T21:30:00.000-04:00,134414,2026-03-08T23:45:24Z,points,SKATER,EDM,1,8478434
10406569,304861,Nic Dowd,VGK,F,Assists,0.5,demon,False,EDM,EDM,VGK,2026-03-08T21:30:00.000-04:00,134414,2026-03-08T23:45:24Z,assists,SKATER,EDM,1,8475343
10406570,304861,Nic Dowd,VGK,F,Points,0.5,demon,False,EDM,EDM,VGK,2026-03-08T21:30:00.000-04:00,134414,2026-03-08T23:45:24Z,points,SKATER,EDM,1,8475343
10406571,57767,Reilly Smith,VGK,F,Assists,0.5,demon,False,EDM,EDM,VGK,2026-03-08T21:30:00.000-04:00,134414,2026-03-08T23:45:24Z,assists,SKATER,EDM,1,8475191
10406572,57767,Reilly Smith,VGK,F,Points,0.5,demon,False,EDM,EDM,VGK,2026-03-08T21:30:00.000-04:00,134414,2026-03-08T23:45:24Z,points,SKATER,EDM,1,8475191
10406573,236292,Trent Frederic,EDM,F,Assists,0.5,demon,False,VGK,EDM,VGK,2026-03-08T21:30:00.000-04:00,134414,2026-03-08T23:45:24Z,assists,SKATER,VGK,0,8479365
10406574,271586,Ty Emberson,EDM,D,Assists,0.5,demon,False,VGK,EDM,VGK,2026-03-08T21:30:00.000-04:00,134414,2026-03-08T23:45:24Z,assists,SKATER,VGK,0,8480834
10406575,237359,Vasily Podkolzin,EDM,F,Assists,0.5,demon,False,VGK,EDM,VGK,2026-03-08T21:30:00.000-04:00,134414,2026-03-08T23:45:24Z,assists,SKATER,VGK,0,8481617
10409912,87700,Brett Howden,VGK,F,Goals,0.5,demon,False,EDM,EDM,VGK,2026-03-08T21:30:00.000-04:00,134414,2026-03-08T23:45:24Z,goals,SKATER,EDM,1,8479353
10410419,218573,Noah Hanifin,VGK,D,Shots On Goal,0.5,goblin,False,EDM,EDM,VGK,2026-03-08T21:30:00.000-04:00,134414,2026-03-08T23:45:24Z,shots_on_goal,SKATER,EDM,1,8478396
10420726,272057,Ben Hutton,VGK,D,Goals,0.5,demon,False,EDM,EDM,VGK,2026-03-08T21:30:00.000-04:00,134414,2026-03-08T23:45:24Z,goals,SKATER,EDM,1,8477018
10410441,218255,Adam Fantilli,CBJ,F,Goals,0.5,demon,False,LA,,,2026-03-09T16:00:00.000-04:00,122812,2026-03-08T23:45:24Z,goals,SKATER,LA,0,8484166
10410442,57769,Adrian Kempe,LA,F,Goals,0.5,demon,False,CBJ,,,2026-03-09T16:00:00.000-04:00,122812,2026-03-08T23:45:24Z,goals,SKATER,CBJ,0,8477960
10410443,173242,Alex Laferriere,LA,F,Goals,0.5,demon,False,CBJ,,,2026-03-09T16:00:00.000-04:00,122812,2026-03-08T23:45:24Z,goals,SKATER,CBJ,0,8482155
10410444,218070,Anze Kopitar,LA,F,Goals,0.5,demon,False,CBJ,,,2026-03-09T16:00:00.000-04:00,122812,2026-03-08T23:45:24Z,goals,SKATER,CBJ,0,8471685
10410445,302130,Artemi Panarin,LA,F,Goals,0.5,demon,False,CBJ,,,2026-03-09T16:00:00.000-04:00,122812,2026-03-08T23:45:24Z,goals,SKATER,CBJ,0,8478550
10410446,57978,Boone Jenner,CBJ,F,Goals,0.5,demon,False,LA,,,2026-03-09T16:00:00.000-04:00,122812,2026-03-08T23:45:24Z,goals,SKATER,LA,0,8476432
10410447,221574,Brandt Clarke,LA,D,Goals,0.5,demon,False,CBJ,,,2026-03-09T16:00:00.000-04:00,122812,2026-03-08T23:45:24Z,goals,SKATER,CBJ,0,8482730
10410448,265265,Charlie Coyle,CBJ,F,Goals,0.5,demon,False,LA,,,2026-03-09T16:00:00.000-04:00,122812,2026-03-08T23:45:24Z,goals,SKATER,LA,0,8475745
10410449,218260,Cole Sillinger,CBJ,F,Goals,0.5,demon,False,LA,,,2026-03-09T16:00:00.000-04:00,122812,2026-03-08T23:45:24Z,goals,SKATER,LA,0,8482705
10410450,305144,Conor Garland,CBJ,F,Goals,0.5,demon,False,LA,,,2026-03-09T16:00:00.000-04:00,122812,2026-03-08T23:45:24Z,goals,SKATER,LA,0,8478856
10410451,219949,Dante Fabbro,CBJ,D,Goals,0.5,demon,False,LA,,,2026-03-09T16:00:00.000-04:00,122812,2026-03-08T23:45:24Z,goals,SKATER,LA,0,8479371
10410452,289936,Danton Heinen,CBJ,F,Goals,0.5,demon,False,LA,,,2026-03-09T16:00:00.000-04:00,122812,2026-03-08T23:45:24Z,goals,SKATER,LA,0,8478046
10410453,271232,Denton Mateychuk,CBJ,D,Goals,0.5,demon,False,LA,,,2026-03-09T16:00:00.000-04:00,122812,2026-03-08T23:45:24Z,goals,SKATER,LA,0,8483485
10410454,182263,Dmitri Voronkov,CBJ,F,Goals,0.5,demon,False,LA,,,2026-03-09T16:00:00.000-04:00,122812,2026-03-08T23:45:24Z,goals,SKATER,LA,0,8481716
10410455,57763,Drew Doughty,LA,D,Goals,0.5,demon,False,CBJ,,,2026-03-09T16:00:00.000-04:00,122812,2026-03-08T23:45:24Z,goals,SKATER,CBJ,0,8474563
10410456,268029,Isac Lundestrom,CBJ,F,Goals,0.5,demon,False,LA,,,2026-03-09T16:00:00.000-04:00,122812,2026-03-08T23:45:24Z,goals,SKATER,LA,0,8480806
10410457,172391,Ivan Provorov,CBJ,D,Goals,0.5,demon,False,LA,,,2026-03-09T16:00:00.000-04:00,122812,2026-03-08T23:45:24Z,goals,SKATER,LA,0,8478500
10410458,267634,Joel Armia,LA,F,Goals,0.5,demon,False,CBJ,,,2026-03-09T16:00:00.000-04:00,122812,2026-03-08T23:45:24Z,goals,SKATER,CBJ,0,8476469
10410459,88056,Kent Johnson,CBJ,F,Goals,0.5,demon,False,LA,,,2026-03-09T16:00:00.000-04:00,122812,2026-03-08T23:45:24Z,goals,SKATER,LA,0,8482660
10410460,218256,Kirill Marchenko,CBJ,F,Goals,0.5,demon,False,LA,,,2026-03-09T16:00:00.000-04:00,122812,2026-03-08T23:45:24Z,goals,SKATER,LA,0,8480893
10410461,218320,Mathieu Olivier,CBJ,F,Goals,0.5,demon,False,LA,,,2026-03-09T16:00:00.000-04:00,122812,2026-03-08T23:45:24Z,goals,SKATER,LA,0,8479671
10410462,268031,Miles Wood,CBJ,F,Goals,0.5,demon,False,LA,,,2026-03-09T16:00:00.000-04:00,122812,2026-03-08T23:45:24Z,goals,SKATER,LA,0,8477425
10410463,86998,Quinton Byfield,LA,F,Goals,0.5,demon,False,CBJ,,,2026-03-09T16:00:00.000-04:00,122812,2026-03-08T23:45:24Z,goals,SKATER,CBJ,0,8482124
10410464,267635,Samuel Helenius,LA,F,Goals,0.5,demon,False,CBJ,,,2026-03-09T16:00:00.000-04:00,122812,2026-03-08T23:45:24Z,goals,SKATER,CBJ,0,8482726
10410465,305206,Scott Laughton,LA,F,Goals,0.5,demon,False,CBJ,,,2026-03-09T16:00:00.000-04:00,122812,2026-03-08T23:45:24Z,goals,SKATER,CBJ,0,8476872
10410466,218259,Sean Monahan,CBJ,F,Goals,0.5,demon,False,LA,,,2026-03-09T16:00:00.000-04:00,122812,2026-03-08T23:45:24Z,goals,SKATER,LA,0,8477497
10410467,59042,Trevor Moore,LA,F,Goals,0.5,demon,False,CBJ,,,2026-03-09T16:00:00.000-04:00,122812,2026-03-08T23:45:24Z,goals,SKATER,CBJ,0,8479675
10410468,218289,Zach Werenski,CBJ,D,Goals,0.5,demon,False,LA,,,2026-03-09T16:00:00.000-04:00,122812,2026-03-08T23:45:24Z,goals,SKATER,LA,0,8478460
10416941,267631,Alex Turcotte,LA,F,Goals,0.5,demon,False,CBJ,,,2026-03-09T16:00:00.000-04:00,122812,2026-03-08T23:45:24Z,goals,SKATER,CBJ,0,8481532
10416944,305296,Jared Wright,LA,F,Goals,0.5,demon,False,CBJ,,,2026-03-09T16:00:00.000-04:00,122812,2026-03-08T23:45:24Z,goals,SKATER,CBJ,0,8483756
10416947,287698,Mason Marchment,CBJ,F,Goals,0.5,demon,False,LA,,,2026-03-09T16:00:00.000-04:00,122812,2026-03-08T23:45:24Z,goals,SKATER,LA,0,8478975
10416949,291084,Taylor Ward,LA,F,Goals,0.5,demon,False,CBJ,,,2026-03-09T16:00:00.000-04:00,122812,2026-03-08T23:45:24Z,goals,SKATER,CBJ,0,8483406
10421353,218655,Mika Zibanejad,NYR,F,Shots On Goal,4.5,demon,False,PHI,,,2026-03-09T19:00:00.000-04:00,134416,2026-03-08T23:45:24Z,shots_on_goal,SKATER,PHI,0,8476459
10421335,218657,Adam Fox,NYR,D,Shots On Goal,3.5,demon,False,PHI,,,2026-03-09T19:00:00.000-04:00,134416,2026-03-08T23:45:24Z,shots_on_goal,SKATER,PHI,0,8479323
10421341,59488,Alexis Lafreniere,NYR,F,Shots On Goal,3.5,demon,False,PHI,,,2026-03-09T19:00:00.000-04:00,134416,2026-03-08T23:45:24Z,shots_on_goal,SKATER,PHI,0,8482109
10421352,218655,Mika Zibanejad,NYR,F,Shots On Goal,3.5,demon,False,PHI,,,2026-03-09T19:00:00.000-04:00,134416,2026-03-08T23:45:24Z,shots_on_goal,SKATER,PHI,0,8476459
10421360,218652,Vincent Trocheck,NYR,F,Shots On Goal,3.5,demon,False,PHI,,,2026-03-09T19:00:00.000-04:00,134416,2026-03-08T23:45:24Z,shots_on_goal,SKATER,PHI,0,8476389
10421364,218685,Will Cuylle,NYR,F,Shots On Goal,3.5,demon,False,PHI,,,2026-03-09T19:00:00.000-04:00,134416,2026-03-08T23:45:24Z,shots_on_goal,SKATER,PHI,0,8482157
10421334,218657,Adam Fox,NYR,D,Shots On Goal,2.5,demon,False,PHI,,,2026-03-09T19:00:00.000-04:00,134416,2026-03-08T23:45:24Z,shots_on_goal,SKATER,PHI,0,8479323
10421340,59488,Alexis Lafreniere,NYR,F,Shots On Goal,2.5,demon,False,PHI,,,2026-03-09T19:00:00.000-04:00,134416,2026-03-08T23:45:24Z,shots_on_goal,SKATER,PHI,0,8482109
10421355,218655,Mika Zibanejad,NYR,F,Shots On Goal,2.5,goblin,False,PHI,,,2026-03-09T19:00:00.000-04:00,134416,2026-03-08T23:45:24Z,shots_on_goal,SKATER,PHI,0,8476459
10421359,218652,Vincent Trocheck,NYR,F,Shots On Goal,2.5,demon,False,PHI,,,2026-03-09T19:00:00.000-04:00,134416,2026-03-08T23:45:24Z,shots_on_goal,SKATER,PHI,0,8476389
10421363,218685,Will Cuylle,NYR,F,Shots On Goal,2.5,demon,False,PHI,,,2026-03-09T19:00:00.000-04:00,134416,2026-03-08T23:45:24Z,shots_on_goal,SKATER,PHI,0,8482157
10421336,218657,Adam Fox,NYR,D,Shots On Goal,1.5,goblin,False,PHI,,,2026-03-09T19:00:00.000-04:00,134416,2026-03-08T23:45:24Z,shots_on_goal,SKATER,PHI,0,8479323
10421342,59488,Alexis Lafreniere,NYR,F,Shots On Goal,1.5,goblin,False,PHI,,,2026-03-09T19:00:00.000-04:00,134416,2026-03-08T23:45:24Z,shots_on_goal,SKATER,PHI,0,8482109
10421354,218655,Mika Zibanejad,NYR,F,Shots On Goal,1.5,goblin,False,PHI,,,2026-03-09T19:00:00.000-04:00,134416,2026-03-08T23:45:24Z,shots_on_goal,SKATER,PHI,0,8476459
10421361,218652,Vincent Trocheck,NYR,F,Shots On Goal,1.5,goblin,False,PHI,,,2026-03-09T19:00:00.000-04:00,134416,2026-03-08T23:45:24Z,shots_on_goal,SKATER,PHI,0,8476389
10421365,218685,Will Cuylle,NYR,F,Shots On Goal,1.5,goblin,False,PHI,,,2026-03-09T19:00:00.000-04:00,134416,2026-03-08T23:45:24Z,shots_on_goal,SKATER,PHI,0,8482157
10415420,218657,Adam Fox,NYR,D,Goals,0.5,demon,False,PHI,,,2026-03-09T19:00:00.000-04:00,134416,2026-03-08T23:45:24Z,goals,SKATER,PHI,0,8479323
10415421,59488,Alexis Lafreniere,NYR,F,Goals,0.5,demon,False,PHI,,,2026-03-09T19:00:00.000-04:00,134416,2026-03-08T23:45:24Z,goals,SKATER,PHI,0,8482109
10415422,93845,Cam York,PHI,D,Goals,0.5,demon,False,NYR,,,2026-03-09T19:00:00.000-04:00,134416,2026-03-08T23:45:24Z,goals,SKATER,NYR,0,8481546
10415423,268434,Carl Grundstrom,PHI,F,Goals,0.5,demon,False,NYR,,,2026-03-09T19:00:00.000-04:00,134416,2026-03-08T23:45:24Z,goals,SKATER,NYR,0,8479336
10415424,268079,Christian Dvorak,PHI,F,Goals,0.5,demon,False,NYR,,,2026-03-09T19:00:00.000-04:00,134416,2026-03-08T23:45:24Z,goals,SKATER,NYR,0,8477989
10415425,267725,Conor Sheary,NYR,F,Goals,0.5,demon,False,PHI,,,2026-03-09T19:00:00.000-04:00,134416,2026-03-08T23:45:24Z,goals,SKATER,PHI,0,8477839
10415426,287617,Denver Barkey,PHI,F,Goals,0.5,demon,False,NYR,,,2026-03-09T19:00:00.000-04:00,134416,2026-03-08T23:45:24Z,goals,SKATER,NYR,0,8484142
10415427,218297,Garnet Hathaway,PHI,F,Goals,0.5,demon,False,NYR,,,2026-03-09T19:00:00.000-04:00,134416,2026-03-08T23:45:24Z,goals,SKATER,NYR,0,8477903
10415428,185311,Jamie Drysdale,PHI,D,Goals,0.5,demon,False,NYR,,,2026-03-09T19:00:00.000-04:00,134416,2026-03-08T23:45:24Z,goals,SKATER,NYR,0,8482142
10415429,218271,Matvei Michkov,PHI,F,Goals,0.5,demon,False,NYR,,,2026-03-09T19:00:00.000-04:00,134416,2026-03-08T23:45:24Z,goals,SKATER,NYR,0,8484387
10415430,218655,Mika Zibanejad,NYR,F,Goals,0.5,demon,False,PHI,,,2026-03-09T19:00:00.000-04:00,134416,2026-03-08T23:45:24Z,goals,SKATER,PHI,0,8476459
10415431,269018,Nikita Grebenkin,PHI,F,Goals,0.5,demon,False,NYR,,,2026-03-09T19:00:00.000-04:00,134416,2026-03-08T23:45:24Z,goals,SKATER,NYR,0,8483733
10415432,63587,Noah Cates,PHI,F,Goals,0.5,demon,False,NYR,,,2026-03-09T19:00:00.000-04:00,134416,2026-03-08T23:45:24Z,goals,SKATER,NYR,0,8480220
10415433,267733,Noah Laba,NYR,F,Goals,0.5,demon,False,PHI,,,2026-03-09T19:00:00.000-04:00,134416,2026-03-08T23:45:24Z,goals,SKATER,PHI,0,8483690
10415434,218221,Owen Tippett,PHI,F,Goals,0.5,demon,False,NYR,,,2026-03-09T19:00:00.000-04:00,134416,2026-03-08T23:45:24Z,goals,SKATER,NYR,0,8480015
10415435,218296,Sean Couturier,PHI,F,Goals,0.5,demon,False,NYR,,,2026-03-09T19:00:00.000-04:00,134416,2026-03-08T23:45:24Z,goals,SKATER,NYR,0,8476461
10415436,267628,Taylor Raddysh,NYR,F,Goals,0.5,demon,False,PHI,,,2026-03-09T19:00:00.000-04:00,134416,2026-03-08T23:45:24Z,goals,SKATER,PHI,0,8479390
10415437,218222,Travis Konecny,PHI,F,Goals,0.5,demon,False,NYR,,,2026-03-09T19:00:00.000-04:00,134416,2026-03-08T23:45:24Z,goals,SKATER,NYR,0,8478439
10415438,218272,Travis Sanheim,PHI,D,Goals,0.5,demon,False,NYR,,,2026-03-09T19:00:00.000-04:00,134416,2026-03-08T23:45:24Z,goals,SKATER,NYR,0,8477948
10415439,268081,Trevor Zegras,PHI,F,Goals,0.5,demon,False,NYR,,,2026-03-09T19:00:00.000-04:00,134416,2026-03-08T23:45:24Z,goals,SKATER,NYR,0,8481533
10415440,303677,Tye Kartye,NYR,F,Goals,0.5,demon,False,PHI,,,2026-03-09T19:00:00.000-04:00,134416,2026-03-08T23:45:24Z,goals,SKATER,PHI,0,8481789
10415441,218652,Vincent Trocheck,NYR,F,Goals,0.5,demon,False,PHI,,,2026-03-09T19:00:00.000-04:00,134416,2026-03-08T23:45:24Z,goals,SKATER,PHI,0,8476389
10415442,267629,Vladislav Gavrikov,NYR,D,Goals,0.5,demon,False,PHI,,,2026-03-09T19:00:00.000-04:00,134416,2026-03-08T23:45:24Z,goals,SKATER,PHI,0,8478882
10415443,218685,Will Cuylle,NYR,F,Goals,0.5,demon,False,PHI,,,2026-03-09T19:00:00.000-04:00,134416,2026-03-08T23:45:24Z,goals,SKATER,PHI,0,8482157
10416458,305708,Alex Bump,PHI,F,Goals,0.5,demon,False,NYR,,,2026-03-09T19:00:00.000-04:00,134416,2026-03-08T23:45:24Z,goals,SKATER,NYR,0,8483731
10416460,303263,Brendan Brisson,NYR,F,Goals,0.5,demon,False,PHI,,,2026-03-09T19:00:00.000-04:00,134416,2026-03-08T23:45:24Z,goals,SKATER,PHI,0,8482153
10415396,218565,Alex Ovechkin,WSH,F,Goals,1.5,demon,False,CGY,,,2026-03-09T19:00:00.000-04:00,134415,2026-03-08T23:45:24Z,goals,SKATER,CGY,0,8471214
10415417,218567,Tom Wilson,WSH,F,Goals,1.5,demon,False,CGY,,,2026-03-09T19:00:00.000-04:00,134415,2026-03-08T23:45:24Z,goals,SKATER,CGY,0,8476880
10415394,235429,Adam Klapka,CGY,F,Goals,0.5,demon,False,WSH,,,2026-03-09T19:00:00.000-04:00,134415,2026-03-08T23:45:24Z,goals,SKATER,WSH,0,8483609
10415395,218565,Alex Ovechkin,WSH,F,Goals,0.5,demon,False,CGY,,,2026-03-09T19:00:00.000-04:00,134415,2026-03-08T23:45:24Z,goals,SKATER,CGY,0,8471214
10415397,184753,Aliaksei Protas,WSH,F,Goals,0.5,demon,False,CGY,,,2026-03-09T19:00:00.000-04:00,134415,2026-03-08T23:45:24Z,goals,SKATER,CGY,0,8481656
10415398,231031,Anthony Beauvillier,WSH,F,Goals,0.5,demon,False,CGY,,,2026-03-09T19:00:00.000-04:00,134415,2026-03-08T23:45:24Z,goals,SKATER,CGY,0,8478463
10415399,218235,Blake Coleman,CGY,F,Goals,0.5,demon,False,WSH,,,2026-03-09T19:00:00.000-04:00,134415,2026-03-08T23:45:24Z,goals,SKATER,WSH,0,8476399
10415400,237156,Brandon Duhaime,WSH,F,Goals,0.5,demon,False,CGY,,,2026-03-09T19:00:00.000-04:00,134415,2026-03-08T23:45:24Z,goals,SKATER,CGY,0,8479520
10415401,61871,Connor McMichael,WSH,F,Goals,0.5,demon,False,CGY,,,2026-03-09T19:00:00.000-04:00,134415,2026-03-08T23:45:24Z,goals,SKATER,CGY,0,8481580
10415402,218703,Connor Zary,CGY,F,Goals,0.5,demon,False,WSH,,,2026-03-09T19:00:00.000-04:00,134415,2026-03-08T23:45:24Z,goals,SKATER,WSH,0,8482074
10415403,305203,David Kampf,WSH,F,Goals,0.5,demon,False,CGY,,,2026-03-09T19:00:00.000-04:00,134415,2026-03-08T23:45:24Z,goals,SKATER,CGY,0,8480144
10415404,87042,Dylan Strome,WSH,F,Goals,0.5,demon,False,CGY,,,2026-03-09T19:00:00.000-04:00,134415,2026-03-08T23:45:24Z,goals,SKATER,CGY,0,8478440
10415405,272339,Ethen Frank,WSH,F,Goals,0.5,demon,False,CGY,,,2026-03-09T19:00:00.000-04:00,134415,2026-03-08T23:45:24Z,goals,SKATER,CGY,0,8483573
10415406,219643,Jakob Chychrun,WSH,D,Goals,0.5,demon,False,CGY,,,2026-03-09T19:00:00.000-04:00,134415,2026-03-08T23:45:24Z,goals,SKATER,CGY,0,8479345
10415407,231996,Joel Farabee,CGY,F,Goals,0.5,demon,False,WSH,,,2026-03-09T19:00:00.000-04:00,134415,2026-03-08T23:45:24Z,goals,SKATER,WSH,0,8480797
10415408,267673,Justin Sourdif,WSH,F,Goals,0.5,demon,False,CGY,,,2026-03-09T19:00:00.000-04:00,134415,2026-03-08T23:45:24Z,goals,SKATER,CGY,0,8482088
10415409,173353,Matt Coronato,CGY,F,Goals,0.5,demon,False,WSH,,,2026-03-09T19:00:00.000-04:00,134415,2026-03-08T23:45:24Z,goals,SKATER,WSH,0,8482679
10415410,267802,Matvei Gridin,CGY,F,Goals,0.5,demon,False,WSH,,,2026-03-09T19:00:00.000-04:00,134415,2026-03-08T23:45:24Z,goals,SKATER,WSH,0,8484860
10415411,218240,Mikael Backlund,CGY,F,Goals,0.5,demon,False,WSH,,,2026-03-09T19:00:00.000-04:00,134415,2026-03-08T23:45:24Z,goals,SKATER,WSH,0,8474150
10415412,226754,Morgan Frost,CGY,F,Goals,0.5,demon,False,WSH,,,2026-03-09T19:00:00.000-04:00,134415,2026-03-08T23:45:24Z,goals,SKATER,WSH,0,8480028
10415413,218574,Pierre-Luc Dubois,WSH,F,Goals,0.5,demon,False,CGY,,,2026-03-09T19:00:00.000-04:00,134415,2026-03-08T23:45:24Z,goals,SKATER,CGY,0,8479400
10415414,233970,Ryan Leonard,WSH,F,Goals,0.5,demon,False,CGY,,,2026-03-09T19:00:00.000-04:00,134415,2026-03-08T23:45:24Z,goals,SKATER,CGY,0,8484186
10415415,305207,Ryan Strome,CGY,F,Goals,0.5,demon,False,WSH,,,2026-03-09T19:00:00.000-04:00,134415,2026-03-08T23:45:24Z,goals,SKATER,WSH,0,8476458
10415416,218567,Tom Wilson,WSH,F,Goals,0.5,demon,False,CGY,,,2026-03-09T19:00:00.000-04:00,134415,2026-03-08T23:45:24Z,goals,SKATER,CGY,0,8476880
10415418,305208,Victor Olofsson,CGY,F,Goals,0.5,demon,False,WSH,,,2026-03-09T19:00:00.000-04:00,134415,2026-03-08T23:45:24Z,goals,SKATER,WSH,0,8478109
10415419,218650,Yegor Sharangovich,CGY,F,Goals,0.5,demon,False,WSH,,,2026-03-09T19:00:00.000-04:00,134415,2026-03-08T23:45:24Z,goals,SKATER,WSH,0,8481068
10418614,218292,Martin Pospisil,CGY,F,Goals,0.5,demon,False,WSH,,,2026-03-09T19:00:00.000-04:00,134415,2026-03-08T23:45:24Z,goals,SKATER,WSH,0,8481028
10416774,218572,Connor Bedard,CHI,F,Shots On Goal,5.5,demon,False,UTA,,,2026-03-09T20:30:00.000-04:00,134715,2026-03-08T23:45:24Z,shots_on_goal,SKATER,UTA,0,8484144
10416786,218263,Dylan Guenther,UTA,F,Shots On Goal,5.5,demon,False,CHI,,,2026-03-09T20:30:00.000-04:00,134715,2026-03-08T23:45:24Z,shots_on_goal,SKATER,CHI,0,8482699
10416762,218280,Clayton Keller,UTA,F,Shots On Goal,4.5,demon,False,CHI,,,2026-03-09T20:30:00.000-04:00,134715,2026-03-08T23:45:24Z,shots_on_goal,SKATER,CHI,0,8479343
10416773,218572,Connor Bedard,CHI,F,Shots On Goal,4.5,demon,False,UTA,,,2026-03-09T20:30:00.000-04:00,134715,2026-03-08T23:45:24Z,shots_on_goal,SKATER,UTA,0,8484144
10416785,218263,Dylan Guenther,UTA,F,Shots On Goal,4.5,demon,False,CHI,,,2026-03-09T20:30:00.000-04:00,134715,2026-03-08T23:45:24Z,shots_on_goal,SKATER,CHI,0,8482699
10416761,218280,Clayton Keller,UTA,F,Shots On Goal,3.5,demon,False,CHI,,,2026-03-09T20:30:00.000-04:00,134715,2026-03-08T23:45:24Z,shots_on_goal,SKATER,CHI,0,8479343
10416772,218572,Connor Bedard,CHI,F,Shots On Goal,3.5,demon,False,UTA,,,2026-03-09T20:30:00.000-04:00,134715,2026-03-08T23:45:24Z,shots_on_goal,SKATER,UTA,0,8484144
10416784,218263,Dylan Guenther,UTA,F,Shots On Goal,3.5,demon,False,CHI,,,2026-03-09T20:30:00.000-04:00,134715,2026-03-08T23:45:24Z,shots_on_goal,SKATER,CHI,0,8482699
10416795,305430,MacKenzie Weegar,UTA,D,Shots On Goal,3.5,demon,False,CHI,,,2026-03-09T20:30:00.000-04:00,134715,2026-03-08T23:45:24Z,shots_on_goal,SKATER,CHI,0,8477346
10416807,215671,Nick Schmaltz,UTA,F,Shots On Goal,3.5,demon,False,CHI,,,2026-03-09T20:30:00.000-04:00,134715,2026-03-08T23:45:24Z,shots_on_goal,SKATER,CHI,0,8477951
10416775,218572,Connor Bedard,CHI,F,Shots On Goal,2.5,goblin,False,UTA,,,2026-03-09T20:30:00.000-04:00,134715,2026-03-08T23:45:24Z,shots_on_goal,SKATER,UTA,0,8484144
10416787,218263,Dylan Guenther,UTA,F,Shots On Goal,2.5,goblin,False,CHI,,,2026-03-09T20:30:00.000-04:00,134715,2026-03-08T23:45:24Z,shots_on_goal,SKATER,CHI,0,8482699
10416794,305430,MacKenzie Weegar,UTA,D,Shots On Goal,2.5,demon,False,CHI,,,2026-03-09T20:30:00.000-04:00,134715,2026-03-08T23:45:24Z,shots_on_goal,SKATER,CHI,0,8477346
10416801,218265,Mikhail Sergachev,UTA,D,Shots On Goal,2.5,demon,False,CHI,,,2026-03-09T20:30:00.000-04:00,134715,2026-03-08T23:45:24Z,shots_on_goal,SKATER,CHI,0,8479410
10416808,215671,Nick Schmaltz,UTA,F,Shots On Goal,2.5,demon,False,CHI,,,2026-03-09T20:30:00.000-04:00,134715,2026-03-08T23:45:24Z,shots_on_goal,SKATER,CHI,0,8477951
10416763,218280,Clayton Keller,UTA,F,Shots On Goal,1.5,goblin,False,CHI,,,2026-03-09T20:30:00.000-04:00,134715,2026-03-08T23:45:24Z,shots_on_goal,SKATER,CHI,0,8479343
10416796,305430,MacKenzie Weegar,UTA,D,Shots On Goal,1.5,goblin,False,CHI,,,2026-03-09T20:30:00.000-04:00,134715,2026-03-08T23:45:24Z,shots_on_goal,SKATER,CHI,0,8477346
10416802,218265,Mikhail Sergachev,UTA,D,Shots On Goal,1.5,goblin,False,CHI,,,2026-03-09T20:30:00.000-04:00,134715,2026-03-08T23:45:24Z,shots_on_goal,SKATER,CHI,0,8479410
10416809,215671,Nick Schmaltz,UTA,F,Shots On Goal,1.5,goblin,False,CHI,,,2026-03-09T20:30:00.000-04:00,134715,2026-03-08T23:45:24Z,shots_on_goal,SKATER,CHI,0,8477951
10415444,267614,Andre Burakovsky,CHI,F,Goals,0.5,demon,False,UTA,,,2026-03-09T20:30:00.000-04:00,134715,2026-03-08T23:45:24Z,goals,SKATER,UTA,0,8477444
10415445,215510,Barrett Hayton,UTA,F,Goals,0.5,demon,False,CHI,,,2026-03-09T20:30:00.000-04:00,134715,2026-03-08T23:45:24Z,goals,SKATER,CHI,0,8480849
10415446,268545,Brandon Tanev,UTA,F,Goals,0.5,demon,False,CHI,,,2026-03-09T20:30:00.000-04:00,134715,2026-03-08T23:45:24Z,goals,SKATER,CHI,0,8479293
10415447,218280,Clayton Keller,UTA,F,Goals,0.5,demon,False,CHI,,,2026-03-09T20:30:00.000-04:00,134715,2026-03-08T23:45:24Z,goals,SKATER,CHI,0,8479343
10415448,218572,Connor Bedard,CHI,F,Goals,0.5,demon,False,UTA,,,2026-03-09T20:30:00.000-04:00,134715,2026-03-08T23:45:24Z,goals,SKATER,UTA,0,8484144
10415449,218263,Dylan Guenther,UTA,F,Goals,0.5,demon,False,CHI,,,2026-03-09T20:30:00.000-04:00,134715,2026-03-08T23:45:24Z,goals,SKATER,CHI,0,8482699
10415450,230314,Frank Nazar,CHI,F,Goals,0.5,demon,False,UTA,,,2026-03-09T20:30:00.000-04:00,134715,2026-03-08T23:45:24Z,goals,SKATER,UTA,0,8483493
10415451,226252,Ilya Mikheyev,CHI,F,Goals,0.5,demon,False,UTA,,,2026-03-09T20:30:00.000-04:00,134715,2026-03-08T23:45:24Z,goals,SKATER,UTA,0,8481624
10415452,268288,JJ Peterka,UTA,F,Goals,0.5,demon,False,CHI,,,2026-03-09T20:30:00.000-04:00,134715,2026-03-08T23:45:24Z,goals,SKATER,CHI,0,8482175
10415453,218308,Jack McBain,UTA,F,Goals,0.5,demon,False,CHI,,,2026-03-09T20:30:00.000-04:00,134715,2026-03-08T23:45:24Z,goals,SKATER,CHI,0,8480855
10415454,268546,Kailer Yamamoto,UTA,F,Goals,0.5,demon,False,CHI,,,2026-03-09T20:30:00.000-04:00,134715,2026-03-08T23:45:24Z,goals,SKATER,CHI,0,8479977
10415455,268547,Kevin Stenlund,UTA,F,Goals,0.5,demon,False,CHI,,,2026-03-09T20:30:00.000-04:00,134715,2026-03-08T23:45:24Z,goals,SKATER,CHI,0,8478831
10415456,267618,Landon Slaggert,CHI,F,Goals,0.5,demon,False,UTA,,,2026-03-09T20:30:00.000-04:00,134715,2026-03-08T23:45:24Z,goals,SKATER,UTA,0,8482172
10415457,216053,Lawson Crouse,UTA,F,Goals,0.5,demon,False,CHI,,,2026-03-09T20:30:00.000-04:00,134715,2026-03-08T23:45:24Z,goals,SKATER,CHI,0,8478474
10415458,268943,Liam O'Brien,UTA,F,Goals,0.5,demon,False,CHI,,,2026-03-09T20:30:00.000-04:00,134715,2026-03-08T23:45:24Z,goals,SKATER,CHI,0,8477070
10415459,220958,Logan Cooley,UTA,F,Goals,0.5,demon,False,CHI,,,2026-03-09T20:30:00.000-04:00,134715,2026-03-08T23:45:24Z,goals,SKATER,CHI,0,8483431
10415460,269201,Matt Grzelcyk,CHI,D,Goals,0.5,demon,False,UTA,,,2026-03-09T20:30:00.000-04:00,134715,2026-03-08T23:45:24Z,goals,SKATER,UTA,0,8476891
10415461,268548,Michael Carcone,UTA,F,Goals,0.5,demon,False,CHI,,,2026-03-09T20:30:00.000-04:00,134715,2026-03-08T23:45:24Z,goals,SKATER,CHI,0,8479619
10415462,218265,Mikhail Sergachev,UTA,D,Goals,0.5,demon,False,CHI,,,2026-03-09T20:30:00.000-04:00,134715,2026-03-08T23:45:24Z,goals,SKATER,CHI,0,8479410
10415463,270012,Nate Schmidt,UTA,D,Goals,0.5,demon,False,CHI,,,2026-03-09T20:30:00.000-04:00,134715,2026-03-08T23:45:24Z,goals,SKATER,CHI,0,8477220
10415464,215671,Nick Schmaltz,UTA,F,Goals,0.5,demon,False,CHI,,,2026-03-09T20:30:00.000-04:00,134715,2026-03-08T23:45:24Z,goals,SKATER,CHI,0,8477951
10415465,268938,Oliver Moore,CHI,F,Goals,0.5,demon,False,UTA,,,2026-03-09T20:30:00.000-04:00,134715,2026-03-08T23:45:24Z,goals,SKATER,UTA,0,8484197
10415466,172023,Ryan Donato,CHI,F,Goals,0.5,demon,False,UTA,,,2026-03-09T20:30:00.000-04:00,134715,2026-03-08T23:45:24Z,goals,SKATER,UTA,0,8477987
10415467,267760,Ryan Greene,CHI,F,Goals,0.5,demon,False,UTA,,,2026-03-09T20:30:00.000-04:00,134715,2026-03-08T23:45:24Z,goals,SKATER,UTA,0,8483450
10415468,215507,Sean Durzi,UTA,D,Goals,0.5,demon,False,CHI,,,2026-03-09T20:30:00.000-04:00,134715,2026-03-08T23:45:24Z,goals,SKATER,CHI,0,8480434
10415469,216151,Teuvo Teravainen,CHI,F,Goals,0.5,demon,False,UTA,,,2026-03-09T20:30:00.000-04:00,134715,2026-03-08T23:45:24Z,goals,SKATER,UTA,0,8476882
10415470,216400,Tyler Bertuzzi,CHI,F,Goals,0.5,demon,False,UTA,,,2026-03-09T20:30:00.000-04:00,134715,2026-03-08T23:45:24Z,goals,SKATER,UTA,0,8477479
10416752,305082,Andrew Mangiapane,CHI,F,Goals,0.5,demon,False,UTA,,,2026-03-09T20:30:00.000-04:00,134715,2026-03-08T23:45:24Z,goals,SKATER,UTA,0,8478233
10416791,305430,MacKenzie Weegar,UTA,D,Goals,0.5,demon,False,CHI,,,2026-03-09T20:30:00.000-04:00,134715,2026-03-08T23:45:24Z,goals,SKATER,CHI,0,8477346
10415473,218268,Brady Tkachuk,OTT,F,Goals,1.5,demon,False,VAN,,,2026-03-09T21:00:00.000-04:00,134716,2026-03-08T23:45:24Z,goals,SKATER,VAN,0,8480801
10415471,268362,Aatu Raty,VAN,F,Goals,0.5,demon,False,OTT,,,2026-03-09T21:00:00.000-04:00,134716,2026-03-08T23:45:24Z,goals,SKATER,OTT,0,8482691
10415472,218268,Brady Tkachuk,OTT,F,Goals,0.5,demon,False,VAN,,,2026-03-09T21:00:00.000-04:00,134716,2026-03-08T23:45:24Z,goals,SKATER,VAN,0,8480801
10415474,57905,Brock Boeser,VAN,F,Goals,0.5,demon,False,OTT,,,2026-03-09T21:00:00.000-04:00,134716,2026-03-08T23:45:24Z,goals,SKATER,OTT,0,8478444
10415475,218662,Claude Giroux,OTT,F,Goals,0.5,demon,False,VAN,,,2026-03-09T21:00:00.000-04:00,134716,2026-03-08T23:45:24Z,goals,SKATER,VAN,0,8473512
10415476,305683,Curtis Douglas,VAN,F,Goals,0.5,demon,False,OTT,,,2026-03-09T21:00:00.000-04:00,134716,2026-03-08T23:45:24Z,goals,SKATER,OTT,0,8480876
10415477,218217,Drake Batherson,OTT,F,Goals,0.5,demon,False,VAN,,,2026-03-09T21:00:00.000-04:00,134716,2026-03-08T23:45:24Z,goals,SKATER,VAN,0,8480208
10415478,229218,Drew O'Connor,VAN,F,Goals,0.5,demon,False,OTT,,,2026-03-09T21:00:00.000-04:00,134716,2026-03-08T23:45:24Z,goals,SKATER,OTT,0,8482055
10415479,231106,Dylan Cozens,OTT,F,Goals,0.5,demon,False,VAN,,,2026-03-09T21:00:00.000-04:00,134716,2026-03-08T23:45:24Z,goals,SKATER,VAN,0,8481528
10415480,268364,Evander Kane,VAN,F,Goals,0.5,demon,False,OTT,,,2026-03-09T21:00:00.000-04:00,134716,2026-03-08T23:45:24Z,goals,SKATER,OTT,0,8475169
10415481,231708,Fabian Zetterlund,OTT,F,Goals,0.5,demon,False,VAN,,,2026-03-09T21:00:00.000-04:00,134716,2026-03-08T23:45:24Z,goals,SKATER,VAN,0,8480188
10415482,171358,Filip Hronek,VAN,D,Goals,0.5,demon,False,OTT,,,2026-03-09T21:00:00.000-04:00,134716,2026-03-08T23:45:24Z,goals,SKATER,OTT,0,8479425
10415483,215519,Jake DeBrusk,VAN,F,Goals,0.5,demon,False,OTT,,,2026-03-09T21:00:00.000-04:00,134716,2026-03-08T23:45:24Z,goals,SKATER,OTT,0,8478498
10415484,218220,Jake Sanderson,OTT,D,Goals,0.5,demon,False,VAN,,,2026-03-09T21:00:00.000-04:00,134716,2026-03-08T23:45:24Z,goals,SKATER,VAN,0,8482105
10415485,272276,Jordan Spence,OTT,D,Goals,0.5,demon,False,VAN,,,2026-03-09T21:00:00.000-04:00,134716,2026-03-08T23:45:24Z,goals,SKATER,VAN,0,8481606
10415486,268021,Lars Eller,OTT,F,Goals,0.5,demon,False,VAN,,,2026-03-09T21:00:00.000-04:00,134716,2026-03-08T23:45:24Z,goals,SKATER,VAN,0,8474189
10415487,286558,Liam Ohgren,VAN,F,Goals,0.5,demon,False,OTT,,,2026-03-09T21:00:00.000-04:00,134716,2026-03-08T23:45:24Z,goals,SKATER,OTT,0,8483499
10415488,268365,Linus Karlsson,VAN,F,Goals,0.5,demon,False,OTT,,,2026-03-09T21:00:00.000-04:00,134716,2026-03-08T23:45:24Z,goals,SKATER,OTT,0,8481024
10415489,286708,Marco Rossi,VAN,F,Goals,0.5,demon,False,OTT,,,2026-03-09T21:00:00.000-04:00,134716,2026-03-08T23:45:24Z,goals,SKATER,OTT,0,8482079
10415490,270999,Max Sasson,VAN,F,Goals,0.5,demon,False,OTT,,,2026-03-09T21:00:00.000-04:00,134716,2026-03-08T23:45:24Z,goals,SKATER,OTT,0,8484136
10415491,268022,Michael Amadio,OTT,F,Goals,0.5,demon,False,VAN,,,2026-03-09T21:00:00.000-04:00,134716,2026-03-08T23:45:24Z,goals,SKATER,VAN,0,8478020
10415492,223367,Nick Cousins,OTT,F,Goals,0.5,demon,False,VAN,,,2026-03-09T21:00:00.000-04:00,134716,2026-03-08T23:45:24Z,goals,SKATER,VAN,0,8476393
10415493,172192,Ridly Greig,OTT,F,Goals,0.5,demon,False,VAN,,,2026-03-09T21:00:00.000-04:00,134716,2026-03-08T23:45:24Z,goals,SKATER,VAN,0,8482092
10415494,88000,Shane Pinto,OTT,F,Goals,0.5,demon,False,VAN,,,2026-03-09T21:00:00.000-04:00,134716,2026-03-08T23:45:24Z,goals,SKATER,VAN,0,8481596
10415495,281303,Stephen Halliday,OTT,F,Goals,0.5,demon,False,VAN,,,2026-03-09T21:00:00.000-04:00,134716,2026-03-08T23:45:24Z,goals,SKATER,VAN,0,8483676
10415496,268366,Teddy Blueger,VAN,F,Goals,0.5,demon,False,OTT,,,2026-03-09T21:00:00.000-04:00,134716,2026-03-08T23:45:24Z,goals,SKATER,OTT,0,8476927
10415497,218269,Thomas Chabot,OTT,D,Goals,0.5,demon,False,VAN,,,2026-03-09T21:00:00.000-04:00,134716,2026-03-08T23:45:24Z,goals,SKATER,VAN,0,8478469
10415498,276194,Tom Willander,VAN,D,Goals,0.5,demon,False,OTT,,,2026-03-09T21:00:00.000-04:00,134716,2026-03-08T23:45:24Z,goals,SKATER,OTT,0,8484240
10415499,305145,Warren Foegele,OTT,F,Goals,0.5,demon,False,VAN,,,2026-03-09T21:00:00.000-04:00,134716,2026-03-08T23:45:24Z,goals,SKATER,VAN,0,8477998
10415500,286553,Zeev Buium,VAN,D,Goals,0.5,demon,False,OTT,,,2026-03-09T21:00:00.000-04:00,134716,2026-03-08T23:45:24Z,goals,SKATER,OTT,0,8484798
10417108,58183,Nils Hoglander,VAN,F,Goals,0.5,demon,False,OTT,,,2026-03-09T21:00:00.000-04:00,134716,2026-03-08T23:45:24Z,goals,SKATER,OTT,0,8481535
