proj_id,player_id,cbb_player_key,player,player_norm,team_abbr,opp_team_abbr,pp_team,pp_opp_team,pos,prop_type,prop_norm,pick_type,line,start_time,pp_game_id,league_id,team,stat_type,odds_type
10250255,292115,alfred worrell|MORG,Alfred Worrell,alfred worrell,MORG,NORF,MORG,NORF,G,Points,pts,Standard,18.5,2026-03-02T18:00:00.000-05:00,132399,20,MORG,Points,standard
10250259,304095,anthony mccomb|NORF,Anthony McComb,anthony mccomb,NORF,MORG,NORF,MORG,G,Points,pts,Standard,17.5,2026-03-02T18:00:00.000-05:00,132399,20,NORF,Points,standard
10250261,304097,elijah jamison|NORF,Elijah Jamison,elijah jamison,NORF,MORG,NORF,MORG,G,Points,pts,Standard,12.5,2026-03-02T18:00:00.000-05:00,132399,20,NORF,Points,standard
10250257,292112,rob lawson|MORG,Rob Lawson,rob lawson,MORG,NORF,MORG,NORF,G,Points,pts,Standard,11.0,2026-03-02T18:00:00.000-05:00,132399,20,MORG,Points,standard
10250260,304096,devon ellis|NORF,Devon Ellis,devon ellis,NORF,MORG,NORF,MORG,F,Points,pts,Standard,11.0,2026-03-02T18:00:00.000-05:00,132399,20,NORF,Points,standard
10250256,304093,eugene alvin|MORG,Eugene Alvin,eugene alvin,MORG,NORF,MORG,NORF,F,Points,pts,Standard,8.0,2026-03-02T18:00:00.000-05:00,132399,20,MORG,Points,standard
10250258,304094,walter peggs|MORG,Walter Peggs,walter peggs,MORG,NORF,MORG,NORF,G,Points,pts,Standard,8.0,2026-03-02T18:00:00.000-05:00,132399,20,MORG,Points,standard
10250270,292115,alfred worrell|MORG,Alfred Worrell,alfred worrell,MORG,NORF,MORG,NORF,G,Rebounds,reb,Standard,4.5,2026-03-02T18:00:00.000-05:00,132399,20,MORG,Rebounds,standard
10250272,304096,devon ellis|NORF,Devon Ellis,devon ellis,NORF,MORG,NORF,MORG,F,Rebounds,reb,Standard,4.5,2026-03-02T18:00:00.000-05:00,132399,20,NORF,Rebounds,standard
10250271,292112,rob lawson|MORG,Rob Lawson,rob lawson,MORG,NORF,MORG,NORF,G,Rebounds,reb,Standard,3.5,2026-03-02T18:00:00.000-05:00,132399,20,MORG,Rebounds,standard
10238339,274122,cameron boozer|DUKE,Cameron Boozer,cameron boozer,DUKE,NCST,DUKE,NCST,F,Points,pts,Standard,22.5,2026-03-02T19:00:00.000-05:00,132400,20,DUKE,Points,standard
10238341,218054,caleb foster|DUKE,Caleb Foster,caleb foster,DUKE,NCST,DUKE,NCST,G,Points,pts,Standard,8.5,2026-03-02T19:00:00.000-05:00,132400,20,DUKE,Points,standard
10239665,274122,cameron boozer|DUKE,Cameron Boozer,cameron boozer,DUKE,NCST,DUKE,NCST,F,Fantasy Score,fantasy,Standard,42.5,2026-03-02T19:00:00.000-05:00,132400,20,DUKE,Fantasy Score,standard
10239144,274122,cameron boozer|DUKE,Cameron Boozer,cameron boozer,DUKE,NCST,DUKE,NCST,F,Pts+Rebs+Asts,pra,Standard,36.5,2026-03-02T19:00:00.000-05:00,132400,20,DUKE,Pts+Rebs+Asts,standard
10239286,274122,cameron boozer|DUKE,Cameron Boozer,cameron boozer,DUKE,NCST,DUKE,NCST,F,Pts+Rebs,pr,Standard,32.5,2026-03-02T19:00:00.000-05:00,132400,20,DUKE,Pts+Rebs,standard
10239314,274122,cameron boozer|DUKE,Cameron Boozer,cameron boozer,DUKE,NCST,DUKE,NCST,F,Pts+Asts,pa,Standard,26.5,2026-03-02T19:00:00.000-05:00,132400,20,DUKE,Pts+Asts,standard
10239674,277931,quadir copeland|NCST,Quadir Copeland,quadir copeland,NCST,DUKE,NCST,DUKE,G,Fantasy Score,fantasy,Standard,26.5,2026-03-02T19:00:00.000-05:00,132400,20,NCST,Fantasy Score,standard
10239679,276747,ven allen lubin|NCST,Ven-Allen Lubin,ven allen lubin,NCST,DUKE,NCST,DUKE,F,Fantasy Score,fantasy,Standard,25.5,2026-03-02T19:00:00.000-05:00,132400,20,NCST,Fantasy Score,standard
10239669,276746,darrion williams|NCST,Darrion Williams,darrion williams,NCST,DUKE,NCST,DUKE,F,Fantasy Score,fantasy,Standard,24.5,2026-03-02T19:00:00.000-05:00,132400,20,NCST,Fantasy Score,standard
10239149,277931,quadir copeland|NCST,Quadir Copeland,quadir copeland,NCST,DUKE,NCST,DUKE,G,Pts+Rebs+Asts,pra,Standard,22.0,2026-03-02T19:00:00.000-05:00,132400,20,NCST,Pts+Rebs+Asts,standard
10239666,221498,isaiah evans|DUKE,Isaiah Evans,isaiah evans,DUKE,NCST,DUKE,NCST,G-F,Fantasy Score,fantasy,Standard,22.0,2026-03-02T19:00:00.000-05:00,132400,20,DUKE,Fantasy Score,standard
10239667,274124,patrick ngongba|DUKE,Patrick Ngongba,patrick ngongba,DUKE,NCST,DUKE,NCST,C,Fantasy Score,fantasy,Standard,22.0,2026-03-02T19:00:00.000-05:00,132400,20,DUKE,Fantasy Score,standard
10239150,276747,ven allen lubin|NCST,Ven-Allen Lubin,ven allen lubin,NCST,DUKE,NCST,DUKE,F,Pts+Rebs+Asts,pra,Standard,21.0,2026-03-02T19:00:00.000-05:00,132400,20,NCST,Pts+Rebs+Asts,standard
10239292,276747,ven allen lubin|NCST,Ven-Allen Lubin,ven allen lubin,NCST,DUKE,NCST,DUKE,F,Pts+Rebs,pr,Standard,20.0,2026-03-02T19:00:00.000-05:00,132400,20,NCST,Pts+Rebs,standard
10239145,221498,isaiah evans|DUKE,Isaiah Evans,isaiah evans,DUKE,NCST,DUKE,NCST,G-F,Pts+Rebs+Asts,pra,Standard,19.5,2026-03-02T19:00:00.000-05:00,132400,20,DUKE,Pts+Rebs+Asts,standard
10239147,276746,darrion williams|NCST,Darrion Williams,darrion williams,NCST,DUKE,NCST,DUKE,F,Pts+Rebs+Asts,pra,Standard,19.5,2026-03-02T19:00:00.000-05:00,132400,20,NCST,Pts+Rebs+Asts,standard
10239319,277931,quadir copeland|NCST,Quadir Copeland,quadir copeland,NCST,DUKE,NCST,DUKE,G,Pts+Asts,pa,Standard,19.0,2026-03-02T19:00:00.000-05:00,132400,20,NCST,Pts+Asts,standard
10239146,274124,patrick ngongba|DUKE,Patrick Ngongba,patrick ngongba,DUKE,NCST,DUKE,NCST,C,Pts+Rebs+Asts,pra,Standard,18.5,2026-03-02T19:00:00.000-05:00,132400,20,DUKE,Pts+Rebs+Asts,standard
10239287,221498,isaiah evans|DUKE,Isaiah Evans,isaiah evans,DUKE,NCST,DUKE,NCST,G-F,Pts+Rebs,pr,Standard,18.5,2026-03-02T19:00:00.000-05:00,132400,20,DUKE,Pts+Rebs,standard
10239672,277930,paul mcneil|NCST,Paul McNeil,paul mcneil,NCST,DUKE,NCST,DUKE,G,Fantasy Score,fantasy,Standard,18.5,2026-03-02T19:00:00.000-05:00,132400,20,NCST,Fantasy Score,standard
10239289,276746,darrion williams|NCST,Darrion Williams,darrion williams,NCST,DUKE,NCST,DUKE,F,Pts+Rebs,pr,Standard,17.5,2026-03-02T19:00:00.000-05:00,132400,20,NCST,Pts+Rebs,standard
10239664,218054,caleb foster|DUKE,Caleb Foster,caleb foster,DUKE,NCST,DUKE,NCST,G,Fantasy Score,fantasy,Standard,17.5,2026-03-02T19:00:00.000-05:00,132400,20,DUKE,Fantasy Score,standard
10239288,274124,patrick ngongba|DUKE,Patrick Ngongba,patrick ngongba,DUKE,NCST,DUKE,NCST,C,Pts+Rebs,pr,Standard,17.0,2026-03-02T19:00:00.000-05:00,132400,20,DUKE,Pts+Rebs,standard
10239315,221498,isaiah evans|DUKE,Isaiah Evans,isaiah evans,DUKE,NCST,DUKE,NCST,G-F,Pts+Asts,pa,Standard,16.5,2026-03-02T19:00:00.000-05:00,132400,20,DUKE,Pts+Asts,standard
10238311,221498,isaiah evans|DUKE,Isaiah Evans,isaiah evans,DUKE,NCST,DUKE,NCST,G-F,Points,pts,Standard,15.5,2026-03-02T19:00:00.000-05:00,132400,20,DUKE,Points,standard
10239143,218054,caleb foster|DUKE,Caleb Foster,caleb foster,DUKE,NCST,DUKE,NCST,G,Pts+Rebs+Asts,pra,Standard,15.5,2026-03-02T19:00:00.000-05:00,132400,20,DUKE,Pts+Rebs+Asts,standard
10239148,277930,paul mcneil|NCST,Paul McNeil,paul mcneil,NCST,DUKE,NCST,DUKE,G,Pts+Rebs+Asts,pra,Standard,15.5,2026-03-02T19:00:00.000-05:00,132400,20,NCST,Pts+Rebs+Asts,standard
10239291,277931,quadir copeland|NCST,Quadir Copeland,quadir copeland,NCST,DUKE,NCST,DUKE,G,Pts+Rebs,pr,Standard,15.5,2026-03-02T19:00:00.000-05:00,132400,20,NCST,Pts+Rebs,standard
10239317,276746,darrion williams|NCST,Darrion Williams,darrion williams,NCST,DUKE,NCST,DUKE,F,Pts+Asts,pa,Standard,15.5,2026-03-02T19:00:00.000-05:00,132400,20,NCST,Pts+Asts,standard
10239290,277930,paul mcneil|NCST,Paul McNeil,paul mcneil,NCST,DUKE,NCST,DUKE,G,Pts+Rebs,pr,Standard,14.5,2026-03-02T19:00:00.000-05:00,132400,20,NCST,Pts+Rebs,standard
10239320,276747,ven allen lubin|NCST,Ven-Allen Lubin,ven allen lubin,NCST,DUKE,NCST,DUKE,F,Pts+Asts,pa,Standard,14.0,2026-03-02T19:00:00.000-05:00,132400,20,NCST,Pts+Asts,standard
10239361,274122,cameron boozer|DUKE,Cameron Boozer,cameron boozer,DUKE,NCST,DUKE,NCST,F,Rebs+Asts,ra,Standard,14.0,2026-03-02T19:00:00.000-05:00,132400,20,DUKE,Rebs+Asts,standard
10238313,276746,darrion williams|NCST,Darrion Williams,darrion williams,NCST,DUKE,NCST,DUKE,F,Points,pts,Standard,13.5,2026-03-02T19:00:00.000-05:00,132400,20,NCST,Points,standard
10238316,276747,ven allen lubin|NCST,Ven-Allen Lubin,ven allen lubin,NCST,DUKE,NCST,DUKE,F,Points,pts,Standard,13.0,2026-03-02T19:00:00.000-05:00,132400,20,NCST,Points,standard
10238315,277931,quadir copeland|NCST,Quadir Copeland,quadir copeland,NCST,DUKE,NCST,DUKE,G,Points,pts,Standard,12.5,2026-03-02T19:00:00.000-05:00,132400,20,NCST,Points,standard
10239285,218054,caleb foster|DUKE,Caleb Foster,caleb foster,DUKE,NCST,DUKE,NCST,G,Pts+Rebs,pr,Standard,12.5,2026-03-02T19:00:00.000-05:00,132400,20,DUKE,Pts+Rebs,standard
10239316,274124,patrick ngongba|DUKE,Patrick Ngongba,patrick ngongba,DUKE,NCST,DUKE,NCST,C,Pts+Asts,pa,Standard,12.5,2026-03-02T19:00:00.000-05:00,132400,20,DUKE,Pts+Asts,standard
10239318,277930,paul mcneil|NCST,Paul McNeil,paul mcneil,NCST,DUKE,NCST,DUKE,G,Pts+Asts,pa,Standard,12.0,2026-03-02T19:00:00.000-05:00,132400,20,NCST,Pts+Asts,standard
10238314,277930,paul mcneil|NCST,Paul McNeil,paul mcneil,NCST,DUKE,NCST,DUKE,G,Points,pts,Standard,11.5,2026-03-02T19:00:00.000-05:00,132400,20,NCST,Points,standard
10239313,218054,caleb foster|DUKE,Caleb Foster,caleb foster,DUKE,NCST,DUKE,NCST,G,Pts+Asts,pa,Standard,11.5,2026-03-02T19:00:00.000-05:00,132400,20,DUKE,Pts+Asts,standard
10238312,274124,patrick ngongba|DUKE,Patrick Ngongba,patrick ngongba,DUKE,NCST,DUKE,NCST,C,Points,pts,Standard,10.5,2026-03-02T19:00:00.000-05:00,132400,20,DUKE,Points,standard
10238910,274122,cameron boozer|DUKE,Cameron Boozer,cameron boozer,DUKE,NCST,DUKE,NCST,F,Rebounds,reb,Standard,10.0,2026-03-02T19:00:00.000-05:00,132400,20,DUKE,Rebounds,standard
10239363,277931,quadir copeland|NCST,Quadir Copeland,quadir copeland,NCST,DUKE,NCST,DUKE,G,Rebs+Asts,ra,Standard,9.0,2026-03-02T19:00:00.000-05:00,132400,20,NCST,Rebs+Asts,standard
10239362,274124,patrick ngongba|DUKE,Patrick Ngongba,patrick ngongba,DUKE,NCST,DUKE,NCST,C,Rebs+Asts,ra,Standard,7.5,2026-03-02T19:00:00.000-05:00,132400,20,DUKE,Rebs+Asts,standard
10239364,276747,ven allen lubin|NCST,Ven-Allen Lubin,ven allen lubin,NCST,DUKE,NCST,DUKE,F,Rebs+Asts,ra,Standard,7.5,2026-03-02T19:00:00.000-05:00,132400,20,NCST,Rebs+Asts,standard
10239360,218054,caleb foster|DUKE,Caleb Foster,caleb foster,DUKE,NCST,DUKE,NCST,G,Rebs+Asts,ra,Standard,7.0,2026-03-02T19:00:00.000-05:00,132400,20,DUKE,Rebs+Asts,standard
10238913,276747,ven allen lubin|NCST,Ven-Allen Lubin,ven allen lubin,NCST,DUKE,NCST,DUKE,F,Rebounds,reb,Standard,6.5,2026-03-02T19:00:00.000-05:00,132400,20,NCST,Rebounds,standard
10238911,274124,patrick ngongba|DUKE,Patrick Ngongba,patrick ngongba,DUKE,NCST,DUKE,NCST,C,Rebounds,reb,Standard,6.0,2026-03-02T19:00:00.000-05:00,132400,20,DUKE,Rebounds,standard
10239047,277931,quadir copeland|NCST,Quadir Copeland,quadir copeland,NCST,DUKE,NCST,DUKE,G,Assists,ast,Standard,6.0,2026-03-02T19:00:00.000-05:00,132400,20,NCST,Assists,standard
10238909,218054,caleb foster|DUKE,Caleb Foster,caleb foster,DUKE,NCST,DUKE,NCST,G,Rebounds,reb,Standard,4.0,2026-03-02T19:00:00.000-05:00,132400,20,DUKE,Rebounds,standard
10238912,276746,darrion williams|NCST,Darrion Williams,darrion williams,NCST,DUKE,NCST,DUKE,F,Rebounds,reb,Standard,4.0,2026-03-02T19:00:00.000-05:00,132400,20,NCST,Rebounds,standard
10239046,274122,cameron boozer|DUKE,Cameron Boozer,cameron boozer,DUKE,NCST,DUKE,NCST,F,Assists,ast,Standard,4.0,2026-03-02T19:00:00.000-05:00,132400,20,DUKE,Assists,standard
10239671,274122,cameron boozer|DUKE,Cameron Boozer,cameron boozer,DUKE,NCST,DUKE,NCST,F,Fantasy Score,fantasy,Demon,48.0,2026-03-02T19:05:00.000-05:00,132400,20,DUKE,Fantasy Score,demon
10239677,274122,cameron boozer|DUKE,Cameron Boozer,cameron boozer,DUKE,NCST,DUKE,NCST,F,Fantasy Score,fantasy,Goblin,36.0,2026-03-02T19:05:00.000-05:00,132400,20,DUKE,Fantasy Score,goblin
10239683,277931,quadir copeland|NCST,Quadir Copeland,quadir copeland,NCST,DUKE,NCST,DUKE,G,Fantasy Score,fantasy,Demon,32.0,2026-03-02T19:05:00.000-05:00,132400,20,NCST,Fantasy Score,demon
10239686,276747,ven allen lubin|NCST,Ven-Allen Lubin,ven allen lubin,NCST,DUKE,NCST,DUKE,F,Fantasy Score,fantasy,Demon,31.0,2026-03-02T19:05:00.000-05:00,132400,20,NCST,Fantasy Score,demon
10239685,276746,darrion williams|NCST,Darrion Williams,darrion williams,NCST,DUKE,NCST,DUKE,F,Fantasy Score,fantasy,Demon,30.0,2026-03-02T19:05:00.000-05:00,132400,20,NCST,Fantasy Score,demon
10239668,221498,isaiah evans|DUKE,Isaiah Evans,isaiah evans,DUKE,NCST,DUKE,NCST,G-F,Fantasy Score,fantasy,Demon,27.0,2026-03-02T19:05:00.000-05:00,132400,20,DUKE,Fantasy Score,demon
10239673,274124,patrick ngongba|DUKE,Patrick Ngongba,patrick ngongba,DUKE,NCST,DUKE,NCST,C,Fantasy Score,fantasy,Demon,27.0,2026-03-02T19:05:00.000-05:00,132400,20,DUKE,Fantasy Score,demon
10239680,277930,paul mcneil|NCST,Paul McNeil,paul mcneil,NCST,DUKE,NCST,DUKE,G,Fantasy Score,fantasy,Demon,24.0,2026-03-02T19:05:00.000-05:00,132400,20,NCST,Fantasy Score,demon
10239670,218054,caleb foster|DUKE,Caleb Foster,caleb foster,DUKE,NCST,DUKE,NCST,G,Fantasy Score,fantasy,Demon,23.0,2026-03-02T19:05:00.000-05:00,132400,20,DUKE,Fantasy Score,demon
10239692,277931,quadir copeland|NCST,Quadir Copeland,quadir copeland,NCST,DUKE,NCST,DUKE,G,Fantasy Score,fantasy,Goblin,22.0,2026-03-02T19:05:00.000-05:00,132400,20,NCST,Fantasy Score,goblin
10239695,276747,ven allen lubin|NCST,Ven-Allen Lubin,ven allen lubin,NCST,DUKE,NCST,DUKE,F,Fantasy Score,fantasy,Goblin,21.0,2026-03-02T19:05:00.000-05:00,132400,20,NCST,Fantasy Score,goblin
10239676,276746,darrion williams|NCST,Darrion Williams,darrion williams,NCST,DUKE,NCST,DUKE,F,Fantasy Score,fantasy,Goblin,20.0,2026-03-02T19:05:00.000-05:00,132400,20,NCST,Fantasy Score,goblin
10239675,221498,isaiah evans|DUKE,Isaiah Evans,isaiah evans,DUKE,NCST,DUKE,NCST,G-F,Fantasy Score,fantasy,Goblin,17.0,2026-03-02T19:05:00.000-05:00,132400,20,DUKE,Fantasy Score,goblin
10239681,274124,patrick ngongba|DUKE,Patrick Ngongba,patrick ngongba,DUKE,NCST,DUKE,NCST,C,Fantasy Score,fantasy,Goblin,17.0,2026-03-02T19:05:00.000-05:00,132400,20,DUKE,Fantasy Score,goblin
10239688,277930,paul mcneil|NCST,Paul McNeil,paul mcneil,NCST,DUKE,NCST,DUKE,G,Fantasy Score,fantasy,Goblin,14.0,2026-03-02T19:05:00.000-05:00,132400,20,NCST,Fantasy Score,goblin
10239678,218054,caleb foster|DUKE,Caleb Foster,caleb foster,DUKE,NCST,DUKE,NCST,G,Fantasy Score,fantasy,Goblin,13.0,2026-03-02T19:05:00.000-05:00,132400,20,DUKE,Fantasy Score,goblin
10239693,221781,joshua jefferson|ISU,Joshua Jefferson,joshua jefferson,ISU,ARIZ,ISU,ARIZ,F,Fantasy Score,fantasy,Standard,35.0,2026-03-02T21:00:00.000-05:00,132695,20,ISU,Fantasy Score,standard
10251627,221781,joshua jefferson|ISU,Joshua Jefferson,joshua jefferson,ISU,ARIZ,ISU,ARIZ,F,Pts+Rebs+Asts,pra,Demon,34.5,2026-03-02T21:00:00.000-05:00,132695,20,ISU,Pts+Rebs+Asts,demon
10239682,274641,brayden burries|ARIZ,Brayden Burries,brayden burries,ARIZ,ISU,ARIZ,ISU,G,Fantasy Score,fantasy,Standard,30.0,2026-03-02T21:00:00.000-05:00,132695,20,ARIZ,Fantasy Score,standard
10249912,274641,brayden burries|ARIZ,Brayden Burries,brayden burries,ARIZ,ISU,ARIZ,ISU,G,Pts+Rebs,pr,Demon,29.5,2026-03-02T21:00:00.000-05:00,132695,20,ARIZ,Pts+Rebs,demon
10249915,221781,joshua jefferson|ISU,Joshua Jefferson,joshua jefferson,ISU,ARIZ,ISU,ARIZ,F,Pts+Rebs,pr,Demon,29.5,2026-03-02T21:00:00.000-05:00,132695,20,ISU,Pts+Rebs,demon
10250167,221781,joshua jefferson|ISU,Joshua Jefferson,joshua jefferson,ISU,ARIZ,ISU,ARIZ,F,Pts+Rebs+Asts,pra,Demon,29.5,2026-03-02T21:00:00.000-05:00,132695,20,ISU,Pts+Rebs+Asts,demon
10239156,221781,joshua jefferson|ISU,Joshua Jefferson,joshua jefferson,ISU,ARIZ,ISU,ARIZ,F,Pts+Rebs+Asts,pra,Standard,28.5,2026-03-02T21:00:00.000-05:00,132695,20,ISU,Pts+Rebs+Asts,standard
10239687,219387,jaden bradley|ARIZ,Jaden Bradley,jaden bradley,ARIZ,ISU,ARIZ,ISU,G,Fantasy Score,fantasy,Standard,27.0,2026-03-02T21:00:00.000-05:00,132695,20,ARIZ,Fantasy Score,standard
10239690,287004,motiejus krivas|ARIZ,Motiejus Krivas,motiejus krivas,ARIZ,ISU,ARIZ,ISU,C,Fantasy Score,fantasy,Standard,27.0,2026-03-02T21:00:00.000-05:00,132695,20,ARIZ,Fantasy Score,standard
10239699,95070,tamin lipsey|ISU,Tamin Lipsey,tamin lipsey,ISU,ARIZ,ISU,ARIZ,G,Fantasy Score,fantasy,Standard,26.0,2026-03-02T21:00:00.000-05:00,132695,20,ISU,Fantasy Score,standard
10235457,274641,brayden burries|ARIZ,Brayden Burries,brayden burries,ARIZ,ISU,ARIZ,ISU,G,Pts+Rebs+Asts,pra,Standard,24.5,2026-03-02T21:00:00.000-05:00,132695,20,ARIZ,Pts+Rebs+Asts,standard
10249911,274641,brayden burries|ARIZ,Brayden Burries,brayden burries,ARIZ,ISU,ARIZ,ISU,G,Pts+Rebs,pr,Demon,24.5,2026-03-02T21:00:00.000-05:00,132695,20,ARIZ,Pts+Rebs,demon
10249919,279710,koa peat|ARIZ,Koa Peat,koa peat,ARIZ,ISU,ARIZ,ISU,F,Pts+Rebs,pr,Demon,24.5,2026-03-02T21:00:00.000-05:00,132695,20,ARIZ,Pts+Rebs,demon
10249921,179218,milan momcilovic|ISU,Milan Momcilovic,milan momcilovic,ISU,ARIZ,ISU,ARIZ,F,Pts+Rebs,pr,Demon,24.5,2026-03-02T21:00:00.000-05:00,132695,20,ISU,Pts+Rebs,demon
10249924,287004,motiejus krivas|ARIZ,Motiejus Krivas,motiejus krivas,ARIZ,ISU,ARIZ,ISU,C,Pts+Rebs,pr,Demon,24.5,2026-03-02T21:00:00.000-05:00,132695,20,ARIZ,Pts+Rebs,demon
10250168,221781,joshua jefferson|ISU,Joshua Jefferson,joshua jefferson,ISU,ARIZ,ISU,ARIZ,F,Pts+Rebs+Asts,pra,Goblin,24.5,2026-03-02T21:00:00.000-05:00,132695,20,ISU,Pts+Rebs+Asts,goblin
10239152,219387,jaden bradley|ARIZ,Jaden Bradley,jaden bradley,ARIZ,ISU,ARIZ,ISU,G,Pts+Rebs+Asts,pra,Standard,23.5,2026-03-02T21:00:00.000-05:00,132695,20,ARIZ,Pts+Rebs+Asts,standard
10239697,179218,milan momcilovic|ISU,Milan Momcilovic,milan momcilovic,ISU,ARIZ,ISU,ARIZ,F,Fantasy Score,fantasy,Standard,23.5,2026-03-02T21:00:00.000-05:00,132695,20,ISU,Fantasy Score,standard
10239706,279710,koa peat|ARIZ,Koa Peat,koa peat,ARIZ,ISU,ARIZ,ISU,F,Fantasy Score,fantasy,Standard,23.5,2026-03-02T21:00:00.000-05:00,132695,20,ARIZ,Fantasy Score,standard
10239684,287583,ivan kharchenkov|ARIZ,Ivan Kharchenkov,ivan kharchenkov,ARIZ,ISU,ARIZ,ISU,F,Fantasy Score,fantasy,Standard,22.5,2026-03-02T21:00:00.000-05:00,132695,20,ARIZ,Fantasy Score,standard
10239323,221781,joshua jefferson|ISU,Joshua Jefferson,joshua jefferson,ISU,ARIZ,ISU,ARIZ,F,Pts+Asts,pa,Standard,21.5,2026-03-02T21:00:00.000-05:00,132695,20,ISU,Pts+Asts,standard
10235453,274641,brayden burries|ARIZ,Brayden Burries,brayden burries,ARIZ,ISU,ARIZ,ISU,G,Points,pts,Demon,20.5,2026-03-02T21:00:00.000-05:00,132695,20,ARIZ,Points,demon
10235456,274641,brayden burries|ARIZ,Brayden Burries,brayden burries,ARIZ,ISU,ARIZ,ISU,G,Pts+Rebs,pr,Standard,20.5,2026-03-02T21:00:00.000-05:00,132695,20,ARIZ,Pts+Rebs,standard
10235715,95070,tamin lipsey|ISU,Tamin Lipsey,tamin lipsey,ISU,ARIZ,ISU,ARIZ,G,Pts+Rebs+Asts,pra,Standard,20.0,2026-03-02T21:00:00.000-05:00,132695,20,ISU,Pts+Rebs+Asts,standard
10239322,219387,jaden bradley|ARIZ,Jaden Bradley,jaden bradley,ARIZ,ISU,ARIZ,ISU,G,Pts+Asts,pa,Standard,20.0,2026-03-02T21:00:00.000-05:00,132695,20,ARIZ,Pts+Asts,standard
10239702,220063,tobe awaka|ARIZ,Tobe Awaka,tobe awaka,ARIZ,ISU,ARIZ,ISU,F,Fantasy Score,fantasy,Standard,20.0,2026-03-02T21:00:00.000-05:00,132695,20,ARIZ,Fantasy Score,standard
10235496,219387,jaden bradley|ARIZ,Jaden Bradley,jaden bradley,ARIZ,ISU,ARIZ,ISU,G,Points,pts,Demon,19.5,2026-03-02T21:00:00.000-05:00,132695,20,ARIZ,Points,demon
10239153,279710,koa peat|ARIZ,Koa Peat,koa peat,ARIZ,ISU,ARIZ,ISU,F,Pts+Rebs+Asts,pra,Standard,19.5,2026-03-02T21:00:00.000-05:00,132695,20,ARIZ,Pts+Rebs+Asts,standard
10239154,287004,motiejus krivas|ARIZ,Motiejus Krivas,motiejus krivas,ARIZ,ISU,ARIZ,ISU,C,Pts+Rebs+Asts,pra,Standard,19.5,2026-03-02T21:00:00.000-05:00,132695,20,ARIZ,Pts+Rebs+Asts,standard
10249909,282245,blake buchanan|ISU,Blake Buchanan,blake buchanan,ISU,ARIZ,ISU,ARIZ,F,Pts+Rebs,pr,Demon,19.5,2026-03-02T21:00:00.000-05:00,132695,20,ISU,Pts+Rebs,demon
10249913,274641,brayden burries|ARIZ,Brayden Burries,brayden burries,ARIZ,ISU,ARIZ,ISU,G,Pts+Rebs,pr,Goblin,19.5,2026-03-02T21:00:00.000-05:00,132695,20,ARIZ,Pts+Rebs,goblin
10249916,221781,joshua jefferson|ISU,Joshua Jefferson,joshua jefferson,ISU,ARIZ,ISU,ARIZ,F,Pts+Rebs,pr,Goblin,19.5,2026-03-02T21:00:00.000-05:00,132695,20,ISU,Pts+Rebs,goblin
10249918,279710,koa peat|ARIZ,Koa Peat,koa peat,ARIZ,ISU,ARIZ,ISU,F,Pts+Rebs,pr,Demon,19.5,2026-03-02T21:00:00.000-05:00,132695,20,ARIZ,Pts+Rebs,demon
10249923,287004,motiejus krivas|ARIZ,Motiejus Krivas,motiejus krivas,ARIZ,ISU,ARIZ,ISU,C,Pts+Rebs,pr,Demon,19.5,2026-03-02T21:00:00.000-05:00,132695,20,ARIZ,Pts+Rebs,demon
10239151,287583,ivan kharchenkov|ARIZ,Ivan Kharchenkov,ivan kharchenkov,ARIZ,ISU,ARIZ,ISU,F,Pts+Rebs+Asts,pra,Standard,19.0,2026-03-02T21:00:00.000-05:00,132695,20,ARIZ,Pts+Rebs+Asts,standard
10235451,274641,brayden burries|ARIZ,Brayden Burries,brayden burries,ARIZ,ISU,ARIZ,ISU,G,Points,pts,Demon,18.5,2026-03-02T21:00:00.000-05:00,132695,20,ARIZ,Points,demon
10235455,274641,brayden burries|ARIZ,Brayden Burries,brayden burries,ARIZ,ISU,ARIZ,ISU,G,Pts+Asts,pa,Standard,18.5,2026-03-02T21:00:00.000-05:00,132695,20,ARIZ,Pts+Asts,standard
10239293,219387,jaden bradley|ARIZ,Jaden Bradley,jaden bradley,ARIZ,ISU,ARIZ,ISU,G,Pts+Rebs,pr,Standard,18.5,2026-03-02T21:00:00.000-05:00,132695,20,ARIZ,Pts+Rebs,standard
10239295,287004,motiejus krivas|ARIZ,Motiejus Krivas,motiejus krivas,ARIZ,ISU,ARIZ,ISU,C,Pts+Rebs,pr,Standard,18.0,2026-03-02T21:00:00.000-05:00,132695,20,ARIZ,Pts+Rebs,standard
10239321,274641,brayden burries|ARIZ,Brayden Burries,brayden burries,ARIZ,ISU,ARIZ,ISU,G,Pts+Asts,pa,Standard,18.0,2026-03-02T21:00:00.000-05:00,132695,20,ARIZ,Pts+Asts,standard
10235495,219387,jaden bradley|ARIZ,Jaden Bradley,jaden bradley,ARIZ,ISU,ARIZ,ISU,G,Points,pts,Demon,17.5,2026-03-02T21:00:00.000-05:00,132695,20,ARIZ,Points,demon
10235542,279710,koa peat|ARIZ,Koa Peat,koa peat,ARIZ,ISU,ARIZ,ISU,F,Points,pts,Demon,17.5,2026-03-02T21:00:00.000-05:00,132695,20,ARIZ,Points,demon
10235607,95070,tamin lipsey|ISU,Tamin Lipsey,tamin lipsey,ISU,ARIZ,ISU,ARIZ,G,Points,pts,Demon,17.5,2026-03-02T21:00:00.000-05:00,132695,20,ISU,Points,demon
10235565,179218,milan momcilovic|ISU,Milan Momcilovic,milan momcilovic,ISU,ARIZ,ISU,ARIZ,F,Pts+Asts,pa,Standard,17.0,2026-03-02T21:00:00.000-05:00,132695,20,ISU,Pts+Asts,standard
10235452,274641,brayden burries|ARIZ,Brayden Burries,brayden burries,ARIZ,ISU,ARIZ,ISU,G,Points,pts,Demon,16.5,2026-03-02T21:00:00.000-05:00,132695,20,ARIZ,Points,demon
10235479,287583,ivan kharchenkov|ARIZ,Ivan Kharchenkov,ivan kharchenkov,ARIZ,ISU,ARIZ,ISU,F,Pts+Rebs,pr,Standard,16.5,2026-03-02T21:00:00.000-05:00,132695,20,ARIZ,Pts+Rebs,standard
10235518,221781,joshua jefferson|ISU,Joshua Jefferson,joshua jefferson,ISU,ARIZ,ISU,ARIZ,F,Points,pts,Standard,16.5,2026-03-02T21:00:00.000-05:00,132695,20,ISU,Points,standard
10239155,220063,tobe awaka|ARIZ,Tobe Awaka,tobe awaka,ARIZ,ISU,ARIZ,ISU,F,Pts+Rebs+Asts,pra,Standard,16.5,2026-03-02T21:00:00.000-05:00,132695,20,ARIZ,Pts+Rebs+Asts,standard
10239294,279710,koa peat|ARIZ,Koa Peat,koa peat,ARIZ,ISU,ARIZ,ISU,F,Pts+Rebs,pr,Standard,16.5,2026-03-02T21:00:00.000-05:00,132695,20,ARIZ,Pts+Rebs,standard
10235560,179218,milan momcilovic|ISU,Milan Momcilovic,milan momcilovic,ISU,ARIZ,ISU,ARIZ,F,Points,pts,Standard,16.0,2026-03-02T21:00:00.000-05:00,132695,20,ISU,Points,standard
10239324,95070,tamin lipsey|ISU,Tamin Lipsey,tamin lipsey,ISU,ARIZ,ISU,ARIZ,G,Pts+Asts,pa,Standard,16.0,2026-03-02T21:00:00.000-05:00,132695,20,ISU,Pts+Asts,standard
10235450,274641,brayden burries|ARIZ,Brayden Burries,brayden burries,ARIZ,ISU,ARIZ,ISU,G,Points,pts,Standard,15.5,2026-03-02T21:00:00.000-05:00,132695,20,ARIZ,Points,standard
10235476,287583,ivan kharchenkov|ARIZ,Ivan Kharchenkov,ivan kharchenkov,ARIZ,ISU,ARIZ,ISU,F,Points,pts,Demon,15.5,2026-03-02T21:00:00.000-05:00,132695,20,ARIZ,Points,demon
10235541,279710,koa peat|ARIZ,Koa Peat,koa peat,ARIZ,ISU,ARIZ,ISU,F,Points,pts,Demon,15.5,2026-03-02T21:00:00.000-05:00,132695,20,ARIZ,Points,demon
10239296,220063,tobe awaka|ARIZ,Tobe Awaka,tobe awaka,ARIZ,ISU,ARIZ,ISU,F,Pts+Rebs,pr,Standard,15.5,2026-03-02T21:00:00.000-05:00,132695,20,ARIZ,Pts+Rebs,standard
10235522,221781,joshua jefferson|ISU,Joshua Jefferson,joshua jefferson,ISU,ARIZ,ISU,ARIZ,F,Points,pts,Goblin,14.5,2026-03-02T21:00:00.000-05:00,132695,20,ISU,Points,goblin
10235564,179218,milan momcilovic|ISU,Milan Momcilovic,milan momcilovic,ISU,ARIZ,ISU,ARIZ,F,Points,pts,Goblin,14.5,2026-03-02T21:00:00.000-05:00,132695,20,ISU,Points,goblin
10236494,219387,jaden bradley|ARIZ,Jaden Bradley,jaden bradley,ARIZ,ISU,ARIZ,ISU,G,Points,pts,Standard,14.5,2026-03-02T21:00:00.000-05:00,132695,20,ARIZ,Points,standard
10249908,282245,blake buchanan|ISU,Blake Buchanan,blake buchanan,ISU,ARIZ,ISU,ARIZ,F,Pts+Rebs,pr,Demon,14.5,2026-03-02T21:00:00.000-05:00,132695,20,ISU,Pts+Rebs,demon
10249920,279710,koa peat|ARIZ,Koa Peat,koa peat,ARIZ,ISU,ARIZ,ISU,F,Pts+Rebs,pr,Goblin,14.5,2026-03-02T21:00:00.000-05:00,132695,20,ARIZ,Pts+Rebs,goblin
10249925,287004,motiejus krivas|ARIZ,Motiejus Krivas,motiejus krivas,ARIZ,ISU,ARIZ,ISU,C,Pts+Rebs,pr,Goblin,14.5,2026-03-02T21:00:00.000-05:00,132695,20,ARIZ,Pts+Rebs,goblin
10235431,282245,blake buchanan|ISU,Blake Buchanan,blake buchanan,ISU,ARIZ,ISU,ARIZ,F,Pts+Rebs+Asts,pra,Standard,14.0,2026-03-02T21:00:00.000-05:00,132695,20,ISU,Pts+Rebs+Asts,standard
10235475,287583,ivan kharchenkov|ARIZ,Ivan Kharchenkov,ivan kharchenkov,ARIZ,ISU,ARIZ,ISU,F,Points,pts,Demon,13.5,2026-03-02T21:00:00.000-05:00,132695,20,ARIZ,Points,demon
10235498,219387,jaden bradley|ARIZ,Jaden Bradley,jaden bradley,ARIZ,ISU,ARIZ,ISU,G,Points,pts,Goblin,13.5,2026-03-02T21:00:00.000-05:00,132695,20,ARIZ,Points,goblin
10235540,279710,koa peat|ARIZ,Koa Peat,koa peat,ARIZ,ISU,ARIZ,ISU,F,Points,pts,Demon,13.5,2026-03-02T21:00:00.000-05:00,132695,20,ARIZ,Points,demon
10235714,279710,koa peat|ARIZ,Koa Peat,koa peat,ARIZ,ISU,ARIZ,ISU,F,Pts+Asts,pa,Standard,13.5,2026-03-02T21:00:00.000-05:00,132695,20,ARIZ,Pts+Asts,standard
10237727,274641,brayden burries|ARIZ,Brayden Burries,brayden burries,ARIZ,ISU,ARIZ,ISU,G,Points,pts,Goblin,13.5,2026-03-02T21:00:00.000-05:00,132695,20,ARIZ,Points,goblin
10237729,287583,ivan kharchenkov|ARIZ,Ivan Kharchenkov,ivan kharchenkov,ARIZ,ISU,ARIZ,ISU,F,Pts+Asts,pa,Standard,13.5,2026-03-02T21:00:00.000-05:00,132695,20,ARIZ,Pts+Asts,standard
10235430,282245,blake buchanan|ISU,Blake Buchanan,blake buchanan,ISU,ARIZ,ISU,ARIZ,F,Pts+Rebs,pr,Standard,13.0,2026-03-02T21:00:00.000-05:00,132695,20,ISU,Pts+Rebs,standard
10235454,274641,brayden burries|ARIZ,Brayden Burries,brayden burries,ARIZ,ISU,ARIZ,ISU,G,Points,pts,Goblin,12.5,2026-03-02T21:00:00.000-05:00,132695,20,ARIZ,Points,goblin
10237273,219387,jaden bradley|ARIZ,Jaden Bradley,jaden bradley,ARIZ,ISU,ARIZ,ISU,G,Points,pts,Goblin,12.5,2026-03-02T21:00:00.000-05:00,132695,20,ARIZ,Points,goblin
10239370,221781,joshua jefferson|ISU,Joshua Jefferson,joshua jefferson,ISU,ARIZ,ISU,ARIZ,F,Rebs+Asts,ra,Standard,12.0,2026-03-02T21:00:00.000-05:00,132695,20,ISU,Rebs+Asts,standard
10235539,279710,koa peat|ARIZ,Koa Peat,koa peat,ARIZ,ISU,ARIZ,ISU,F,Points,pts,Standard,11.5,2026-03-02T21:00:00.000-05:00,132695,20,ARIZ,Points,standard
10235586,287004,motiejus krivas|ARIZ,Motiejus Krivas,motiejus krivas,ARIZ,ISU,ARIZ,ISU,C,Points,pts,Demon,11.5,2026-03-02T21:00:00.000-05:00,132695,20,ARIZ,Points,demon
10235591,287004,motiejus krivas|ARIZ,Motiejus Krivas,motiejus krivas,ARIZ,ISU,ARIZ,ISU,C,Rebounds,reb,Demon,11.5,2026-03-02T21:00:00.000-05:00,132695,20,ARIZ,Rebounds,demon
10235604,95070,tamin lipsey|ISU,Tamin Lipsey,tamin lipsey,ISU,ARIZ,ISU,ARIZ,G,Points,pts,Standard,11.5,2026-03-02T21:00:00.000-05:00,132695,20,ISU,Points,standard
10249914,219387,jaden bradley|ARIZ,Jaden Bradley,jaden bradley,ARIZ,ISU,ARIZ,ISU,G,Points,pts,Goblin,11.5,2026-03-02T21:00:00.000-05:00,132695,20,ARIZ,Points,goblin
10235474,287583,ivan kharchenkov|ARIZ,Ivan Kharchenkov,ivan kharchenkov,ARIZ,ISU,ARIZ,ISU,F,Points,pts,Standard,11.0,2026-03-02T21:00:00.000-05:00,132695,20,ARIZ,Points,standard
10235590,287004,motiejus krivas|ARIZ,Motiejus Krivas,motiejus krivas,ARIZ,ISU,ARIZ,ISU,C,Rebounds,reb,Demon,10.5,2026-03-02T21:00:00.000-05:00,132695,20,ARIZ,Rebounds,demon
10238011,220063,tobe awaka|ARIZ,Tobe Awaka,tobe awaka,ARIZ,ISU,ARIZ,ISU,F,Rebounds,reb,Demon,10.5,2026-03-02T21:00:00.000-05:00,132695,20,ARIZ,Rebounds,demon
10235426,282245,blake buchanan|ISU,Blake Buchanan,blake buchanan,ISU,ARIZ,ISU,ARIZ,F,Points,pts,Demon,9.5,2026-03-02T21:00:00.000-05:00,132695,20,ISU,Points,demon
10235478,287583,ivan kharchenkov|ARIZ,Ivan Kharchenkov,ivan kharchenkov,ARIZ,ISU,ARIZ,ISU,F,Points,pts,Goblin,9.5,2026-03-02T21:00:00.000-05:00,132695,20,ARIZ,Points,goblin
10235525,221781,joshua jefferson|ISU,Joshua Jefferson,joshua jefferson,ISU,ARIZ,ISU,ARIZ,F,Rebounds,reb,Demon,9.5,2026-03-02T21:00:00.000-05:00,132695,20,ISU,Rebounds,demon
10235543,279710,koa peat|ARIZ,Koa Peat,koa peat,ARIZ,ISU,ARIZ,ISU,F,Points,pts,Goblin,9.5,2026-03-02T21:00:00.000-05:00,132695,20,ARIZ,Points,goblin
10235584,287004,motiejus krivas|ARIZ,Motiejus Krivas,motiejus krivas,ARIZ,ISU,ARIZ,ISU,C,Points,pts,Standard,9.5,2026-03-02T21:00:00.000-05:00,132695,20,ARIZ,Points,standard
10235589,287004,motiejus krivas|ARIZ,Motiejus Krivas,motiejus krivas,ARIZ,ISU,ARIZ,ISU,C,Rebounds,reb,Demon,9.5,2026-03-02T21:00:00.000-05:00,132695,20,ARIZ,Rebounds,demon
10235608,95070,tamin lipsey|ISU,Tamin Lipsey,tamin lipsey,ISU,ARIZ,ISU,ARIZ,G,Points,pts,Goblin,9.5,2026-03-02T21:00:00.000-05:00,132695,20,ISU,Points,goblin
10238009,220063,tobe awaka|ARIZ,Tobe Awaka,tobe awaka,ARIZ,ISU,ARIZ,ISU,F,Rebounds,reb,Demon,9.5,2026-03-02T21:00:00.000-05:00,132695,20,ARIZ,Rebounds,demon
10239367,287004,motiejus krivas|ARIZ,Motiejus Krivas,motiejus krivas,ARIZ,ISU,ARIZ,ISU,C,Rebs+Asts,ra,Standard,9.5,2026-03-02T21:00:00.000-05:00,132695,20,ARIZ,Rebs+Asts,standard
10249910,282245,blake buchanan|ISU,Blake Buchanan,blake buchanan,ISU,ARIZ,ISU,ARIZ,F,Pts+Rebs,pr,Goblin,9.5,2026-03-02T21:00:00.000-05:00,132695,20,ISU,Pts+Rebs,goblin
10251200,220063,tobe awaka|ARIZ,Tobe Awaka,tobe awaka,ARIZ,ISU,ARIZ,ISU,F,Points,pts,Demon,9.5,2026-03-02T21:00:00.000-05:00,132695,20,ARIZ,Points,demon
10235438,282245,blake buchanan|ISU,Blake Buchanan,blake buchanan,ISU,ARIZ,ISU,ARIZ,F,Rebounds,reb,Demon,8.5,2026-03-02T21:00:00.000-05:00,132695,20,ISU,Rebounds,demon
10235465,274641,brayden burries|ARIZ,Brayden Burries,brayden burries,ARIZ,ISU,ARIZ,ISU,G,Rebounds,reb,Demon,8.5,2026-03-02T21:00:00.000-05:00,132695,20,ARIZ,Rebounds,demon
10235483,287583,ivan kharchenkov|ARIZ,Ivan Kharchenkov,ivan kharchenkov,ARIZ,ISU,ARIZ,ISU,F,Rebounds,reb,Demon,8.5,2026-03-02T21:00:00.000-05:00,132695,20,ARIZ,Rebounds,demon
10235524,221781,joshua jefferson|ISU,Joshua Jefferson,joshua jefferson,ISU,ARIZ,ISU,ARIZ,F,Rebounds,reb,Demon,8.5,2026-03-02T21:00:00.000-05:00,132695,20,ISU,Rebounds,demon
10235552,279710,koa peat|ARIZ,Koa Peat,koa peat,ARIZ,ISU,ARIZ,ISU,F,Rebounds,reb,Demon,8.5,2026-03-02T21:00:00.000-05:00,132695,20,ARIZ,Rebounds,demon
10238010,220063,tobe awaka|ARIZ,Tobe Awaka,tobe awaka,ARIZ,ISU,ARIZ,ISU,F,Rebounds,reb,Demon,8.5,2026-03-02T21:00:00.000-05:00,132695,20,ARIZ,Rebounds,demon
10238366,287583,ivan kharchenkov|ARIZ,Ivan Kharchenkov,ivan kharchenkov,ARIZ,ISU,ARIZ,ISU,F,Points,pts,Goblin,8.5,2026-03-02T21:00:00.000-05:00,132695,20,ARIZ,Points,goblin
10239368,220063,tobe awaka|ARIZ,Tobe Awaka,tobe awaka,ARIZ,ISU,ARIZ,ISU,F,Rebs+Asts,ra,Standard,8.5,2026-03-02T21:00:00.000-05:00,132695,20,ARIZ,Rebs+Asts,standard
10239373,219387,jaden bradley|ARIZ,Jaden Bradley,jaden bradley,ARIZ,ISU,ARIZ,ISU,G,Rebs+Asts,ra,Standard,8.5,2026-03-02T21:00:00.000-05:00,132695,20,ARIZ,Rebs+Asts,standard
10249499,274641,brayden burries|ARIZ,Brayden Burries,brayden burries,ARIZ,ISU,ARIZ,ISU,G,Rebs+Asts,ra,Standard,8.5,2026-03-02T21:00:00.000-05:00,132695,20,ARIZ,Rebs+Asts,standard
10235429,282245,blake buchanan|ISU,Blake Buchanan,blake buchanan,ISU,ARIZ,ISU,ARIZ,F,Pts+Asts,pa,Standard,8.0,2026-03-02T21:00:00.000-05:00,132695,20,ISU,Pts+Asts,standard
10239365,274641,brayden burries|ARIZ,Brayden Burries,brayden burries,ARIZ,ISU,ARIZ,ISU,G,Rebs+Asts,ra,Standard,8.0,2026-03-02T21:00:00.000-05:00,132695,20,ARIZ,Rebs+Asts,standard
10239366,287583,ivan kharchenkov|ARIZ,Ivan Kharchenkov,ivan kharchenkov,ARIZ,ISU,ARIZ,ISU,F,Rebs+Asts,ra,Standard,8.0,2026-03-02T21:00:00.000-05:00,132695,20,ARIZ,Rebs+Asts,standard
10235427,282245,blake buchanan|ISU,Blake Buchanan,blake buchanan,ISU,ARIZ,ISU,ARIZ,F,Points,pts,Demon,7.5,2026-03-02T21:00:00.000-05:00,132695,20,ISU,Points,demon
10235436,282245,blake buchanan|ISU,Blake Buchanan,blake buchanan,ISU,ARIZ,ISU,ARIZ,F,Rebounds,reb,Demon,7.5,2026-03-02T21:00:00.000-05:00,132695,20,ISU,Rebounds,demon
10235464,274641,brayden burries|ARIZ,Brayden Burries,brayden burries,ARIZ,ISU,ARIZ,ISU,G,Rebounds,reb,Demon,7.5,2026-03-02T21:00:00.000-05:00,132695,20,ARIZ,Rebounds,demon
10235482,287583,ivan kharchenkov|ARIZ,Ivan Kharchenkov,ivan kharchenkov,ARIZ,ISU,ARIZ,ISU,F,Rebounds,reb,Demon,7.5,2026-03-02T21:00:00.000-05:00,132695,20,ARIZ,Rebounds,demon
10235492,219387,jaden bradley|ARIZ,Jaden Bradley,jaden bradley,ARIZ,ISU,ARIZ,ISU,G,Assists,ast,Demon,7.5,2026-03-02T21:00:00.000-05:00,132695,20,ARIZ,Assists,demon
10235526,221781,joshua jefferson|ISU,Joshua Jefferson,joshua jefferson,ISU,ARIZ,ISU,ARIZ,F,Rebounds,reb,Demon,7.5,2026-03-02T21:00:00.000-05:00,132695,20,ISU,Rebounds,demon
10235551,279710,koa peat|ARIZ,Koa Peat,koa peat,ARIZ,ISU,ARIZ,ISU,F,Rebounds,reb,Demon,7.5,2026-03-02T21:00:00.000-05:00,132695,20,ARIZ,Rebounds,demon
10235592,287004,motiejus krivas|ARIZ,Motiejus Krivas,motiejus krivas,ARIZ,ISU,ARIZ,ISU,C,Rebounds,reb,Goblin,7.5,2026-03-02T21:00:00.000-05:00,132695,20,ARIZ,Rebounds,goblin
10237946,220063,tobe awaka|ARIZ,Tobe Awaka,tobe awaka,ARIZ,ISU,ARIZ,ISU,F,Rebounds,reb,Standard,7.5,2026-03-02T21:00:00.000-05:00,132695,20,ARIZ,Rebounds,standard
10238317,220063,tobe awaka|ARIZ,Tobe Awaka,tobe awaka,ARIZ,ISU,ARIZ,ISU,F,Points,pts,Standard,7.5,2026-03-02T21:00:00.000-05:00,132695,20,ARIZ,Points,standard
10238318,225279,anthony dell orso|ARIZ,Anthony Dell'Orso,anthony dell orso,ARIZ,ISU,ARIZ,ISU,G,Points,pts,Standard,7.5,2026-03-02T21:00:00.000-05:00,132695,20,ARIZ,Points,standard
10249917,279710,koa peat|ARIZ,Koa Peat,koa peat,ARIZ,ISU,ARIZ,ISU,F,Points,pts,Goblin,7.5,2026-03-02T21:00:00.000-05:00,132695,20,ARIZ,Points,goblin
10249922,287004,motiejus krivas|ARIZ,Motiejus Krivas,motiejus krivas,ARIZ,ISU,ARIZ,ISU,C,Points,pts,Goblin,7.5,2026-03-02T21:00:00.000-05:00,132695,20,ARIZ,Points,goblin
10239369,282245,blake buchanan|ISU,Blake Buchanan,blake buchanan,ISU,ARIZ,ISU,ARIZ,F,Rebs+Asts,ra,Standard,7.0,2026-03-02T21:00:00.000-05:00,132695,20,ISU,Rebs+Asts,standard
10235424,282245,blake buchanan|ISU,Blake Buchanan,blake buchanan,ISU,ARIZ,ISU,ARIZ,F,Points,pts,Standard,6.5,2026-03-02T21:00:00.000-05:00,132695,20,ISU,Points,standard
10235437,282245,blake buchanan|ISU,Blake Buchanan,blake buchanan,ISU,ARIZ,ISU,ARIZ,F,Rebounds,reb,Demon,6.5,2026-03-02T21:00:00.000-05:00,132695,20,ISU,Rebounds,demon
10235463,274641,brayden burries|ARIZ,Brayden Burries,brayden burries,ARIZ,ISU,ARIZ,ISU,G,Rebounds,reb,Demon,6.5,2026-03-02T21:00:00.000-05:00,132695,20,ARIZ,Rebounds,demon
10235481,287583,ivan kharchenkov|ARIZ,Ivan Kharchenkov,ivan kharchenkov,ARIZ,ISU,ARIZ,ISU,F,Rebounds,reb,Demon,6.5,2026-03-02T21:00:00.000-05:00,132695,20,ARIZ,Rebounds,demon
10235490,219387,jaden bradley|ARIZ,Jaden Bradley,jaden bradley,ARIZ,ISU,ARIZ,ISU,G,Assists,ast,Demon,6.5,2026-03-02T21:00:00.000-05:00,132695,20,ARIZ,Assists,demon
10235550,279710,koa peat|ARIZ,Koa Peat,koa peat,ARIZ,ISU,ARIZ,ISU,F,Rebounds,reb,Demon,6.5,2026-03-02T21:00:00.000-05:00,132695,20,ARIZ,Rebounds,demon
10235601,95070,tamin lipsey|ISU,Tamin Lipsey,tamin lipsey,ISU,ARIZ,ISU,ARIZ,G,Assists,ast,Demon,6.5,2026-03-02T21:00:00.000-05:00,132695,20,ISU,Assists,demon
10235617,95070,tamin lipsey|ISU,Tamin Lipsey,tamin lipsey,ISU,ARIZ,ISU,ARIZ,G,Rebounds,reb,Demon,6.5,2026-03-02T21:00:00.000-05:00,132695,20,ISU,Rebounds,demon
10238008,220063,tobe awaka|ARIZ,Tobe Awaka,tobe awaka,ARIZ,ISU,ARIZ,ISU,F,Rebounds,reb,Goblin,6.5,2026-03-02T21:00:00.000-05:00,132695,20,ARIZ,Rebounds,goblin
10238916,221781,joshua jefferson|ISU,Joshua Jefferson,joshua jefferson,ISU,ARIZ,ISU,ARIZ,F,Rebounds,reb,Standard,6.5,2026-03-02T21:00:00.000-05:00,132695,20,ISU,Rebounds,standard
10248925,287004,motiejus krivas|ARIZ,Motiejus Krivas,motiejus krivas,ARIZ,ISU,ARIZ,ISU,C,Rebounds,reb,Goblin,6.5,2026-03-02T21:00:00.000-05:00,132695,20,ARIZ,Rebounds,goblin
10251250,221781,joshua jefferson|ISU,Joshua Jefferson,joshua jefferson,ISU,ARIZ,ISU,ARIZ,F,Assists,ast,Demon,6.5,2026-03-02T21:00:00.000-05:00,132695,20,ISU,Assists,demon
10238915,282245,blake buchanan|ISU,Blake Buchanan,blake buchanan,ISU,ARIZ,ISU,ARIZ,F,Rebounds,reb,Standard,6.0,2026-03-02T21:00:00.000-05:00,132695,20,ISU,Rebounds,standard
10235428,282245,blake buchanan|ISU,Blake Buchanan,blake buchanan,ISU,ARIZ,ISU,ARIZ,F,Points,pts,Goblin,5.5,2026-03-02T21:00:00.000-05:00,132695,20,ISU,Points,goblin
10235462,274641,brayden burries|ARIZ,Brayden Burries,brayden burries,ARIZ,ISU,ARIZ,ISU,G,Rebounds,reb,Standard,5.5,2026-03-02T21:00:00.000-05:00,132695,20,ARIZ,Rebounds,standard
10235480,287583,ivan kharchenkov|ARIZ,Ivan Kharchenkov,ivan kharchenkov,ARIZ,ISU,ARIZ,ISU,F,Rebounds,reb,Standard,5.5,2026-03-02T21:00:00.000-05:00,132695,20,ARIZ,Rebounds,standard
10235491,219387,jaden bradley|ARIZ,Jaden Bradley,jaden bradley,ARIZ,ISU,ARIZ,ISU,G,Assists,ast,Demon,5.5,2026-03-02T21:00:00.000-05:00,132695,20,ARIZ,Assists,demon
10235527,221781,joshua jefferson|ISU,Joshua Jefferson,joshua jefferson,ISU,ARIZ,ISU,ARIZ,F,Rebounds,reb,Goblin,5.5,2026-03-02T21:00:00.000-05:00,132695,20,ISU,Rebounds,goblin
10235574,179218,milan momcilovic|ISU,Milan Momcilovic,milan momcilovic,ISU,ARIZ,ISU,ARIZ,F,Rebounds,reb,Demon,5.5,2026-03-02T21:00:00.000-05:00,132695,20,ISU,Rebounds,demon
10235600,95070,tamin lipsey|ISU,Tamin Lipsey,tamin lipsey,ISU,ARIZ,ISU,ARIZ,G,Assists,ast,Demon,5.5,2026-03-02T21:00:00.000-05:00,132695,20,ISU,Assists,demon
10248923,179218,milan momcilovic|ISU,Milan Momcilovic,milan momcilovic,ISU,ARIZ,ISU,ARIZ,F,3-PT Made,3pm,Demon,5.5,2026-03-02T21:00:00.000-05:00,132695,20,ISU,3-PT Made,demon
10250165,221781,joshua jefferson|ISU,Joshua Jefferson,joshua jefferson,ISU,ARIZ,ISU,ARIZ,F,Assists,ast,Demon,5.5,2026-03-02T21:00:00.000-05:00,132695,20,ISU,Assists,demon
10251572,274641,brayden burries|ARIZ,Brayden Burries,brayden burries,ARIZ,ISU,ARIZ,ISU,G,Assists,ast,Demon,5.5,2026-03-02T21:00:00.000-05:00,132695,20,ARIZ,Assists,demon
10239048,219387,jaden bradley|ARIZ,Jaden Bradley,jaden bradley,ARIZ,ISU,ARIZ,ISU,G,Assists,ast,Standard,5.0,2026-03-02T21:00:00.000-05:00,132695,20,ARIZ,Assists,standard
10235439,282245,blake buchanan|ISU,Blake Buchanan,blake buchanan,ISU,ARIZ,ISU,ARIZ,F,Rebounds,reb,Goblin,4.5,2026-03-02T21:00:00.000-05:00,132695,20,ISU,Rebounds,goblin
10235449,274641,brayden burries|ARIZ,Brayden Burries,brayden burries,ARIZ,ISU,ARIZ,ISU,G,Assists,ast,Demon,4.5,2026-03-02T21:00:00.000-05:00,132695,20,ARIZ,Assists,demon
10235466,274641,brayden burries|ARIZ,Brayden Burries,brayden burries,ARIZ,ISU,ARIZ,ISU,G,Rebounds,reb,Goblin,4.5,2026-03-02T21:00:00.000-05:00,132695,20,ARIZ,Rebounds,goblin
10235484,287583,ivan kharchenkov|ARIZ,Ivan Kharchenkov,ivan kharchenkov,ARIZ,ISU,ARIZ,ISU,F,Rebounds,reb,Goblin,4.5,2026-03-02T21:00:00.000-05:00,132695,20,ARIZ,Rebounds,goblin
10235494,219387,jaden bradley|ARIZ,Jaden Bradley,jaden bradley,ARIZ,ISU,ARIZ,ISU,G,Assists,ast,Goblin,4.5,2026-03-02T21:00:00.000-05:00,132695,20,ARIZ,Assists,goblin
10235506,219387,jaden bradley|ARIZ,Jaden Bradley,jaden bradley,ARIZ,ISU,ARIZ,ISU,G,Rebounds,reb,Demon,4.5,2026-03-02T21:00:00.000-05:00,132695,20,ARIZ,Rebounds,demon
10235535,279710,koa peat|ARIZ,Koa Peat,koa peat,ARIZ,ISU,ARIZ,ISU,F,Assists,ast,Demon,4.5,2026-03-02T21:00:00.000-05:00,132695,20,ARIZ,Assists,demon
10235553,279710,koa peat|ARIZ,Koa Peat,koa peat,ARIZ,ISU,ARIZ,ISU,F,Rebounds,reb,Goblin,4.5,2026-03-02T21:00:00.000-05:00,132695,20,ARIZ,Rebounds,goblin
10235556,179218,milan momcilovic|ISU,Milan Momcilovic,milan momcilovic,ISU,ARIZ,ISU,ARIZ,F,3-PT Made,3pm,Demon,4.5,2026-03-02T21:00:00.000-05:00,132695,20,ISU,3-PT Made,demon
10235572,179218,milan momcilovic|ISU,Milan Momcilovic,milan momcilovic,ISU,ARIZ,ISU,ARIZ,F,Rebounds,reb,Demon,4.5,2026-03-02T21:00:00.000-05:00,132695,20,ISU,Rebounds,demon
10235602,95070,tamin lipsey|ISU,Tamin Lipsey,tamin lipsey,ISU,ARIZ,ISU,ARIZ,G,Assists,ast,Demon,4.5,2026-03-02T21:00:00.000-05:00,132695,20,ISU,Assists,demon
10235616,95070,tamin lipsey|ISU,Tamin Lipsey,tamin lipsey,ISU,ARIZ,ISU,ARIZ,G,Rebounds,reb,Demon,4.5,2026-03-02T21:00:00.000-05:00,132695,20,ISU,Rebounds,demon
10248922,221781,joshua jefferson|ISU,Joshua Jefferson,joshua jefferson,ISU,ARIZ,ISU,ARIZ,F,Assists,ast,Goblin,4.5,2026-03-02T21:00:00.000-05:00,132695,20,ISU,Assists,goblin
10251220,287583,ivan kharchenkov|ARIZ,Ivan Kharchenkov,ivan kharchenkov,ARIZ,ISU,ARIZ,ISU,F,Assists,ast,Demon,4.5,2026-03-02T21:00:00.000-05:00,132695,20,ARIZ,Assists,demon
10238917,95070,tamin lipsey|ISU,Tamin Lipsey,tamin lipsey,ISU,ARIZ,ISU,ARIZ,G,Rebounds,reb,Standard,4.0,2026-03-02T21:00:00.000-05:00,132695,20,ISU,Rebounds,standard
10239050,95070,tamin lipsey|ISU,Tamin Lipsey,tamin lipsey,ISU,ARIZ,ISU,ARIZ,G,Assists,ast,Standard,4.0,2026-03-02T21:00:00.000-05:00,132695,20,ISU,Assists,standard
10235447,274641,brayden burries|ARIZ,Brayden Burries,brayden burries,ARIZ,ISU,ARIZ,ISU,G,3-PT Made,3pm,Demon,3.5,2026-03-02T21:00:00.000-05:00,132695,20,ARIZ,3-PT Made,demon
10235448,274641,brayden burries|ARIZ,Brayden Burries,brayden burries,ARIZ,ISU,ARIZ,ISU,G,Assists,ast,Demon,3.5,2026-03-02T21:00:00.000-05:00,132695,20,ARIZ,Assists,demon
10235493,219387,jaden bradley|ARIZ,Jaden Bradley,jaden bradley,ARIZ,ISU,ARIZ,ISU,G,Assists,ast,Goblin,3.5,2026-03-02T21:00:00.000-05:00,132695,20,ARIZ,Assists,goblin
10235534,279710,koa peat|ARIZ,Koa Peat,koa peat,ARIZ,ISU,ARIZ,ISU,F,Assists,ast,Demon,3.5,2026-03-02T21:00:00.000-05:00,132695,20,ARIZ,Assists,demon
10235555,179218,milan momcilovic|ISU,Milan Momcilovic,milan momcilovic,ISU,ARIZ,ISU,ARIZ,F,3-PT Made,3pm,Demon,3.5,2026-03-02T21:00:00.000-05:00,132695,20,ISU,3-PT Made,demon
10235573,179218,milan momcilovic|ISU,Milan Momcilovic,milan momcilovic,ISU,ARIZ,ISU,ARIZ,F,Rebounds,reb,Demon,3.5,2026-03-02T21:00:00.000-05:00,132695,20,ISU,Rebounds,demon
10235583,287004,motiejus krivas|ARIZ,Motiejus Krivas,motiejus krivas,ARIZ,ISU,ARIZ,ISU,C,Blocked Shots,blk,Demon,3.5,2026-03-02T21:00:00.000-05:00,132695,20,ARIZ,Blocked Shots,demon
10235603,95070,tamin lipsey|ISU,Tamin Lipsey,tamin lipsey,ISU,ARIZ,ISU,ARIZ,G,Assists,ast,Goblin,3.5,2026-03-02T21:00:00.000-05:00,132695,20,ISU,Assists,goblin
10235619,95070,tamin lipsey|ISU,Tamin Lipsey,tamin lipsey,ISU,ARIZ,ISU,ARIZ,G,Rebounds,reb,Goblin,3.5,2026-03-02T21:00:00.000-05:00,132695,20,ISU,Rebounds,goblin
10236026,219387,jaden bradley|ARIZ,Jaden Bradley,jaden bradley,ARIZ,ISU,ARIZ,ISU,G,Rebounds,reb,Standard,3.5,2026-03-02T21:00:00.000-05:00,132695,20,ARIZ,Rebounds,standard
10250166,221781,joshua jefferson|ISU,Joshua Jefferson,joshua jefferson,ISU,ARIZ,ISU,ARIZ,F,Assists,ast,Goblin,3.5,2026-03-02T21:00:00.000-05:00,132695,20,ISU,Assists,goblin
10250194,279710,koa peat|ARIZ,Koa Peat,koa peat,ARIZ,ISU,ARIZ,ISU,F,Rebounds,reb,Goblin,3.5,2026-03-02T21:00:00.000-05:00,132695,20,ARIZ,Rebounds,goblin
10251219,287583,ivan kharchenkov|ARIZ,Ivan Kharchenkov,ivan kharchenkov,ARIZ,ISU,ARIZ,ISU,F,Assists,ast,Demon,3.5,2026-03-02T21:00:00.000-05:00,132695,20,ARIZ,Assists,demon
10235420,282245,blake buchanan|ISU,Blake Buchanan,blake buchanan,ISU,ARIZ,ISU,ARIZ,F,Assists,ast,Demon,2.5,2026-03-02T21:00:00.000-05:00,132695,20,ISU,Assists,demon
10235446,274641,brayden burries|ARIZ,Brayden Burries,brayden burries,ARIZ,ISU,ARIZ,ISU,G,3-PT Made,3pm,Demon,2.5,2026-03-02T21:00:00.000-05:00,132695,20,ARIZ,3-PT Made,demon
10235472,287583,ivan kharchenkov|ARIZ,Ivan Kharchenkov,ivan kharchenkov,ARIZ,ISU,ARIZ,ISU,F,3-PT Made,3pm,Demon,2.5,2026-03-02T21:00:00.000-05:00,132695,20,ARIZ,3-PT Made,demon
10235508,219387,jaden bradley|ARIZ,Jaden Bradley,jaden bradley,ARIZ,ISU,ARIZ,ISU,G,Rebounds,reb,Goblin,2.5,2026-03-02T21:00:00.000-05:00,132695,20,ARIZ,Rebounds,goblin
10235514,221781,joshua jefferson|ISU,Joshua Jefferson,joshua jefferson,ISU,ARIZ,ISU,ARIZ,F,3-PT Made,3pm,Demon,2.5,2026-03-02T21:00:00.000-05:00,132695,20,ISU,3-PT Made,demon
10235533,279710,koa peat|ARIZ,Koa Peat,koa peat,ARIZ,ISU,ARIZ,ISU,F,Assists,ast,Standard,2.5,2026-03-02T21:00:00.000-05:00,132695,20,ARIZ,Assists,standard
10235557,179218,milan momcilovic|ISU,Milan Momcilovic,milan momcilovic,ISU,ARIZ,ISU,ARIZ,F,3-PT Made,3pm,Goblin,2.5,2026-03-02T21:00:00.000-05:00,132695,20,ISU,3-PT Made,goblin
10235575,179218,milan momcilovic|ISU,Milan Momcilovic,milan momcilovic,ISU,ARIZ,ISU,ARIZ,F,Rebounds,reb,Goblin,2.5,2026-03-02T21:00:00.000-05:00,132695,20,ISU,Rebounds,goblin
10235582,287004,motiejus krivas|ARIZ,Motiejus Krivas,motiejus krivas,ARIZ,ISU,ARIZ,ISU,C,Blocked Shots,blk,Demon,2.5,2026-03-02T21:00:00.000-05:00,132695,20,ARIZ,Blocked Shots,demon
10235598,95070,tamin lipsey|ISU,Tamin Lipsey,tamin lipsey,ISU,ARIZ,ISU,ARIZ,G,3-PT Made,3pm,Demon,2.5,2026-03-02T21:00:00.000-05:00,132695,20,ISU,3-PT Made,demon
10235618,95070,tamin lipsey|ISU,Tamin Lipsey,tamin lipsey,ISU,ARIZ,ISU,ARIZ,G,Rebounds,reb,Goblin,2.5,2026-03-02T21:00:00.000-05:00,132695,20,ISU,Rebounds,goblin
10237728,287583,ivan kharchenkov|ARIZ,Ivan Kharchenkov,ivan kharchenkov,ARIZ,ISU,ARIZ,ISU,F,Assists,ast,Demon,2.5,2026-03-02T21:00:00.000-05:00,132695,20,ARIZ,Assists,demon
10239554,221781,joshua jefferson|ISU,Joshua Jefferson,joshua jefferson,ISU,ARIZ,ISU,ARIZ,F,Turnovers,tov,Standard,2.5,2026-03-02T21:00:00.000-05:00,132695,20,ISU,Turnovers,standard
10249935,274641,brayden burries|ARIZ,Brayden Burries,brayden burries,ARIZ,ISU,ARIZ,ISU,G,Assists,ast,Goblin,2.5,2026-03-02T21:00:00.000-05:00,132695,20,ARIZ,Assists,goblin
10251252,287004,motiejus krivas|ARIZ,Motiejus Krivas,motiejus krivas,ARIZ,ISU,ARIZ,ISU,C,Assists,ast,Demon,2.5,2026-03-02T21:00:00.000-05:00,132695,20,ARIZ,Assists,demon
10235445,274641,brayden burries|ARIZ,Brayden Burries,brayden burries,ARIZ,ISU,ARIZ,ISU,G,3-PT Made,3pm,Goblin,1.5,2026-03-02T21:00:00.000-05:00,132695,20,ARIZ,3-PT Made,goblin
10235471,287583,ivan kharchenkov|ARIZ,Ivan Kharchenkov,ivan kharchenkov,ARIZ,ISU,ARIZ,ISU,F,3-PT Made,3pm,Demon,1.5,2026-03-02T21:00:00.000-05:00,132695,20,ARIZ,3-PT Made,demon
10235489,219387,jaden bradley|ARIZ,Jaden Bradley,jaden bradley,ARIZ,ISU,ARIZ,ISU,G,3-PT Made,3pm,Demon,1.5,2026-03-02T21:00:00.000-05:00,132695,20,ARIZ,3-PT Made,demon
10235513,221781,joshua jefferson|ISU,Joshua Jefferson,joshua jefferson,ISU,ARIZ,ISU,ARIZ,F,3-PT Made,3pm,Demon,1.5,2026-03-02T21:00:00.000-05:00,132695,20,ISU,3-PT Made,demon
10235536,279710,koa peat|ARIZ,Koa Peat,koa peat,ARIZ,ISU,ARIZ,ISU,F,Assists,ast,Goblin,1.5,2026-03-02T21:00:00.000-05:00,132695,20,ARIZ,Assists,goblin
10235581,287004,motiejus krivas|ARIZ,Motiejus Krivas,motiejus krivas,ARIZ,ISU,ARIZ,ISU,C,Blocked Shots,blk,Standard,1.5,2026-03-02T21:00:00.000-05:00,132695,20,ARIZ,Blocked Shots,standard
10235597,95070,tamin lipsey|ISU,Tamin Lipsey,tamin lipsey,ISU,ARIZ,ISU,ARIZ,G,3-PT Made,3pm,Demon,1.5,2026-03-02T21:00:00.000-05:00,132695,20,ISU,3-PT Made,demon
10235623,95070,tamin lipsey|ISU,Tamin Lipsey,tamin lipsey,ISU,ARIZ,ISU,ARIZ,G,Turnovers,tov,Goblin,1.5,2026-03-02T21:00:00.000-05:00,132695,20,ISU,Turnovers,goblin
10236025,274641,brayden burries|ARIZ,Brayden Burries,brayden burries,ARIZ,ISU,ARIZ,ISU,G,Assists,ast,Goblin,1.5,2026-03-02T21:00:00.000-05:00,132695,20,ARIZ,Assists,goblin
10238007,220063,tobe awaka|ARIZ,Tobe Awaka,tobe awaka,ARIZ,ISU,ARIZ,ISU,F,Blocked Shots,blk,Demon,1.5,2026-03-02T21:00:00.000-05:00,132695,20,ARIZ,Blocked Shots,demon
10251221,287583,ivan kharchenkov|ARIZ,Ivan Kharchenkov,ivan kharchenkov,ARIZ,ISU,ARIZ,ISU,F,Assists,ast,Goblin,1.5,2026-03-02T21:00:00.000-05:00,132695,20,ARIZ,Assists,goblin
10235421,282245,blake buchanan|ISU,Blake Buchanan,blake buchanan,ISU,ARIZ,ISU,ARIZ,F,Assists,ast,Goblin,0.5,2026-03-02T21:00:00.000-05:00,132695,20,ISU,Assists,goblin
10235473,287583,ivan kharchenkov|ARIZ,Ivan Kharchenkov,ivan kharchenkov,ARIZ,ISU,ARIZ,ISU,F,3-PT Made,3pm,Goblin,0.5,2026-03-02T21:00:00.000-05:00,132695,20,ARIZ,3-PT Made,goblin
10235515,221781,joshua jefferson|ISU,Joshua Jefferson,joshua jefferson,ISU,ARIZ,ISU,ARIZ,F,3-PT Made,3pm,Goblin,0.5,2026-03-02T21:00:00.000-05:00,132695,20,ISU,3-PT Made,goblin
10235532,279710,koa peat|ARIZ,Koa Peat,koa peat,ARIZ,ISU,ARIZ,ISU,F,3-PT Made,3pm,Demon,0.5,2026-03-02T21:00:00.000-05:00,132695,20,ARIZ,3-PT Made,demon
10235559,179218,milan momcilovic|ISU,Milan Momcilovic,milan momcilovic,ISU,ARIZ,ISU,ARIZ,F,Assists,ast,Goblin,0.5,2026-03-02T21:00:00.000-05:00,132695,20,ISU,Assists,goblin
10235578,179218,milan momcilovic|ISU,Milan Momcilovic,milan momcilovic,ISU,ARIZ,ISU,ARIZ,F,Turnovers,tov,Goblin,0.5,2026-03-02T21:00:00.000-05:00,132695,20,ISU,Turnovers,goblin
10235579,287004,motiejus krivas|ARIZ,Motiejus Krivas,motiejus krivas,ARIZ,ISU,ARIZ,ISU,C,3-PT Made,3pm,Demon,0.5,2026-03-02T21:00:00.000-05:00,132695,20,ARIZ,3-PT Made,demon
10235599,95070,tamin lipsey|ISU,Tamin Lipsey,tamin lipsey,ISU,ARIZ,ISU,ARIZ,G,3-PT Made,3pm,Goblin,0.5,2026-03-02T21:00:00.000-05:00,132695,20,ISU,3-PT Made,goblin
10236558,219387,jaden bradley|ARIZ,Jaden Bradley,jaden bradley,ARIZ,ISU,ARIZ,ISU,G,3-PT Made,3pm,Goblin,0.5,2026-03-02T21:00:00.000-05:00,132695,20,ARIZ,3-PT Made,goblin
10237945,220063,tobe awaka|ARIZ,Tobe Awaka,tobe awaka,ARIZ,ISU,ARIZ,ISU,F,Blocked Shots,blk,Standard,0.5,2026-03-02T21:00:00.000-05:00,132695,20,ARIZ,Blocked Shots,standard
10248924,287004,motiejus krivas|ARIZ,Motiejus Krivas,motiejus krivas,ARIZ,ISU,ARIZ,ISU,C,Assists,ast,Goblin,0.5,2026-03-02T21:00:00.000-05:00,132695,20,ARIZ,Assists,goblin
10239701,221781,joshua jefferson|ISU,Joshua Jefferson,joshua jefferson,ISU,ARIZ,ISU,ARIZ,F,Fantasy Score,fantasy,Demon,41.0,2026-03-02T21:05:00.000-05:00,132695,20,ISU,Fantasy Score,demon
10239689,274641,brayden burries|ARIZ,Brayden Burries,brayden burries,ARIZ,ISU,ARIZ,ISU,G,Fantasy Score,fantasy,Demon,35.5,2026-03-02T21:05:00.000-05:00,132695,20,ARIZ,Fantasy Score,demon
10239700,287004,motiejus krivas|ARIZ,Motiejus Krivas,motiejus krivas,ARIZ,ISU,ARIZ,ISU,C,Fantasy Score,fantasy,Demon,32.0,2026-03-02T21:05:00.000-05:00,132695,20,ARIZ,Fantasy Score,demon
10239704,219387,jaden bradley|ARIZ,Jaden Bradley,jaden bradley,ARIZ,ISU,ARIZ,ISU,G,Fantasy Score,fantasy,Demon,32.0,2026-03-02T21:05:00.000-05:00,132695,20,ARIZ,Fantasy Score,demon
10239705,95070,tamin lipsey|ISU,Tamin Lipsey,tamin lipsey,ISU,ARIZ,ISU,ARIZ,G,Fantasy Score,fantasy,Demon,31.0,2026-03-02T21:05:00.000-05:00,132695,20,ISU,Fantasy Score,demon
10239703,179218,milan momcilovic|ISU,Milan Momcilovic,milan momcilovic,ISU,ARIZ,ISU,ARIZ,F,Fantasy Score,fantasy,Demon,29.0,2026-03-02T21:05:00.000-05:00,132695,20,ISU,Fantasy Score,demon
10239709,221781,joshua jefferson|ISU,Joshua Jefferson,joshua jefferson,ISU,ARIZ,ISU,ARIZ,F,Fantasy Score,fantasy,Goblin,29.0,2026-03-02T21:05:00.000-05:00,132695,20,ISU,Fantasy Score,goblin
10239712,279710,koa peat|ARIZ,Koa Peat,koa peat,ARIZ,ISU,ARIZ,ISU,F,Fantasy Score,fantasy,Demon,29.0,2026-03-02T21:05:00.000-05:00,132695,20,ARIZ,Fantasy Score,demon
10239691,287583,ivan kharchenkov|ARIZ,Ivan Kharchenkov,ivan kharchenkov,ARIZ,ISU,ARIZ,ISU,F,Fantasy Score,fantasy,Demon,28.0,2026-03-02T21:05:00.000-05:00,132695,20,ARIZ,Fantasy Score,demon
10239711,220063,tobe awaka|ARIZ,Tobe Awaka,tobe awaka,ARIZ,ISU,ARIZ,ISU,F,Fantasy Score,fantasy,Demon,25.0,2026-03-02T21:05:00.000-05:00,132695,20,ARIZ,Fantasy Score,demon
10239696,274641,brayden burries|ARIZ,Brayden Burries,brayden burries,ARIZ,ISU,ARIZ,ISU,G,Fantasy Score,fantasy,Goblin,24.5,2026-03-02T21:05:00.000-05:00,132695,20,ARIZ,Fantasy Score,goblin
10239694,219387,jaden bradley|ARIZ,Jaden Bradley,jaden bradley,ARIZ,ISU,ARIZ,ISU,G,Fantasy Score,fantasy,Goblin,22.0,2026-03-02T21:05:00.000-05:00,132695,20,ARIZ,Fantasy Score,goblin
10239707,287004,motiejus krivas|ARIZ,Motiejus Krivas,motiejus krivas,ARIZ,ISU,ARIZ,ISU,C,Fantasy Score,fantasy,Goblin,22.0,2026-03-02T21:05:00.000-05:00,132695,20,ARIZ,Fantasy Score,goblin
10239710,95070,tamin lipsey|ISU,Tamin Lipsey,tamin lipsey,ISU,ARIZ,ISU,ARIZ,G,Fantasy Score,fantasy,Goblin,21.0,2026-03-02T21:05:00.000-05:00,132695,20,ISU,Fantasy Score,goblin
10239708,179218,milan momcilovic|ISU,Milan Momcilovic,milan momcilovic,ISU,ARIZ,ISU,ARIZ,F,Fantasy Score,fantasy,Goblin,19.0,2026-03-02T21:05:00.000-05:00,132695,20,ISU,Fantasy Score,goblin
10239714,279710,koa peat|ARIZ,Koa Peat,koa peat,ARIZ,ISU,ARIZ,ISU,F,Fantasy Score,fantasy,Goblin,19.0,2026-03-02T21:05:00.000-05:00,132695,20,ARIZ,Fantasy Score,goblin
10239698,287583,ivan kharchenkov|ARIZ,Ivan Kharchenkov,ivan kharchenkov,ARIZ,ISU,ARIZ,ISU,F,Fantasy Score,fantasy,Goblin,18.0,2026-03-02T21:05:00.000-05:00,132695,20,ARIZ,Fantasy Score,goblin
10239713,220063,tobe awaka|ARIZ,Tobe Awaka,tobe awaka,ARIZ,ISU,ARIZ,ISU,F,Fantasy Score,fantasy,Goblin,15.0,2026-03-02T21:05:00.000-05:00,132695,20,ARIZ,Fantasy Score,goblin
