player,team,prop_type,actual,league,SOT,SH,G,A,SV,PA,KP,TK
Ugurcan Çakir,GAL,Goalkeeper Saves,7.0,uefa.champions,,0.0,0.0,0.0,7.0,,,
Victor Osimhen,GAL,Shots,6.0,uefa.champions,,6.0,0.0,1.0,,,,
Marco Carnesecchi,ATA,Goalkeeper Saves,6.0,uefa.champions,,0.0,0.0,0.0,6.0,,,
Michael Olise,MUN,Shots,5.0,uefa.champions,,5.0,2.0,1.0,,,,
Nicolas Jackson,MUN,Shots,5.0,uefa.champions,,5.0,1.0,1.0,,,,
Dayot Upamecano,MUN,Fouls,4.0,uefa.champions,,2.0,0.0,1.0,,,,
Luis Díaz,MUN,Shots,4.0,uefa.champions,,4.0,0.0,1.0,,,,
Harvey Barnes,NEW,Shots,4.0,uefa.champions,,4.0,1.0,0.0,,,,
Konrad Laimer,MUN,Fouls,3.0,uefa.champions,,0.0,0.0,0.0,,,,
Joshua Kimmich,MUN,Shots,3.0,uefa.champions,,3.0,0.0,0.0,,,,
Virgil van Dijk,LIV,Fouls,3.0,uefa.champions,,0.0,0.0,0.0,,,,
Mario Lemina,GAL,Shots,3.0,uefa.champions,,3.0,1.0,0.0,,,,
Dominik Szoboszlai,LIV,Shots,3.0,uefa.champions,,3.0,0.0,0.0,,,,
Giorgi Mamardashvili,LIV,Goalkeeper Saves,3.0,uefa.champions,,0.0,0.0,0.0,3.0,,,
Jan Oblak,ATM,Goalkeeper Saves,3.0,uefa.champions,,0.0,0.0,0.0,3.0,,,
Gabriel Sara,GAL,Fouls,3.0,uefa.champions,,1.0,0.0,0.0,,,,
Nikola Krstovic,ATA,Shots,3.0,uefa.champions,,3.0,0.0,0.0,,,,
Florian Wirtz,LIV,Shots,3.0,uefa.champions,,3.0,0.0,0.0,,,,
Serge Gnabry,MUN,Shots,3.0,uefa.champions,,3.0,1.0,1.0,,,,
Johnny Cardoso,ATM,Fouls,3.0,uefa.champions,,0.0,0.0,0.0,,,,
Marcos Llorente,ATM,Shots,3.0,uefa.champions,,3.0,1.0,0.0,,,,
Antoine Griezmann,ATM,Shots,3.0,uefa.champions,,3.0,1.0,1.0,,,,
Alexander Sørloth,ATM,Fouls,3.0,uefa.champions,,0.0,0.0,0.0,,,,
Cristian Romero,TOT,Fouls,3.0,uefa.champions,,1.0,0.0,0.0,,,,
Jacob Ramsey,NEW,Fouls,3.0,uefa.champions,,2.0,0.0,0.0,,,,
Sandro Tonali,NEW,Shots,3.0,uefa.champions,,3.0,0.0,0.0,,,,
Joelinton,NEW,Fouls,3.0,uefa.champions,,0.0,0.0,0.0,,,,
William Osula,NEW,Shots,3.0,uefa.champions,,3.0,0.0,0.0,,,,
Milos Kerkez,LIV,Fouls,2.0,uefa.champions,,0.0,0.0,0.0,,,,
Cody Gakpo,LIV,Shots,2.0,uefa.champions,,2.0,0.0,0.0,,,,
Jonas Urbig,MUN,Goalkeeper Saves,2.0,uefa.champions,,0.0,0.0,0.0,2.0,,,
Serge Gnabry,MUN,Fouls,2.0,uefa.champions,,3.0,1.0,1.0,,,,
Baris Alper Yilmaz,GAL,Fouls,2.0,uefa.champions,,0.0,0.0,0.0,,,,
Dominik Szoboszlai,LIV,Fouls,2.0,uefa.champions,,3.0,0.0,0.0,,,,
Gianluca Scamacca,ATA,Shots,2.0,uefa.champions,,2.0,0.0,0.0,,,,
Hugo Ekitike,LIV,Fouls,2.0,uefa.champions,,2.0,0.0,0.0,,,,
Michael Olise,MUN,Goals,2.0,uefa.champions,,5.0,2.0,1.0,,,,
Ibrahima Konaté,LIV,Shots,2.0,uefa.champions,,2.0,0.0,0.0,,,,
Julián Álvarez,ATM,Shots,2.0,uefa.champions,,2.0,2.0,1.0,,,,
Julián Álvarez,ATM,Goals,2.0,uefa.champions,,2.0,2.0,1.0,,,,
Julián Álvarez,ATM,Fouls,2.0,uefa.champions,,2.0,2.0,1.0,,,,
Gianluca Scamacca,ATA,Fouls,2.0,uefa.champions,,2.0,0.0,0.0,,,,
Joe Gomez,LIV,Fouls,2.0,uefa.champions,,0.0,0.0,0.0,,,,
Alexis Mac Allister,LIV,Fouls,2.0,uefa.champions,,1.0,0.0,0.0,,,,
Kevin Danso,TOT,Fouls,2.0,uefa.champions,,0.0,0.0,0.0,,,,
Pape Matar Sarr,TOT,Shots,2.0,uefa.champions,,2.0,0.0,0.0,,,,
Pape Matar Sarr,TOT,Fouls,2.0,uefa.champions,,2.0,0.0,0.0,,,,
Archie Gray,TOT,Fouls,2.0,uefa.champions,,1.0,0.0,0.0,,,,
Ibrahima Konaté,LIV,Fouls,2.0,uefa.champions,,2.0,0.0,0.0,,,,
Dominic Solanke,TOT,Shots,2.0,uefa.champions,,2.0,1.0,0.0,,,,
Malick Thiaw,NEW,Fouls,2.0,uefa.champions,,0.0,0.0,0.0,,,,
Dayot Upamecano,MUN,Shots,2.0,uefa.champions,,2.0,0.0,1.0,,,,
Sandro Tonali,NEW,Fouls,2.0,uefa.champions,,3.0,0.0,0.0,,,,
Andrew Robertson,LIV,Fouls,2.0,uefa.champions,,0.0,0.0,0.0,,,,
Jacob Ramsey,NEW,Shots,2.0,uefa.champions,,2.0,0.0,0.0,,,,
Richarlison,TOT,Shots,2.0,uefa.champions,,2.0,0.0,1.0,,,,
Hugo Ekitike,LIV,Shots,2.0,uefa.champions,,2.0,0.0,0.0,,,,
Mario Pasalic,ATA,Shots,2.0,uefa.champions,,2.0,1.0,0.0,,,,
Anthony Elanga,NEW,Shots,2.0,uefa.champions,,2.0,0.0,0.0,,,,
Joan García,BAR,Goalkeeper Saves,2.0,uefa.champions,,0.0,0.0,0.0,2.0,,,
Ronald Araújo,BAR,Shots,2.0,uefa.champions,,2.0,0.0,0.0,,,,
Fermín López,BAR,Fouls,2.0,uefa.champions,,1.0,0.0,0.0,,,,
Lamine Yamal,BAR,Shots,2.0,uefa.champions,,2.0,1.0,0.0,,,,
Noa Lang,GAL,Shots,1.0,uefa.champions,,1.0,0.0,0.0,,,,
Yunus Musah,ATA,Fouls,1.0,uefa.champions,,1.0,0.0,0.0,,,,
Yunus Musah,ATA,Yellow Cards,1.0,uefa.champions,,1.0,0.0,0.0,,,,
Lorenzo Bernasconi,ATA,Fouls,1.0,uefa.champions,,0.0,0.0,0.0,,,,
Lazar Samardzic,ATA,Shots,1.0,uefa.champions,,1.0,0.0,0.0,,,,
Josip Stanisic,MUN,Shots,1.0,uefa.champions,,1.0,1.0,0.0,,,,
Virgil van Dijk,LIV,Yellow Cards,1.0,uefa.champions,,0.0,0.0,0.0,,,,
Josip Stanisic,MUN,Goals,1.0,uefa.champions,,1.0,1.0,0.0,,,,
Michael Olise,MUN,Yellow Cards,1.0,uefa.champions,,5.0,2.0,1.0,,,,
Raoul Bellanova,ATA,Fouls,1.0,uefa.champions,,0.0,0.0,0.0,,,,
Mario Pasalic,ATA,Goals,1.0,uefa.champions,,2.0,1.0,0.0,,,,
Milos Kerkez,LIV,Yellow Cards,1.0,uefa.champions,,0.0,0.0,0.0,,,,
Serge Gnabry,MUN,Goals,1.0,uefa.champions,,3.0,1.0,1.0,,,,
Serge Gnabry,MUN,Assists,1.0,uefa.champions,,3.0,1.0,1.0,,,,
Jamal Musiala,MUN,Fouls,1.0,uefa.champions,,1.0,1.0,0.0,,,,
Dominik Szoboszlai,LIV,Yellow Cards,1.0,uefa.champions,,3.0,0.0,0.0,,,,
Alexis Mac Allister,LIV,Shots,1.0,uefa.champions,,1.0,0.0,0.0,,,,
Marten de Roon,ATA,Fouls,1.0,uefa.champions,,0.0,0.0,0.0,,,,
Aleksandar Pavlovic,MUN,Shots,1.0,uefa.champions,,1.0,0.0,0.0,,,,
Nicola Zalewski,ATA,Shots,1.0,uefa.champions,,1.0,0.0,0.0,,,,
Ryan Gravenberch,LIV,Shots,1.0,uefa.champions,,1.0,0.0,0.0,,,,
Luis Díaz,MUN,Assists,1.0,uefa.champions,,4.0,0.0,1.0,,,,
Ryan Gravenberch,LIV,Fouls,1.0,uefa.champions,,1.0,0.0,0.0,,,,
Ryan Gravenberch,LIV,Yellow Cards,1.0,uefa.champions,,1.0,0.0,0.0,,,,
Jamal Musiala,MUN,Goals,1.0,uefa.champions,,1.0,1.0,0.0,,,,
Alphonso Davies,MUN,Assists,1.0,uefa.champions,,0.0,0.0,1.0,,,,
Jamal Musiala,MUN,Shots,1.0,uefa.champions,,1.0,1.0,0.0,,,,
Marcus Rashford,BAR,Shots,1.0,uefa.champions,,1.0,0.0,0.0,,,,
Berat Djimsiti,ATA,Shots,1.0,uefa.champions,,1.0,0.0,0.0,,,,
Dávid Hancko,ATM,Fouls,1.0,uefa.champions,,0.0,0.0,0.0,,,,
Robin Le Normand,ATM,Shots,1.0,uefa.champions,,1.0,1.0,0.0,,,,
Robin Le Normand,ATM,Goals,1.0,uefa.champions,,1.0,1.0,0.0,,,,
Matteo Ruggeri,ATM,Shots,1.0,uefa.champions,,1.0,0.0,0.0,,,,
Marc Pubill,ATM,Fouls,1.0,uefa.champions,,0.0,0.0,0.0,,,,
Kamaldeen Sulemana,ATA,Fouls,1.0,uefa.champions,,0.0,0.0,0.0,,,,
Berat Djimsiti,ATA,Fouls,1.0,uefa.champions,,1.0,0.0,0.0,,,,
Marcos Llorente,ATM,Goals,1.0,uefa.champions,,3.0,1.0,0.0,,,,
Ademola Lookman,ATM,Shots,1.0,uefa.champions,,1.0,0.0,0.0,,,,
Ademola Lookman,ATM,Fouls,1.0,uefa.champions,,1.0,0.0,0.0,,,,
Giuliano Simeone,ATM,Fouls,1.0,uefa.champions,,0.0,0.0,0.0,,,,
Jonathan Tah,MUN,Fouls,1.0,uefa.champions,,0.0,0.0,0.0,,,,
Davinson Sánchez,GAL,Shots,1.0,uefa.champions,,1.0,0.0,0.0,,,,
Julián Álvarez,ATM,Assists,1.0,uefa.champions,,2.0,2.0,1.0,,,,
Michael Olise,MUN,Assists,1.0,uefa.champions,,5.0,2.0,1.0,,,,
Davinson Sánchez,GAL,Fouls,1.0,uefa.champions,,1.0,0.0,0.0,,,,
Antoine Griezmann,ATM,Goals,1.0,uefa.champions,,3.0,1.0,1.0,,,,
Antoine Griezmann,ATM,Assists,1.0,uefa.champions,,3.0,1.0,1.0,,,,
Antoine Griezmann,ATM,Fouls,1.0,uefa.champions,,3.0,1.0,1.0,,,,
Pablo Barrios,ATM,Fouls,1.0,uefa.champions,,0.0,0.0,0.0,,,,
Davinson Sánchez,GAL,Yellow Cards,1.0,uefa.champions,,1.0,0.0,0.0,,,,
Nicolás González,ATM,Fouls,1.0,uefa.champions,,0.0,0.0,0.0,,,,
Cristian Romero,TOT,Shots,1.0,uefa.champions,,1.0,0.0,0.0,,,,
Ismail Jakobs,GAL,Shots,1.0,uefa.champions,,1.0,0.0,0.0,,,,
Cristian Romero,TOT,Yellow Cards,1.0,uefa.champions,,1.0,0.0,0.0,,,,
Micky van de Ven,TOT,Shots,1.0,uefa.champions,,1.0,0.0,0.0,,,,
Ismail Jakobs,GAL,Fouls,1.0,uefa.champions,,1.0,0.0,0.0,,,,
Kevin Danso,TOT,Yellow Cards,1.0,uefa.champions,,0.0,0.0,0.0,,,,
Wilfried Singo,GAL,Shots,1.0,uefa.champions,,1.0,0.0,0.0,,,,
Nikola Krstovic,ATA,Fouls,1.0,uefa.champions,,3.0,0.0,0.0,,,,
Archie Gray,TOT,Shots,1.0,uefa.champions,,1.0,0.0,0.0,,,,
Wilfried Singo,GAL,Fouls,1.0,uefa.champions,,1.0,0.0,0.0,,,,
Archie Gray,TOT,Yellow Cards,1.0,uefa.champions,,1.0,0.0,0.0,,,,
Djed Spence,TOT,Fouls,1.0,uefa.champions,,0.0,0.0,0.0,,,,
Djed Spence,TOT,Yellow Cards,1.0,uefa.champions,,0.0,0.0,0.0,,,,
Pedro Porro,TOT,Shots,1.0,uefa.champions,,1.0,1.0,1.0,,,,
Pedro Porro,TOT,Goals,1.0,uefa.champions,,1.0,1.0,1.0,,,,
Pedro Porro,TOT,Assists,1.0,uefa.champions,,1.0,1.0,1.0,,,,
Dayot Upamecano,MUN,Assists,1.0,uefa.champions,,2.0,0.0,1.0,,,,
Richarlison,TOT,Assists,1.0,uefa.champions,,2.0,0.0,1.0,,,,
Richarlison,TOT,Fouls,1.0,uefa.champions,,2.0,0.0,1.0,,,,
Richarlison,TOT,Yellow Cards,1.0,uefa.champions,,2.0,0.0,1.0,,,,
Mathys Tel,TOT,Shots,1.0,uefa.champions,,1.0,0.0,0.0,,,,
João Palhinha,TOT,Fouls,1.0,uefa.champions,,0.0,0.0,0.0,,,,
Gabriel Sara,GAL,Shots,1.0,uefa.champions,,1.0,0.0,0.0,,,,
Dominic Solanke,TOT,Goals,1.0,uefa.champions,,2.0,1.0,0.0,,,,
Aaron Ramsdale,NEW,Goalkeeper Saves,1.0,uefa.champions,,0.0,0.0,0.0,1.0,,,
Dan Burn,NEW,Fouls,1.0,uefa.champions,,0.0,0.0,0.0,,,,
Joshua Kimmich,MUN,Yellow Cards,1.0,uefa.champions,,3.0,0.0,0.0,,,,
Lewis Hall,NEW,Fouls,1.0,uefa.champions,,0.0,0.0,0.0,,,,
Sead Kolasinac,ATA,Fouls,1.0,uefa.champions,,0.0,0.0,0.0,,,,
Mario Lemina,GAL,Goals,1.0,uefa.champions,,3.0,1.0,0.0,,,,
Sandro Tonali,NEW,Yellow Cards,1.0,uefa.champions,,3.0,0.0,0.0,,,,
Mario Lemina,GAL,Fouls,1.0,uefa.champions,,3.0,1.0,0.0,,,,
Nicolas Jackson,MUN,Goals,1.0,uefa.champions,,5.0,1.0,1.0,,,,
Nicolas Jackson,MUN,Assists,1.0,uefa.champions,,5.0,1.0,1.0,,,,
Yunus Musah,ATA,Shots,1.0,uefa.champions,,1.0,0.0,0.0,,,,
Isak Hien,ATA,Fouls,1.0,uefa.champions,,0.0,0.0,0.0,,,,
Harvey Barnes,NEW,Goals,1.0,uefa.champions,,4.0,1.0,0.0,,,,
Harvey Barnes,NEW,Fouls,1.0,uefa.champions,,4.0,1.0,0.0,,,,
Lucas Torreira,GAL,Fouls,1.0,uefa.champions,,0.0,0.0,0.0,,,,
Tino Livramento,NEW,Shots,1.0,uefa.champions,,1.0,0.0,0.0,,,,
Joe Willock,NEW,Fouls,1.0,uefa.champions,,0.0,0.0,0.0,,,,
Joe Willock,NEW,Yellow Cards,1.0,uefa.champions,,0.0,0.0,0.0,,,,
Jacob Murphy,NEW,Shots,1.0,uefa.champions,,1.0,0.0,1.0,,,,
Jacob Murphy,NEW,Assists,1.0,uefa.champions,,1.0,0.0,1.0,,,,
Jeremie Frimpong,LIV,Shots,1.0,uefa.champions,,1.0,0.0,0.0,,,,
João Cancelo,BAR,Shots,1.0,uefa.champions,,1.0,0.0,0.0,,,,
João Cancelo,BAR,Fouls,1.0,uefa.champions,,1.0,0.0,0.0,,,,
João Cancelo,BAR,Yellow Cards,1.0,uefa.champions,,1.0,0.0,0.0,,,,
Victor Osimhen,GAL,Assists,1.0,uefa.champions,,6.0,0.0,1.0,,,,
Ronald Araújo,BAR,Fouls,1.0,uefa.champions,,2.0,0.0,0.0,,,,
Fermín López,BAR,Shots,1.0,uefa.champions,,1.0,0.0,0.0,,,,
Victor Osimhen,GAL,Fouls,1.0,uefa.champions,,6.0,0.0,1.0,,,,
Marc Bernal,BAR,Fouls,1.0,uefa.champions,,0.0,0.0,0.0,,,,
Robert Lewandowski,BAR,Shots,1.0,uefa.champions,,1.0,0.0,0.0,,,,
Robert Lewandowski,BAR,Fouls,1.0,uefa.champions,,1.0,0.0,0.0,,,,
Raphinha,BAR,Shots,1.0,uefa.champions,,1.0,0.0,0.0,,,,
Konrad Laimer,MUN,Yellow Cards,1.0,uefa.champions,,0.0,0.0,0.0,,,,
Lamine Yamal,BAR,Goals,1.0,uefa.champions,,2.0,1.0,0.0,,,,
Lamine Yamal,BAR,Fouls,1.0,uefa.champions,,2.0,1.0,0.0,,,,
Ferran Torres,BAR,Fouls,1.0,uefa.champions,,0.0,0.0,0.0,,,,
Abdülkerim Bardakci,GAL,Shots,1.0,uefa.champions,,1.0,0.0,0.0,,,,
Marcus Rashford,BAR,Fouls,1.0,uefa.champions,,1.0,0.0,0.0,,,,
Ahmed Kutucu,GAL,Goals,0.0,uefa.champions,,0.0,0.0,0.0,,,,
Ahmed Kutucu,GAL,Assists,0.0,uefa.champions,,0.0,0.0,0.0,,,,
Ahmed Kutucu,GAL,Fouls,0.0,uefa.champions,,0.0,0.0,0.0,,,,
Ahmed Kutucu,GAL,Yellow Cards,0.0,uefa.champions,,0.0,0.0,0.0,,,,
Eren Elmali,GAL,Shots,0.0,uefa.champions,,0.0,0.0,0.0,,,,
Eren Elmali,GAL,Goals,0.0,uefa.champions,,0.0,0.0,0.0,,,,
Eren Elmali,GAL,Assists,0.0,uefa.champions,,0.0,0.0,0.0,,,,
Eren Elmali,GAL,Fouls,0.0,uefa.champions,,0.0,0.0,0.0,,,,
Eren Elmali,GAL,Yellow Cards,0.0,uefa.champions,,0.0,0.0,0.0,,,,
Yunus Akgün,GAL,Shots,0.0,uefa.champions,,0.0,0.0,0.0,,,,
Yunus Akgün,GAL,Goals,0.0,uefa.champions,,0.0,0.0,0.0,,,,
Yunus Akgün,GAL,Assists,0.0,uefa.champions,,0.0,0.0,0.0,,,,
Yunus Akgün,GAL,Fouls,0.0,uefa.champions,,0.0,0.0,0.0,,,,
Yunus Akgün,GAL,Yellow Cards,0.0,uefa.champions,,0.0,0.0,0.0,,,,
Giorgi Mamardashvili,LIV,Shots,0.0,uefa.champions,,0.0,0.0,0.0,3.0,,,
Giorgi Mamardashvili,LIV,Goals,0.0,uefa.champions,,0.0,0.0,0.0,3.0,,,
Giorgi Mamardashvili,LIV,Assists,0.0,uefa.champions,,0.0,0.0,0.0,3.0,,,
Giorgi Mamardashvili,LIV,Fouls,0.0,uefa.champions,,0.0,0.0,0.0,3.0,,,
Giorgi Mamardashvili,LIV,Yellow Cards,0.0,uefa.champions,,0.0,0.0,0.0,3.0,,,
Virgil van Dijk,LIV,Shots,0.0,uefa.champions,,0.0,0.0,0.0,,,,
Virgil van Dijk,LIV,Goals,0.0,uefa.champions,,0.0,0.0,0.0,,,,
Virgil van Dijk,LIV,Assists,0.0,uefa.champions,,0.0,0.0,0.0,,,,
Ibrahima Konaté,LIV,Goals,0.0,uefa.champions,,2.0,0.0,0.0,,,,
Ibrahima Konaté,LIV,Assists,0.0,uefa.champions,,2.0,0.0,0.0,,,,
Ibrahima Konaté,LIV,Yellow Cards,0.0,uefa.champions,,2.0,0.0,0.0,,,,
Milos Kerkez,LIV,Shots,0.0,uefa.champions,,0.0,0.0,0.0,,,,
Milos Kerkez,LIV,Goals,0.0,uefa.champions,,0.0,0.0,0.0,,,,
Milos Kerkez,LIV,Assists,0.0,uefa.champions,,0.0,0.0,0.0,,,,
Joe Gomez,LIV,Shots,0.0,uefa.champions,,0.0,0.0,0.0,,,,
Joe Gomez,LIV,Goals,0.0,uefa.champions,,0.0,0.0,0.0,,,,
Joe Gomez,LIV,Assists,0.0,uefa.champions,,0.0,0.0,0.0,,,,
Joe Gomez,LIV,Yellow Cards,0.0,uefa.champions,,0.0,0.0,0.0,,,,
Dominik Szoboszlai,LIV,Goals,0.0,uefa.champions,,3.0,0.0,0.0,,,,
Dominik Szoboszlai,LIV,Assists,0.0,uefa.champions,,3.0,0.0,0.0,,,,
Alexis Mac Allister,LIV,Goals,0.0,uefa.champions,,1.0,0.0,0.0,,,,
Alexis Mac Allister,LIV,Assists,0.0,uefa.champions,,1.0,0.0,0.0,,,,
Alexis Mac Allister,LIV,Yellow Cards,0.0,uefa.champions,,1.0,0.0,0.0,,,,
Ryan Gravenberch,LIV,Goals,0.0,uefa.champions,,1.0,0.0,0.0,,,,
Ryan Gravenberch,LIV,Assists,0.0,uefa.champions,,1.0,0.0,0.0,,,,
Hugo Ekitike,LIV,Goals,0.0,uefa.champions,,2.0,0.0,0.0,,,,
Hugo Ekitike,LIV,Assists,0.0,uefa.champions,,2.0,0.0,0.0,,,,
Hugo Ekitike,LIV,Yellow Cards,0.0,uefa.champions,,2.0,0.0,0.0,,,,
Florian Wirtz,LIV,Goals,0.0,uefa.champions,,3.0,0.0,0.0,,,,
Florian Wirtz,LIV,Assists,0.0,uefa.champions,,3.0,0.0,0.0,,,,
Florian Wirtz,LIV,Fouls,0.0,uefa.champions,,3.0,0.0,0.0,,,,
Florian Wirtz,LIV,Yellow Cards,0.0,uefa.champions,,3.0,0.0,0.0,,,,
Mohamed Salah,LIV,Shots,0.0,uefa.champions,,0.0,0.0,0.0,,,,
Mohamed Salah,LIV,Goals,0.0,uefa.champions,,0.0,0.0,0.0,,,,
Mohamed Salah,LIV,Assists,0.0,uefa.champions,,0.0,0.0,0.0,,,,
Mohamed Salah,LIV,Fouls,0.0,uefa.champions,,0.0,0.0,0.0,,,,
Mohamed Salah,LIV,Yellow Cards,0.0,uefa.champions,,0.0,0.0,0.0,,,,
Andrew Robertson,LIV,Shots,0.0,uefa.champions,,0.0,0.0,0.0,,,,
Andrew Robertson,LIV,Goals,0.0,uefa.champions,,0.0,0.0,0.0,,,,
Andrew Robertson,LIV,Assists,0.0,uefa.champions,,0.0,0.0,0.0,,,,
Andrew Robertson,LIV,Yellow Cards,0.0,uefa.champions,,0.0,0.0,0.0,,,,
Rio Ngumoha,LIV,Shots,0.0,uefa.champions,,0.0,0.0,0.0,,,,
Rio Ngumoha,LIV,Goals,0.0,uefa.champions,,0.0,0.0,0.0,,,,
Rio Ngumoha,LIV,Assists,0.0,uefa.champions,,0.0,0.0,0.0,,,,
Rio Ngumoha,LIV,Fouls,0.0,uefa.champions,,0.0,0.0,0.0,,,,
Rio Ngumoha,LIV,Yellow Cards,0.0,uefa.champions,,0.0,0.0,0.0,,,,
Amara Nallo,LIV,Shots,0.0,uefa.champions,,0.0,0.0,0.0,,,,
Amara Nallo,LIV,Goals,0.0,uefa.champions,,0.0,0.0,0.0,,,,
Amara Nallo,LIV,Assists,0.0,uefa.champions,,0.0,0.0,0.0,,,,
Amara Nallo,LIV,Fouls,0.0,uefa.champions,,0.0,0.0,0.0,,,,
Amara Nallo,LIV,Yellow Cards,0.0,uefa.champions,,0.0,0.0,0.0,,,,
Jeremie Frimpong,LIV,Goals,0.0,uefa.champions,,1.0,0.0,0.0,,,,
Jeremie Frimpong,LIV,Assists,0.0,uefa.champions,,1.0,0.0,0.0,,,,
Jeremie Frimpong,LIV,Fouls,0.0,uefa.champions,,1.0,0.0,0.0,,,,
Jeremie Frimpong,LIV,Yellow Cards,0.0,uefa.champions,,1.0,0.0,0.0,,,,
Cody Gakpo,LIV,Goals,0.0,uefa.champions,,2.0,0.0,0.0,,,,
Cody Gakpo,LIV,Assists,0.0,uefa.champions,,2.0,0.0,0.0,,,,
Cody Gakpo,LIV,Fouls,0.0,uefa.champions,,2.0,0.0,0.0,,,,
Cody Gakpo,LIV,Yellow Cards,0.0,uefa.champions,,2.0,0.0,0.0,,,,
Kornel Misciur,LIV,Shots,0.0,uefa.champions,,0.0,0.0,0.0,0.0,,,
Kornel Misciur,LIV,Goals,0.0,uefa.champions,,0.0,0.0,0.0,0.0,,,
Kornel Misciur,LIV,Assists,0.0,uefa.champions,,0.0,0.0,0.0,0.0,,,
Kornel Misciur,LIV,Goalkeeper Saves,0.0,uefa.champions,,0.0,0.0,0.0,0.0,,,
Kornel Misciur,LIV,Fouls,0.0,uefa.champions,,0.0,0.0,0.0,0.0,,,
Kornel Misciur,LIV,Yellow Cards,0.0,uefa.champions,,0.0,0.0,0.0,0.0,,,
Kieran Morrison,LIV,Shots,0.0,uefa.champions,,0.0,0.0,0.0,,,,
Kieran Morrison,LIV,Goals,0.0,uefa.champions,,0.0,0.0,0.0,,,,
Kieran Morrison,LIV,Assists,0.0,uefa.champions,,0.0,0.0,0.0,,,,
Kieran Morrison,LIV,Fouls,0.0,uefa.champions,,0.0,0.0,0.0,,,,
Kieran Morrison,LIV,Yellow Cards,0.0,uefa.champions,,0.0,0.0,0.0,,,,
Curtis Jones,LIV,Shots,0.0,uefa.champions,,0.0,0.0,0.0,,,,
Curtis Jones,LIV,Goals,0.0,uefa.champions,,0.0,0.0,0.0,,,,
Curtis Jones,LIV,Assists,0.0,uefa.champions,,0.0,0.0,0.0,,,,
Curtis Jones,LIV,Fouls,0.0,uefa.champions,,0.0,0.0,0.0,,,,
Curtis Jones,LIV,Yellow Cards,0.0,uefa.champions,,0.0,0.0,0.0,,,,
Trey Nyoni,LIV,Shots,0.0,uefa.champions,,0.0,0.0,0.0,,,,
Trey Nyoni,LIV,Goals,0.0,uefa.champions,,0.0,0.0,0.0,,,,
Trey Nyoni,LIV,Assists,0.0,uefa.champions,,0.0,0.0,0.0,,,,
Trey Nyoni,LIV,Fouls,0.0,uefa.champions,,0.0,0.0,0.0,,,,
Trey Nyoni,LIV,Yellow Cards,0.0,uefa.champions,,0.0,0.0,0.0,,,,
Freddie Woodman,LIV,Shots,0.0,uefa.champions,,0.0,0.0,0.0,0.0,,,
Freddie Woodman,LIV,Goals,0.0,uefa.champions,,0.0,0.0,0.0,0.0,,,
Freddie Woodman,LIV,Assists,0.0,uefa.champions,,0.0,0.0,0.0,0.0,,,
Freddie Woodman,LIV,Goalkeeper Saves,0.0,uefa.champions,,0.0,0.0,0.0,0.0,,,
Freddie Woodman,LIV,Fouls,0.0,uefa.champions,,0.0,0.0,0.0,0.0,,,
Freddie Woodman,LIV,Yellow Cards,0.0,uefa.champions,,0.0,0.0,0.0,0.0,,,
Marco Carnesecchi,ATA,Shots,0.0,uefa.champions,,0.0,0.0,0.0,6.0,,,
Marco Carnesecchi,ATA,Goals,0.0,uefa.champions,,0.0,0.0,0.0,6.0,,,
Marco Carnesecchi,ATA,Assists,0.0,uefa.champions,,0.0,0.0,0.0,6.0,,,
Marco Carnesecchi,ATA,Fouls,0.0,uefa.champions,,0.0,0.0,0.0,6.0,,,
Marco Carnesecchi,ATA,Yellow Cards,0.0,uefa.champions,,0.0,0.0,0.0,6.0,,,
Sead Kolasinac,ATA,Shots,0.0,uefa.champions,,0.0,0.0,0.0,,,,
Sead Kolasinac,ATA,Goals,0.0,uefa.champions,,0.0,0.0,0.0,,,,
Sead Kolasinac,ATA,Assists,0.0,uefa.champions,,0.0,0.0,0.0,,,,
Sead Kolasinac,ATA,Yellow Cards,0.0,uefa.champions,,0.0,0.0,0.0,,,,
Isak Hien,ATA,Shots,0.0,uefa.champions,,0.0,0.0,0.0,,,,
Isak Hien,ATA,Goals,0.0,uefa.champions,,0.0,0.0,0.0,,,,
Isak Hien,ATA,Assists,0.0,uefa.champions,,0.0,0.0,0.0,,,,
Isak Hien,ATA,Yellow Cards,0.0,uefa.champions,,0.0,0.0,0.0,,,,
Lorenzo Bernasconi,ATA,Shots,0.0,uefa.champions,,0.0,0.0,0.0,,,,
Lorenzo Bernasconi,ATA,Goals,0.0,uefa.champions,,0.0,0.0,0.0,,,,
Lorenzo Bernasconi,ATA,Assists,0.0,uefa.champions,,0.0,0.0,0.0,,,,
Lorenzo Bernasconi,ATA,Yellow Cards,0.0,uefa.champions,,0.0,0.0,0.0,,,,
Davide Zappacosta,ATA,Shots,0.0,uefa.champions,,0.0,0.0,0.0,,,,
Davide Zappacosta,ATA,Goals,0.0,uefa.champions,,0.0,0.0,0.0,,,,
Davide Zappacosta,ATA,Assists,0.0,uefa.champions,,0.0,0.0,0.0,,,,
Davide Zappacosta,ATA,Fouls,0.0,uefa.champions,,0.0,0.0,0.0,,,,
Davide Zappacosta,ATA,Yellow Cards,0.0,uefa.champions,,0.0,0.0,0.0,,,,
Mario Pasalic,ATA,Assists,0.0,uefa.champions,,2.0,1.0,0.0,,,,
Mario Pasalic,ATA,Fouls,0.0,uefa.champions,,2.0,1.0,0.0,,,,
Mario Pasalic,ATA,Yellow Cards,0.0,uefa.champions,,2.0,1.0,0.0,,,,
Marten de Roon,ATA,Shots,0.0,uefa.champions,,0.0,0.0,0.0,,,,
Marten de Roon,ATA,Goals,0.0,uefa.champions,,0.0,0.0,0.0,,,,
Marten de Roon,ATA,Assists,0.0,uefa.champions,,0.0,0.0,0.0,,,,
Marten de Roon,ATA,Yellow Cards,0.0,uefa.champions,,0.0,0.0,0.0,,,,
Nicola Zalewski,ATA,Goals,0.0,uefa.champions,,1.0,0.0,0.0,,,,
Nicola Zalewski,ATA,Assists,0.0,uefa.champions,,1.0,0.0,0.0,,,,
Nicola Zalewski,ATA,Fouls,0.0,uefa.champions,,1.0,0.0,0.0,,,,
Nicola Zalewski,ATA,Yellow Cards,0.0,uefa.champions,,1.0,0.0,0.0,,,,
Kamaldeen Sulemana,ATA,Shots,0.0,uefa.champions,,0.0,0.0,0.0,,,,
Kamaldeen Sulemana,ATA,Goals,0.0,uefa.champions,,0.0,0.0,0.0,,,,
Kamaldeen Sulemana,ATA,Assists,0.0,uefa.champions,,0.0,0.0,0.0,,,,
Kamaldeen Sulemana,ATA,Yellow Cards,0.0,uefa.champions,,0.0,0.0,0.0,,,,
Gianluca Scamacca,ATA,Goals,0.0,uefa.champions,,2.0,0.0,0.0,,,,
Gianluca Scamacca,ATA,Assists,0.0,uefa.champions,,2.0,0.0,0.0,,,,
Gianluca Scamacca,ATA,Yellow Cards,0.0,uefa.champions,,2.0,0.0,0.0,,,,
Nikola Krstovic,ATA,Goals,0.0,uefa.champions,,3.0,0.0,0.0,,,,
Nikola Krstovic,ATA,Assists,0.0,uefa.champions,,3.0,0.0,0.0,,,,
Nikola Krstovic,ATA,Yellow Cards,0.0,uefa.champions,,3.0,0.0,0.0,,,,
Honest Ahanor,ATA,Shots,0.0,uefa.champions,,0.0,0.0,0.0,,,,
Honest Ahanor,ATA,Goals,0.0,uefa.champions,,0.0,0.0,0.0,,,,
Honest Ahanor,ATA,Assists,0.0,uefa.champions,,0.0,0.0,0.0,,,,
Honest Ahanor,ATA,Fouls,0.0,uefa.champions,,0.0,0.0,0.0,,,,
Honest Ahanor,ATA,Yellow Cards,0.0,uefa.champions,,0.0,0.0,0.0,,,,
Marco Sportiello,ATA,Shots,0.0,uefa.champions,,0.0,0.0,0.0,0.0,,,
Marco Sportiello,ATA,Goals,0.0,uefa.champions,,0.0,0.0,0.0,0.0,,,
Marco Sportiello,ATA,Assists,0.0,uefa.champions,,0.0,0.0,0.0,0.0,,,
Marco Sportiello,ATA,Goalkeeper Saves,0.0,uefa.champions,,0.0,0.0,0.0,0.0,,,
Marco Sportiello,ATA,Fouls,0.0,uefa.champions,,0.0,0.0,0.0,0.0,,,
Marco Sportiello,ATA,Yellow Cards,0.0,uefa.champions,,0.0,0.0,0.0,0.0,,,
Raoul Bellanova,ATA,Shots,0.0,uefa.champions,,0.0,0.0,0.0,,,,
Raoul Bellanova,ATA,Goals,0.0,uefa.champions,,0.0,0.0,0.0,,,,
Raoul Bellanova,ATA,Assists,0.0,uefa.champions,,0.0,0.0,0.0,,,,
Raoul Bellanova,ATA,Yellow Cards,0.0,uefa.champions,,0.0,0.0,0.0,,,,
Francesco Rossi,ATA,Shots,0.0,uefa.champions,,0.0,0.0,0.0,0.0,,,
Francesco Rossi,ATA,Goals,0.0,uefa.champions,,0.0,0.0,0.0,0.0,,,
Francesco Rossi,ATA,Assists,0.0,uefa.champions,,0.0,0.0,0.0,0.0,,,
Francesco Rossi,ATA,Goalkeeper Saves,0.0,uefa.champions,,0.0,0.0,0.0,0.0,,,
Francesco Rossi,ATA,Fouls,0.0,uefa.champions,,0.0,0.0,0.0,0.0,,,
Francesco Rossi,ATA,Yellow Cards,0.0,uefa.champions,,0.0,0.0,0.0,0.0,,,
Mitchel Bakker,ATA,Shots,0.0,uefa.champions,,0.0,0.0,0.0,,,,
Mitchel Bakker,ATA,Goals,0.0,uefa.champions,,0.0,0.0,0.0,,,,
Mitchel Bakker,ATA,Assists,0.0,uefa.champions,,0.0,0.0,0.0,,,,
Mitchel Bakker,ATA,Fouls,0.0,uefa.champions,,0.0,0.0,0.0,,,,
Mitchel Bakker,ATA,Yellow Cards,0.0,uefa.champions,,0.0,0.0,0.0,,,,
Berat Djimsiti,ATA,Goals,0.0,uefa.champions,,1.0,0.0,0.0,,,,
Berat Djimsiti,ATA,Assists,0.0,uefa.champions,,1.0,0.0,0.0,,,,
Berat Djimsiti,ATA,Yellow Cards,0.0,uefa.champions,,1.0,0.0,0.0,,,,
Dominic Vavassori,ATA,Shots,0.0,uefa.champions,,0.0,0.0,0.0,,,,
Dominic Vavassori,ATA,Goals,0.0,uefa.champions,,0.0,0.0,0.0,,,,
Dominic Vavassori,ATA,Assists,0.0,uefa.champions,,0.0,0.0,0.0,,,,
Dominic Vavassori,ATA,Fouls,0.0,uefa.champions,,0.0,0.0,0.0,,,,
Dominic Vavassori,ATA,Yellow Cards,0.0,uefa.champions,,0.0,0.0,0.0,,,,
Odilon Kossounou,ATA,Shots,0.0,uefa.champions,,0.0,0.0,0.0,,,,
Odilon Kossounou,ATA,Goals,0.0,uefa.champions,,0.0,0.0,0.0,,,,
Odilon Kossounou,ATA,Assists,0.0,uefa.champions,,0.0,0.0,0.0,,,,
Odilon Kossounou,ATA,Fouls,0.0,uefa.champions,,0.0,0.0,0.0,,,,
Odilon Kossounou,ATA,Yellow Cards,0.0,uefa.champions,,0.0,0.0,0.0,,,,
Yunus Musah,ATA,Goals,0.0,uefa.champions,,1.0,0.0,0.0,,,,
Yunus Musah,ATA,Assists,0.0,uefa.champions,,1.0,0.0,0.0,,,,
Lazar Samardzic,ATA,Goals,0.0,uefa.champions,,1.0,0.0,0.0,,,,
Lazar Samardzic,ATA,Assists,0.0,uefa.champions,,1.0,0.0,0.0,,,,
Lazar Samardzic,ATA,Fouls,0.0,uefa.champions,,1.0,0.0,0.0,,,,
Lazar Samardzic,ATA,Yellow Cards,0.0,uefa.champions,,1.0,0.0,0.0,,,,
Federico Cassa,ATA,Shots,0.0,uefa.champions,,0.0,0.0,0.0,,,,
Federico Cassa,ATA,Goals,0.0,uefa.champions,,0.0,0.0,0.0,,,,
Federico Cassa,ATA,Assists,0.0,uefa.champions,,0.0,0.0,0.0,,,,
Federico Cassa,ATA,Fouls,0.0,uefa.champions,,0.0,0.0,0.0,,,,
Federico Cassa,ATA,Yellow Cards,0.0,uefa.champions,,0.0,0.0,0.0,,,,
Jonas Urbig,MUN,Shots,0.0,uefa.champions,,0.0,0.0,0.0,2.0,,,
Jonas Urbig,MUN,Goals,0.0,uefa.champions,,0.0,0.0,0.0,2.0,,,
Jonas Urbig,MUN,Assists,0.0,uefa.champions,,0.0,0.0,0.0,2.0,,,
Jonas Urbig,MUN,Fouls,0.0,uefa.champions,,0.0,0.0,0.0,2.0,,,
Jonas Urbig,MUN,Yellow Cards,0.0,uefa.champions,,0.0,0.0,0.0,2.0,,,
Jonathan Tah,MUN,Shots,0.0,uefa.champions,,0.0,0.0,0.0,,,,
Jonathan Tah,MUN,Goals,0.0,uefa.champions,,0.0,0.0,0.0,,,,
Jonathan Tah,MUN,Assists,0.0,uefa.champions,,0.0,0.0,0.0,,,,
Jonathan Tah,MUN,Yellow Cards,0.0,uefa.champions,,0.0,0.0,0.0,,,,
Dayot Upamecano,MUN,Goals,0.0,uefa.champions,,2.0,0.0,1.0,,,,
Dayot Upamecano,MUN,Yellow Cards,0.0,uefa.champions,,2.0,0.0,1.0,,,,
Konrad Laimer,MUN,Shots,0.0,uefa.champions,,0.0,0.0,0.0,,,,
Konrad Laimer,MUN,Goals,0.0,uefa.champions,,0.0,0.0,0.0,,,,
Konrad Laimer,MUN,Assists,0.0,uefa.champions,,0.0,0.0,0.0,,,,
Josip Stanisic,MUN,Assists,0.0,uefa.champions,,1.0,1.0,0.0,,,,
Josip Stanisic,MUN,Fouls,0.0,uefa.champions,,1.0,1.0,0.0,,,,
Josip Stanisic,MUN,Yellow Cards,0.0,uefa.champions,,1.0,1.0,0.0,,,,
Serge Gnabry,MUN,Yellow Cards,0.0,uefa.champions,,3.0,1.0,1.0,,,,
Aleksandar Pavlovic,MUN,Goals,0.0,uefa.champions,,1.0,0.0,0.0,,,,
Aleksandar Pavlovic,MUN,Assists,0.0,uefa.champions,,1.0,0.0,0.0,,,,
Aleksandar Pavlovic,MUN,Fouls,0.0,uefa.champions,,1.0,0.0,0.0,,,,
Aleksandar Pavlovic,MUN,Yellow Cards,0.0,uefa.champions,,1.0,0.0,0.0,,,,
Joshua Kimmich,MUN,Goals,0.0,uefa.champions,,3.0,0.0,0.0,,,,
Joshua Kimmich,MUN,Assists,0.0,uefa.champions,,3.0,0.0,0.0,,,,
Joshua Kimmich,MUN,Fouls,0.0,uefa.champions,,3.0,0.0,0.0,,,,
Nicolas Jackson,MUN,Fouls,0.0,uefa.champions,,5.0,1.0,1.0,,,,
Nicolas Jackson,MUN,Yellow Cards,0.0,uefa.champions,,5.0,1.0,1.0,,,,
Luis Díaz,MUN,Goals,0.0,uefa.champions,,4.0,0.0,1.0,,,,
Luis Díaz,MUN,Fouls,0.0,uefa.champions,,4.0,0.0,1.0,,,,
Luis Díaz,MUN,Yellow Cards,0.0,uefa.champions,,4.0,0.0,1.0,,,,
Michael Olise,MUN,Fouls,0.0,uefa.champions,,5.0,2.0,1.0,,,,
Raphaël Guerreiro,MUN,Shots,0.0,uefa.champions,,0.0,0.0,0.0,,,,
Raphaël Guerreiro,MUN,Goals,0.0,uefa.champions,,0.0,0.0,0.0,,,,
Raphaël Guerreiro,MUN,Assists,0.0,uefa.champions,,0.0,0.0,0.0,,,,
Raphaël Guerreiro,MUN,Fouls,0.0,uefa.champions,,0.0,0.0,0.0,,,,
Raphaël Guerreiro,MUN,Yellow Cards,0.0,uefa.champions,,0.0,0.0,0.0,,,,
Tom Bischof,MUN,Shots,0.0,uefa.champions,,0.0,0.0,0.0,,,,
Tom Bischof,MUN,Goals,0.0,uefa.champions,,0.0,0.0,0.0,,,,
Tom Bischof,MUN,Assists,0.0,uefa.champions,,0.0,0.0,0.0,,,,
Tom Bischof,MUN,Fouls,0.0,uefa.champions,,0.0,0.0,0.0,,,,
Tom Bischof,MUN,Yellow Cards,0.0,uefa.champions,,0.0,0.0,0.0,,,,
Kim Min-Jae,MUN,Shots,0.0,uefa.champions,,0.0,0.0,0.0,,,,
Kim Min-Jae,MUN,Goals,0.0,uefa.champions,,0.0,0.0,0.0,,,,
Kim Min-Jae,MUN,Assists,0.0,uefa.champions,,0.0,0.0,0.0,,,,
Kim Min-Jae,MUN,Fouls,0.0,uefa.champions,,0.0,0.0,0.0,,,,
Kim Min-Jae,MUN,Yellow Cards,0.0,uefa.champions,,0.0,0.0,0.0,,,,
Alphonso Davies,MUN,Shots,0.0,uefa.champions,,0.0,0.0,1.0,,,,
Alphonso Davies,MUN,Goals,0.0,uefa.champions,,0.0,0.0,1.0,,,,
Alphonso Davies,MUN,Fouls,0.0,uefa.champions,,0.0,0.0,1.0,,,,
Alphonso Davies,MUN,Yellow Cards,0.0,uefa.champions,,0.0,0.0,1.0,,,,
Leonard Prescott,MUN,Shots,0.0,uefa.champions,,0.0,0.0,0.0,0.0,,,
Leonard Prescott,MUN,Goals,0.0,uefa.champions,,0.0,0.0,0.0,0.0,,,
Leonard Prescott,MUN,Assists,0.0,uefa.champions,,0.0,0.0,0.0,0.0,,,
Leonard Prescott,MUN,Goalkeeper Saves,0.0,uefa.champions,,0.0,0.0,0.0,0.0,,,
Leonard Prescott,MUN,Fouls,0.0,uefa.champions,,0.0,0.0,0.0,0.0,,,
Leonard Prescott,MUN,Yellow Cards,0.0,uefa.champions,,0.0,0.0,0.0,0.0,,,
Leon Goretzka,MUN,Shots,0.0,uefa.champions,,0.0,0.0,0.0,,,,
Leon Goretzka,MUN,Goals,0.0,uefa.champions,,0.0,0.0,0.0,,,,
Leon Goretzka,MUN,Assists,0.0,uefa.champions,,0.0,0.0,0.0,,,,
Leon Goretzka,MUN,Fouls,0.0,uefa.champions,,0.0,0.0,0.0,,,,
Leon Goretzka,MUN,Yellow Cards,0.0,uefa.champions,,0.0,0.0,0.0,,,,
Sven Ulreich,MUN,Shots,0.0,uefa.champions,,0.0,0.0,0.0,0.0,,,
Sven Ulreich,MUN,Goals,0.0,uefa.champions,,0.0,0.0,0.0,0.0,,,
Sven Ulreich,MUN,Assists,0.0,uefa.champions,,0.0,0.0,0.0,0.0,,,
Sven Ulreich,MUN,Goalkeeper Saves,0.0,uefa.champions,,0.0,0.0,0.0,0.0,,,
Sven Ulreich,MUN,Fouls,0.0,uefa.champions,,0.0,0.0,0.0,0.0,,,
Sven Ulreich,MUN,Yellow Cards,0.0,uefa.champions,,0.0,0.0,0.0,0.0,,,
Lennart Karl,MUN,Shots,0.0,uefa.champions,,0.0,0.0,0.0,,,,
Lennart Karl,MUN,Goals,0.0,uefa.champions,,0.0,0.0,0.0,,,,
Lennart Karl,MUN,Assists,0.0,uefa.champions,,0.0,0.0,0.0,,,,
Lennart Karl,MUN,Fouls,0.0,uefa.champions,,0.0,0.0,0.0,,,,
Lennart Karl,MUN,Yellow Cards,0.0,uefa.champions,,0.0,0.0,0.0,,,,
Jamal Musiala,MUN,Assists,0.0,uefa.champions,,1.0,1.0,0.0,,,,
Jamal Musiala,MUN,Yellow Cards,0.0,uefa.champions,,1.0,1.0,0.0,,,,
Harry Kane,MUN,Shots,0.0,uefa.champions,,0.0,0.0,0.0,,,,
Harry Kane,MUN,Goals,0.0,uefa.champions,,0.0,0.0,0.0,,,,
Harry Kane,MUN,Assists,0.0,uefa.champions,,0.0,0.0,0.0,,,,
Harry Kane,MUN,Fouls,0.0,uefa.champions,,0.0,0.0,0.0,,,,
Harry Kane,MUN,Yellow Cards,0.0,uefa.champions,,0.0,0.0,0.0,,,,
Jan Oblak,ATM,Shots,0.0,uefa.champions,,0.0,0.0,0.0,3.0,,,
Jan Oblak,ATM,Goals,0.0,uefa.champions,,0.0,0.0,0.0,3.0,,,
Jan Oblak,ATM,Assists,0.0,uefa.champions,,0.0,0.0,0.0,3.0,,,
Jan Oblak,ATM,Fouls,0.0,uefa.champions,,0.0,0.0,0.0,3.0,,,
Jan Oblak,ATM,Yellow Cards,0.0,uefa.champions,,0.0,0.0,0.0,3.0,,,
Dávid Hancko,ATM,Shots,0.0,uefa.champions,,0.0,0.0,0.0,,,,
Dávid Hancko,ATM,Goals,0.0,uefa.champions,,0.0,0.0,0.0,,,,
Dávid Hancko,ATM,Assists,0.0,uefa.champions,,0.0,0.0,0.0,,,,
Marcus Rashford,BAR,Goals,0.0,uefa.champions,,1.0,0.0,0.0,,,,
Dávid Hancko,ATM,Yellow Cards,0.0,uefa.champions,,0.0,0.0,0.0,,,,
Abdülkerim Bardakci,GAL,Assists,0.0,uefa.champions,,1.0,0.0,0.0,,,,
Diego Kochen,BAR,Yellow Cards,0.0,uefa.champions,,0.0,0.0,0.0,0.0,,,
Robin Le Normand,ATM,Assists,0.0,uefa.champions,,1.0,1.0,0.0,,,,
Robin Le Normand,ATM,Fouls,0.0,uefa.champions,,1.0,1.0,0.0,,,,
Robin Le Normand,ATM,Yellow Cards,0.0,uefa.champions,,1.0,1.0,0.0,,,,
Ugurcan Çakir,GAL,Shots,0.0,uefa.champions,,0.0,0.0,0.0,7.0,,,
Matteo Ruggeri,ATM,Goals,0.0,uefa.champions,,1.0,0.0,0.0,,,,
Matteo Ruggeri,ATM,Assists,0.0,uefa.champions,,1.0,0.0,0.0,,,,
Matteo Ruggeri,ATM,Fouls,0.0,uefa.champions,,1.0,0.0,0.0,,,,
Matteo Ruggeri,ATM,Yellow Cards,0.0,uefa.champions,,1.0,0.0,0.0,,,,
Marc Pubill,ATM,Shots,0.0,uefa.champions,,0.0,0.0,0.0,,,,
Marc Pubill,ATM,Goals,0.0,uefa.champions,,0.0,0.0,0.0,,,,
Marc Pubill,ATM,Assists,0.0,uefa.champions,,0.0,0.0,0.0,,,,
Ugurcan Çakir,GAL,Goals,0.0,uefa.champions,,0.0,0.0,0.0,7.0,,,
Marc Pubill,ATM,Yellow Cards,0.0,uefa.champions,,0.0,0.0,0.0,,,,
Johnny Cardoso,ATM,Shots,0.0,uefa.champions,,0.0,0.0,0.0,,,,
Johnny Cardoso,ATM,Goals,0.0,uefa.champions,,0.0,0.0,0.0,,,,
Johnny Cardoso,ATM,Assists,0.0,uefa.champions,,0.0,0.0,0.0,,,,
Ugurcan Çakir,GAL,Assists,0.0,uefa.champions,,0.0,0.0,0.0,7.0,,,
Johnny Cardoso,ATM,Yellow Cards,0.0,uefa.champions,,0.0,0.0,0.0,,,,
Dani Olmo,BAR,Shots,0.0,uefa.champions,,0.0,0.0,0.0,,,,
Abdülkerim Bardakci,GAL,Fouls,0.0,uefa.champions,,1.0,0.0,0.0,,,,
Marcos Llorente,ATM,Assists,0.0,uefa.champions,,3.0,1.0,0.0,,,,
Marcos Llorente,ATM,Fouls,0.0,uefa.champions,,3.0,1.0,0.0,,,,
Marcos Llorente,ATM,Yellow Cards,0.0,uefa.champions,,3.0,1.0,0.0,,,,
Abdülkerim Bardakci,GAL,Yellow Cards,0.0,uefa.champions,,1.0,0.0,0.0,,,,
Ademola Lookman,ATM,Goals,0.0,uefa.champions,,1.0,0.0,0.0,,,,
Ademola Lookman,ATM,Assists,0.0,uefa.champions,,1.0,0.0,0.0,,,,
Davinson Sánchez,GAL,Goals,0.0,uefa.champions,,1.0,0.0,0.0,,,,
Ademola Lookman,ATM,Yellow Cards,0.0,uefa.champions,,1.0,0.0,0.0,,,,
Giuliano Simeone,ATM,Shots,0.0,uefa.champions,,0.0,0.0,0.0,,,,
Giuliano Simeone,ATM,Goals,0.0,uefa.champions,,0.0,0.0,0.0,,,,
Giuliano Simeone,ATM,Assists,0.0,uefa.champions,,0.0,0.0,0.0,,,,
Davinson Sánchez,GAL,Assists,0.0,uefa.champions,,1.0,0.0,0.0,,,,
Giuliano Simeone,ATM,Yellow Cards,0.0,uefa.champions,,0.0,0.0,0.0,,,,
Ismail Jakobs,GAL,Goals,0.0,uefa.champions,,1.0,0.0,0.0,,,,
Ismail Jakobs,GAL,Assists,0.0,uefa.champions,,1.0,0.0,0.0,,,,
Ismail Jakobs,GAL,Yellow Cards,0.0,uefa.champions,,1.0,0.0,0.0,,,,
Wilfried Singo,GAL,Goals,0.0,uefa.champions,,1.0,0.0,0.0,,,,
Julián Álvarez,ATM,Yellow Cards,0.0,uefa.champions,,2.0,2.0,1.0,,,,
Ugurcan Çakir,GAL,Yellow Cards,0.0,uefa.champions,,0.0,0.0,0.0,7.0,,,
Wilfried Singo,GAL,Yellow Cards,0.0,uefa.champions,,1.0,0.0,0.0,,,,
Gabriel Sara,GAL,Goals,0.0,uefa.champions,,1.0,0.0,0.0,,,,
Gabriel Sara,GAL,Assists,0.0,uefa.champions,,1.0,0.0,0.0,,,,
Antoine Griezmann,ATM,Yellow Cards,0.0,uefa.champions,,3.0,1.0,1.0,,,,
Koke,ATM,Shots,0.0,uefa.champions,,0.0,0.0,0.0,,,,
Koke,ATM,Goals,0.0,uefa.champions,,0.0,0.0,0.0,,,,
Koke,ATM,Assists,0.0,uefa.champions,,0.0,0.0,0.0,,,,
Koke,ATM,Fouls,0.0,uefa.champions,,0.0,0.0,0.0,,,,
Koke,ATM,Yellow Cards,0.0,uefa.champions,,0.0,0.0,0.0,,,,
Pablo Barrios,ATM,Shots,0.0,uefa.champions,,0.0,0.0,0.0,,,,
Pablo Barrios,ATM,Goals,0.0,uefa.champions,,0.0,0.0,0.0,,,,
Pablo Barrios,ATM,Assists,0.0,uefa.champions,,0.0,0.0,0.0,,,,
Gabriel Sara,GAL,Yellow Cards,0.0,uefa.champions,,1.0,0.0,0.0,,,,
Pablo Barrios,ATM,Yellow Cards,0.0,uefa.champions,,0.0,0.0,0.0,,,,
Obed Vargas,ATM,Shots,0.0,uefa.champions,,0.0,0.0,0.0,,,,
Obed Vargas,ATM,Goals,0.0,uefa.champions,,0.0,0.0,0.0,,,,
Obed Vargas,ATM,Assists,0.0,uefa.champions,,0.0,0.0,0.0,,,,
Obed Vargas,ATM,Fouls,0.0,uefa.champions,,0.0,0.0,0.0,,,,
Obed Vargas,ATM,Yellow Cards,0.0,uefa.champions,,0.0,0.0,0.0,,,,
Nahuel Molina,ATM,Shots,0.0,uefa.champions,,0.0,0.0,0.0,,,,
Nahuel Molina,ATM,Goals,0.0,uefa.champions,,0.0,0.0,0.0,,,,
Nahuel Molina,ATM,Assists,0.0,uefa.champions,,0.0,0.0,0.0,,,,
Nahuel Molina,ATM,Fouls,0.0,uefa.champions,,0.0,0.0,0.0,,,,
Nahuel Molina,ATM,Yellow Cards,0.0,uefa.champions,,0.0,0.0,0.0,,,,
Clément Lenglet,ATM,Shots,0.0,uefa.champions,,0.0,0.0,0.0,,,,
Clément Lenglet,ATM,Goals,0.0,uefa.champions,,0.0,0.0,0.0,,,,
Clément Lenglet,ATM,Assists,0.0,uefa.champions,,0.0,0.0,0.0,,,,
Clément Lenglet,ATM,Fouls,0.0,uefa.champions,,0.0,0.0,0.0,,,,
Clément Lenglet,ATM,Yellow Cards,0.0,uefa.champions,,0.0,0.0,0.0,,,,
Juan Musso,ATM,Shots,0.0,uefa.champions,,0.0,0.0,0.0,0.0,,,
Juan Musso,ATM,Goals,0.0,uefa.champions,,0.0,0.0,0.0,0.0,,,
Juan Musso,ATM,Assists,0.0,uefa.champions,,0.0,0.0,0.0,0.0,,,
Juan Musso,ATM,Goalkeeper Saves,0.0,uefa.champions,,0.0,0.0,0.0,0.0,,,
Juan Musso,ATM,Fouls,0.0,uefa.champions,,0.0,0.0,0.0,0.0,,,
Juan Musso,ATM,Yellow Cards,0.0,uefa.champions,,0.0,0.0,0.0,0.0,,,
Alexander Sørloth,ATM,Shots,0.0,uefa.champions,,0.0,0.0,0.0,,,,
Alexander Sørloth,ATM,Goals,0.0,uefa.champions,,0.0,0.0,0.0,,,,
Alexander Sørloth,ATM,Assists,0.0,uefa.champions,,0.0,0.0,0.0,,,,
Mario Lemina,GAL,Assists,0.0,uefa.champions,,3.0,1.0,0.0,,,,
Alexander Sørloth,ATM,Yellow Cards,0.0,uefa.champions,,0.0,0.0,0.0,,,,
Nicolás González,ATM,Shots,0.0,uefa.champions,,0.0,0.0,0.0,,,,
Nicolás González,ATM,Goals,0.0,uefa.champions,,0.0,0.0,0.0,,,,
Nicolás González,ATM,Assists,0.0,uefa.champions,,0.0,0.0,0.0,,,,
Mario Lemina,GAL,Yellow Cards,0.0,uefa.champions,,3.0,1.0,0.0,,,,
Nicolás González,ATM,Yellow Cards,0.0,uefa.champions,,0.0,0.0,0.0,,,,
José María Giménez,ATM,Shots,0.0,uefa.champions,,0.0,0.0,0.0,,,,
José María Giménez,ATM,Goals,0.0,uefa.champions,,0.0,0.0,0.0,,,,
José María Giménez,ATM,Assists,0.0,uefa.champions,,0.0,0.0,0.0,,,,
José María Giménez,ATM,Fouls,0.0,uefa.champions,,0.0,0.0,0.0,,,,
José María Giménez,ATM,Yellow Cards,0.0,uefa.champions,,0.0,0.0,0.0,,,,
Julio Díaz,ATM,Shots,0.0,uefa.champions,,0.0,0.0,0.0,,,,
Julio Díaz,ATM,Goals,0.0,uefa.champions,,0.0,0.0,0.0,,,,
Julio Díaz,ATM,Assists,0.0,uefa.champions,,0.0,0.0,0.0,,,,
Julio Díaz,ATM,Fouls,0.0,uefa.champions,,0.0,0.0,0.0,,,,
Julio Díaz,ATM,Yellow Cards,0.0,uefa.champions,,0.0,0.0,0.0,,,,
Thiago Almada,ATM,Shots,0.0,uefa.champions,,0.0,0.0,0.0,,,,
Thiago Almada,ATM,Goals,0.0,uefa.champions,,0.0,0.0,0.0,,,,
Thiago Almada,ATM,Assists,0.0,uefa.champions,,0.0,0.0,0.0,,,,
Thiago Almada,ATM,Fouls,0.0,uefa.champions,,0.0,0.0,0.0,,,,
Thiago Almada,ATM,Yellow Cards,0.0,uefa.champions,,0.0,0.0,0.0,,,,
Álex Baena,ATM,Shots,0.0,uefa.champions,,0.0,0.0,0.0,,,,
Álex Baena,ATM,Goals,0.0,uefa.champions,,0.0,0.0,0.0,,,,
Álex Baena,ATM,Assists,0.0,uefa.champions,,0.0,0.0,0.0,,,,
Álex Baena,ATM,Fouls,0.0,uefa.champions,,0.0,0.0,0.0,,,,
Álex Baena,ATM,Yellow Cards,0.0,uefa.champions,,0.0,0.0,0.0,,,,
Antonín Kinsky,TOT,Shots,0.0,uefa.champions,,0.0,0.0,0.0,0.0,,,
Antonín Kinsky,TOT,Goals,0.0,uefa.champions,,0.0,0.0,0.0,0.0,,,
Antonín Kinsky,TOT,Assists,0.0,uefa.champions,,0.0,0.0,0.0,0.0,,,
Antonín Kinsky,TOT,Goalkeeper Saves,0.0,uefa.champions,,0.0,0.0,0.0,0.0,,,
Antonín Kinsky,TOT,Fouls,0.0,uefa.champions,,0.0,0.0,0.0,0.0,,,
Antonín Kinsky,TOT,Yellow Cards,0.0,uefa.champions,,0.0,0.0,0.0,0.0,,,
Lucas Torreira,GAL,Shots,0.0,uefa.champions,,0.0,0.0,0.0,,,,
Cristian Romero,TOT,Goals,0.0,uefa.champions,,1.0,0.0,0.0,,,,
Cristian Romero,TOT,Assists,0.0,uefa.champions,,1.0,0.0,0.0,,,,
Lucas Torreira,GAL,Goals,0.0,uefa.champions,,0.0,0.0,0.0,,,,
Lucas Torreira,GAL,Assists,0.0,uefa.champions,,0.0,0.0,0.0,,,,
Lucas Torreira,GAL,Yellow Cards,0.0,uefa.champions,,0.0,0.0,0.0,,,,
Micky van de Ven,TOT,Goals,0.0,uefa.champions,,1.0,0.0,0.0,,,,
Micky van de Ven,TOT,Assists,0.0,uefa.champions,,1.0,0.0,0.0,,,,
Micky van de Ven,TOT,Fouls,0.0,uefa.champions,,1.0,0.0,0.0,,,,
Micky van de Ven,TOT,Yellow Cards,0.0,uefa.champions,,1.0,0.0,0.0,,,,
Kevin Danso,TOT,Shots,0.0,uefa.champions,,0.0,0.0,0.0,,,,
Kevin Danso,TOT,Goals,0.0,uefa.champions,,0.0,0.0,0.0,,,,
Kevin Danso,TOT,Assists,0.0,uefa.champions,,0.0,0.0,0.0,,,,
Victor Osimhen,GAL,Goals,0.0,uefa.champions,,6.0,0.0,1.0,,,,
Victor Osimhen,GAL,Yellow Cards,0.0,uefa.champions,,6.0,0.0,1.0,,,,
Noa Lang,GAL,Goals,0.0,uefa.champions,,1.0,0.0,0.0,,,,
Pape Matar Sarr,TOT,Goals,0.0,uefa.champions,,2.0,0.0,0.0,,,,
Pape Matar Sarr,TOT,Assists,0.0,uefa.champions,,2.0,0.0,0.0,,,,
Noa Lang,GAL,Assists,0.0,uefa.champions,,1.0,0.0,0.0,,,,
Pape Matar Sarr,TOT,Yellow Cards,0.0,uefa.champions,,2.0,0.0,0.0,,,,
Noa Lang,GAL,Fouls,0.0,uefa.champions,,1.0,0.0,0.0,,,,
Archie Gray,TOT,Goals,0.0,uefa.champions,,1.0,0.0,0.0,,,,
Archie Gray,TOT,Assists,0.0,uefa.champions,,1.0,0.0,0.0,,,,
Noa Lang,GAL,Yellow Cards,0.0,uefa.champions,,1.0,0.0,0.0,,,,
Baris Alper Yilmaz,GAL,Shots,0.0,uefa.champions,,0.0,0.0,0.0,,,,
Djed Spence,TOT,Shots,0.0,uefa.champions,,0.0,0.0,0.0,,,,
Djed Spence,TOT,Goals,0.0,uefa.champions,,0.0,0.0,0.0,,,,
Djed Spence,TOT,Assists,0.0,uefa.champions,,0.0,0.0,0.0,,,,
Baris Alper Yilmaz,GAL,Goals,0.0,uefa.champions,,0.0,0.0,0.0,,,,
Baris Alper Yilmaz,GAL,Assists,0.0,uefa.champions,,0.0,0.0,0.0,,,,
Baris Alper Yilmaz,GAL,Yellow Cards,0.0,uefa.champions,,0.0,0.0,0.0,,,,
Leroy Sané,GAL,Shots,0.0,uefa.champions,,0.0,0.0,0.0,,,,
Leroy Sané,GAL,Goals,0.0,uefa.champions,,0.0,0.0,0.0,,,,
Pedro Porro,TOT,Fouls,0.0,uefa.champions,,1.0,1.0,1.0,,,,
Pedro Porro,TOT,Yellow Cards,0.0,uefa.champions,,1.0,1.0,1.0,,,,
Leroy Sané,GAL,Assists,0.0,uefa.champions,,0.0,0.0,0.0,,,,
Richarlison,TOT,Goals,0.0,uefa.champions,,2.0,0.0,1.0,,,,
Leroy Sané,GAL,Fouls,0.0,uefa.champions,,0.0,0.0,0.0,,,,
Leroy Sané,GAL,Yellow Cards,0.0,uefa.champions,,0.0,0.0,0.0,,,,
Kaan Ayhan,GAL,Shots,0.0,uefa.champions,,0.0,0.0,0.0,,,,
Kaan Ayhan,GAL,Goals,0.0,uefa.champions,,0.0,0.0,0.0,,,,
Mathys Tel,TOT,Goals,0.0,uefa.champions,,1.0,0.0,0.0,,,,
Mathys Tel,TOT,Assists,0.0,uefa.champions,,1.0,0.0,0.0,,,,
Mathys Tel,TOT,Fouls,0.0,uefa.champions,,1.0,0.0,0.0,,,,
Mathys Tel,TOT,Yellow Cards,0.0,uefa.champions,,1.0,0.0,0.0,,,,
Randal Kolo Muani,TOT,Shots,0.0,uefa.champions,,0.0,0.0,0.0,,,,
Randal Kolo Muani,TOT,Goals,0.0,uefa.champions,,0.0,0.0,0.0,,,,
Randal Kolo Muani,TOT,Assists,0.0,uefa.champions,,0.0,0.0,0.0,,,,
Randal Kolo Muani,TOT,Fouls,0.0,uefa.champions,,0.0,0.0,0.0,,,,
Randal Kolo Muani,TOT,Yellow Cards,0.0,uefa.champions,,0.0,0.0,0.0,,,,
João Palhinha,TOT,Shots,0.0,uefa.champions,,0.0,0.0,0.0,,,,
João Palhinha,TOT,Goals,0.0,uefa.champions,,0.0,0.0,0.0,,,,
João Palhinha,TOT,Assists,0.0,uefa.champions,,0.0,0.0,0.0,,,,
Kaan Ayhan,GAL,Assists,0.0,uefa.champions,,0.0,0.0,0.0,,,,
João Palhinha,TOT,Yellow Cards,0.0,uefa.champions,,0.0,0.0,0.0,,,,
Kaan Ayhan,GAL,Fouls,0.0,uefa.champions,,0.0,0.0,0.0,,,,
Kaan Ayhan,GAL,Yellow Cards,0.0,uefa.champions,,0.0,0.0,0.0,,,,
Dominic Solanke,TOT,Assists,0.0,uefa.champions,,2.0,1.0,0.0,,,,
Dominic Solanke,TOT,Fouls,0.0,uefa.champions,,2.0,1.0,0.0,,,,
Dominic Solanke,TOT,Yellow Cards,0.0,uefa.champions,,2.0,1.0,0.0,,,,
Xavi Simons,TOT,Shots,0.0,uefa.champions,,0.0,0.0,0.0,,,,
Xavi Simons,TOT,Goals,0.0,uefa.champions,,0.0,0.0,0.0,,,,
Xavi Simons,TOT,Assists,0.0,uefa.champions,,0.0,0.0,0.0,,,,
Xavi Simons,TOT,Fouls,0.0,uefa.champions,,0.0,0.0,0.0,,,,
Xavi Simons,TOT,Yellow Cards,0.0,uefa.champions,,0.0,0.0,0.0,,,,
Conor Gallagher,TOT,Shots,0.0,uefa.champions,,0.0,0.0,0.0,,,,
Conor Gallagher,TOT,Goals,0.0,uefa.champions,,0.0,0.0,0.0,,,,
Conor Gallagher,TOT,Assists,0.0,uefa.champions,,0.0,0.0,0.0,,,,
Conor Gallagher,TOT,Fouls,0.0,uefa.champions,,0.0,0.0,0.0,,,,
Conor Gallagher,TOT,Yellow Cards,0.0,uefa.champions,,0.0,0.0,0.0,,,,
Guglielmo Vicario,TOT,Shots,0.0,uefa.champions,,0.0,0.0,0.0,0.0,,,
Guglielmo Vicario,TOT,Goals,0.0,uefa.champions,,0.0,0.0,0.0,0.0,,,
Guglielmo Vicario,TOT,Assists,0.0,uefa.champions,,0.0,0.0,0.0,0.0,,,
Guglielmo Vicario,TOT,Goalkeeper Saves,0.0,uefa.champions,,0.0,0.0,0.0,0.0,,,
Guglielmo Vicario,TOT,Fouls,0.0,uefa.champions,,0.0,0.0,0.0,0.0,,,
Guglielmo Vicario,TOT,Yellow Cards,0.0,uefa.champions,,0.0,0.0,0.0,0.0,,,
Radu Dragusin,TOT,Shots,0.0,uefa.champions,,0.0,0.0,0.0,,,,
Radu Dragusin,TOT,Goals,0.0,uefa.champions,,0.0,0.0,0.0,,,,
Radu Dragusin,TOT,Assists,0.0,uefa.champions,,0.0,0.0,0.0,,,,
Radu Dragusin,TOT,Fouls,0.0,uefa.champions,,0.0,0.0,0.0,,,,
Radu Dragusin,TOT,Yellow Cards,0.0,uefa.champions,,0.0,0.0,0.0,,,,
James Rowswell,TOT,Shots,0.0,uefa.champions,,0.0,0.0,0.0,,,,
James Rowswell,TOT,Goals,0.0,uefa.champions,,0.0,0.0,0.0,,,,
James Rowswell,TOT,Assists,0.0,uefa.champions,,0.0,0.0,0.0,,,,
James Rowswell,TOT,Fouls,0.0,uefa.champions,,0.0,0.0,0.0,,,,
James Rowswell,TOT,Yellow Cards,0.0,uefa.champions,,0.0,0.0,0.0,,,,
Brandon Austin,TOT,Shots,0.0,uefa.champions,,0.0,0.0,0.0,0.0,,,
Brandon Austin,TOT,Goals,0.0,uefa.champions,,0.0,0.0,0.0,0.0,,,
Brandon Austin,TOT,Assists,0.0,uefa.champions,,0.0,0.0,0.0,0.0,,,
Brandon Austin,TOT,Goalkeeper Saves,0.0,uefa.champions,,0.0,0.0,0.0,0.0,,,
Brandon Austin,TOT,Fouls,0.0,uefa.champions,,0.0,0.0,0.0,0.0,,,
Brandon Austin,TOT,Yellow Cards,0.0,uefa.champions,,0.0,0.0,0.0,0.0,,,
Callum Olusesi,TOT,Shots,0.0,uefa.champions,,0.0,0.0,0.0,,,,
Callum Olusesi,TOT,Goals,0.0,uefa.champions,,0.0,0.0,0.0,,,,
Callum Olusesi,TOT,Assists,0.0,uefa.champions,,0.0,0.0,0.0,,,,
Callum Olusesi,TOT,Fouls,0.0,uefa.champions,,0.0,0.0,0.0,,,,
Callum Olusesi,TOT,Yellow Cards,0.0,uefa.champions,,0.0,0.0,0.0,,,,
Aaron Ramsdale,NEW,Shots,0.0,uefa.champions,,0.0,0.0,0.0,1.0,,,
Aaron Ramsdale,NEW,Goals,0.0,uefa.champions,,0.0,0.0,0.0,1.0,,,
Aaron Ramsdale,NEW,Assists,0.0,uefa.champions,,0.0,0.0,0.0,1.0,,,
Roland Sallai,GAL,Shots,0.0,uefa.champions,,0.0,0.0,0.0,,,,
Aaron Ramsdale,NEW,Fouls,0.0,uefa.champions,,0.0,0.0,0.0,1.0,,,
Aaron Ramsdale,NEW,Yellow Cards,0.0,uefa.champions,,0.0,0.0,0.0,1.0,,,
Dan Burn,NEW,Shots,0.0,uefa.champions,,0.0,0.0,0.0,,,,
Dan Burn,NEW,Goals,0.0,uefa.champions,,0.0,0.0,0.0,,,,
Dan Burn,NEW,Assists,0.0,uefa.champions,,0.0,0.0,0.0,,,,
Roland Sallai,GAL,Goals,0.0,uefa.champions,,0.0,0.0,0.0,,,,
Dan Burn,NEW,Yellow Cards,0.0,uefa.champions,,0.0,0.0,0.0,,,,
Malick Thiaw,NEW,Shots,0.0,uefa.champions,,0.0,0.0,0.0,,,,
Malick Thiaw,NEW,Goals,0.0,uefa.champions,,0.0,0.0,0.0,,,,
Malick Thiaw,NEW,Assists,0.0,uefa.champions,,0.0,0.0,0.0,,,,
Roland Sallai,GAL,Assists,0.0,uefa.champions,,0.0,0.0,0.0,,,,
Malick Thiaw,NEW,Yellow Cards,0.0,uefa.champions,,0.0,0.0,0.0,,,,
Lewis Hall,NEW,Shots,0.0,uefa.champions,,0.0,0.0,0.0,,,,
Lewis Hall,NEW,Goals,0.0,uefa.champions,,0.0,0.0,0.0,,,,
Lewis Hall,NEW,Assists,0.0,uefa.champions,,0.0,0.0,0.0,,,,
Roland Sallai,GAL,Fouls,0.0,uefa.champions,,0.0,0.0,0.0,,,,
Lewis Hall,NEW,Yellow Cards,0.0,uefa.champions,,0.0,0.0,0.0,,,,
Kieran Trippier,NEW,Shots,0.0,uefa.champions,,0.0,0.0,0.0,,,,
Kieran Trippier,NEW,Goals,0.0,uefa.champions,,0.0,0.0,0.0,,,,
Kieran Trippier,NEW,Assists,0.0,uefa.champions,,0.0,0.0,0.0,,,,
Kieran Trippier,NEW,Fouls,0.0,uefa.champions,,0.0,0.0,0.0,,,,
Kieran Trippier,NEW,Yellow Cards,0.0,uefa.champions,,0.0,0.0,0.0,,,,
Roland Sallai,GAL,Yellow Cards,0.0,uefa.champions,,0.0,0.0,0.0,,,,
Sandro Tonali,NEW,Goals,0.0,uefa.champions,,3.0,0.0,0.0,,,,
Sandro Tonali,NEW,Assists,0.0,uefa.champions,,3.0,0.0,0.0,,,,
Yáser Asprilla,GAL,Shots,0.0,uefa.champions,,0.0,0.0,0.0,,,,
Yáser Asprilla,GAL,Goals,0.0,uefa.champions,,0.0,0.0,0.0,,,,
Joelinton,NEW,Shots,0.0,uefa.champions,,0.0,0.0,0.0,,,,
Joelinton,NEW,Goals,0.0,uefa.champions,,0.0,0.0,0.0,,,,
Joelinton,NEW,Assists,0.0,uefa.champions,,0.0,0.0,0.0,,,,
Yáser Asprilla,GAL,Assists,0.0,uefa.champions,,0.0,0.0,0.0,,,,
Joelinton,NEW,Yellow Cards,0.0,uefa.champions,,0.0,0.0,0.0,,,,
Yáser Asprilla,GAL,Fouls,0.0,uefa.champions,,0.0,0.0,0.0,,,,
Jacob Ramsey,NEW,Goals,0.0,uefa.champions,,2.0,0.0,0.0,,,,
Jacob Ramsey,NEW,Assists,0.0,uefa.champions,,2.0,0.0,0.0,,,,
Yáser Asprilla,GAL,Yellow Cards,0.0,uefa.champions,,0.0,0.0,0.0,,,,
Jacob Ramsey,NEW,Yellow Cards,0.0,uefa.champions,,2.0,0.0,0.0,,,,
Ilkay Gündogan,GAL,Shots,0.0,uefa.champions,,0.0,0.0,0.0,,,,
William Osula,NEW,Goals,0.0,uefa.champions,,3.0,0.0,0.0,,,,
William Osula,NEW,Assists,0.0,uefa.champions,,3.0,0.0,0.0,,,,
William Osula,NEW,Fouls,0.0,uefa.champions,,3.0,0.0,0.0,,,,
William Osula,NEW,Yellow Cards,0.0,uefa.champions,,3.0,0.0,0.0,,,,
Ilkay Gündogan,GAL,Goals,0.0,uefa.champions,,0.0,0.0,0.0,,,,
Ilkay Gündogan,GAL,Assists,0.0,uefa.champions,,0.0,0.0,0.0,,,,
Harvey Barnes,NEW,Assists,0.0,uefa.champions,,4.0,1.0,0.0,,,,
Ilkay Gündogan,GAL,Fouls,0.0,uefa.champions,,0.0,0.0,0.0,,,,
Harvey Barnes,NEW,Yellow Cards,0.0,uefa.champions,,4.0,1.0,0.0,,,,
Ilkay Gündogan,GAL,Yellow Cards,0.0,uefa.champions,,0.0,0.0,0.0,,,,
Anthony Elanga,NEW,Goals,0.0,uefa.champions,,2.0,0.0,0.0,,,,
Anthony Elanga,NEW,Assists,0.0,uefa.champions,,2.0,0.0,0.0,,,,
Anthony Elanga,NEW,Fouls,0.0,uefa.champions,,2.0,0.0,0.0,,,,
Anthony Elanga,NEW,Yellow Cards,0.0,uefa.champions,,2.0,0.0,0.0,,,,
John Ruddy,NEW,Shots,0.0,uefa.champions,,0.0,0.0,0.0,0.0,,,
John Ruddy,NEW,Goals,0.0,uefa.champions,,0.0,0.0,0.0,0.0,,,
John Ruddy,NEW,Assists,0.0,uefa.champions,,0.0,0.0,0.0,0.0,,,
John Ruddy,NEW,Goalkeeper Saves,0.0,uefa.champions,,0.0,0.0,0.0,0.0,,,
John Ruddy,NEW,Fouls,0.0,uefa.champions,,0.0,0.0,0.0,0.0,,,
John Ruddy,NEW,Yellow Cards,0.0,uefa.champions,,0.0,0.0,0.0,0.0,,,
Sean Neave,NEW,Shots,0.0,uefa.champions,,0.0,0.0,0.0,,,,
Sean Neave,NEW,Goals,0.0,uefa.champions,,0.0,0.0,0.0,,,,
Sean Neave,NEW,Assists,0.0,uefa.champions,,0.0,0.0,0.0,,,,
Sean Neave,NEW,Fouls,0.0,uefa.champions,,0.0,0.0,0.0,,,,
Sean Neave,NEW,Yellow Cards,0.0,uefa.champions,,0.0,0.0,0.0,,,,
Yoane Wissa,NEW,Shots,0.0,uefa.champions,,0.0,0.0,0.0,,,,
Yoane Wissa,NEW,Goals,0.0,uefa.champions,,0.0,0.0,0.0,,,,
Yoane Wissa,NEW,Assists,0.0,uefa.champions,,0.0,0.0,0.0,,,,
Yoane Wissa,NEW,Fouls,0.0,uefa.champions,,0.0,0.0,0.0,,,,
Yoane Wissa,NEW,Yellow Cards,0.0,uefa.champions,,0.0,0.0,0.0,,,,
Batuhan Ahmet Sen,GAL,Shots,0.0,uefa.champions,,0.0,0.0,0.0,0.0,,,
Tino Livramento,NEW,Goals,0.0,uefa.champions,,1.0,0.0,0.0,,,,
Tino Livramento,NEW,Assists,0.0,uefa.champions,,1.0,0.0,0.0,,,,
Tino Livramento,NEW,Fouls,0.0,uefa.champions,,1.0,0.0,0.0,,,,
Tino Livramento,NEW,Yellow Cards,0.0,uefa.champions,,1.0,0.0,0.0,,,,
Joe Willock,NEW,Shots,0.0,uefa.champions,,0.0,0.0,0.0,,,,
Joe Willock,NEW,Goals,0.0,uefa.champions,,0.0,0.0,0.0,,,,
Joe Willock,NEW,Assists,0.0,uefa.champions,,0.0,0.0,0.0,,,,
Batuhan Ahmet Sen,GAL,Goals,0.0,uefa.champions,,0.0,0.0,0.0,0.0,,,
Batuhan Ahmet Sen,GAL,Assists,0.0,uefa.champions,,0.0,0.0,0.0,0.0,,,
Aidan Harris,NEW,Shots,0.0,uefa.champions,,0.0,0.0,0.0,0.0,,,
Aidan Harris,NEW,Goals,0.0,uefa.champions,,0.0,0.0,0.0,0.0,,,
Aidan Harris,NEW,Assists,0.0,uefa.champions,,0.0,0.0,0.0,0.0,,,
Aidan Harris,NEW,Goalkeeper Saves,0.0,uefa.champions,,0.0,0.0,0.0,0.0,,,
Aidan Harris,NEW,Fouls,0.0,uefa.champions,,0.0,0.0,0.0,0.0,,,
Aidan Harris,NEW,Yellow Cards,0.0,uefa.champions,,0.0,0.0,0.0,0.0,,,
Alex Murphy,NEW,Shots,0.0,uefa.champions,,0.0,0.0,0.0,,,,
Alex Murphy,NEW,Goals,0.0,uefa.champions,,0.0,0.0,0.0,,,,
Alex Murphy,NEW,Assists,0.0,uefa.champions,,0.0,0.0,0.0,,,,
Alex Murphy,NEW,Fouls,0.0,uefa.champions,,0.0,0.0,0.0,,,,
Alex Murphy,NEW,Yellow Cards,0.0,uefa.champions,,0.0,0.0,0.0,,,,
Nick Woltemade,NEW,Shots,0.0,uefa.champions,,0.0,0.0,0.0,,,,
Nick Woltemade,NEW,Goals,0.0,uefa.champions,,0.0,0.0,0.0,,,,
Nick Woltemade,NEW,Assists,0.0,uefa.champions,,0.0,0.0,0.0,,,,
Nick Woltemade,NEW,Fouls,0.0,uefa.champions,,0.0,0.0,0.0,,,,
Nick Woltemade,NEW,Yellow Cards,0.0,uefa.champions,,0.0,0.0,0.0,,,,
Anthony Gordon,NEW,Shots,0.0,uefa.champions,,0.0,0.0,0.0,,,,
Anthony Gordon,NEW,Goals,0.0,uefa.champions,,0.0,0.0,0.0,,,,
Anthony Gordon,NEW,Assists,0.0,uefa.champions,,0.0,0.0,0.0,,,,
Anthony Gordon,NEW,Fouls,0.0,uefa.champions,,0.0,0.0,0.0,,,,
Anthony Gordon,NEW,Yellow Cards,0.0,uefa.champions,,0.0,0.0,0.0,,,,
Batuhan Ahmet Sen,GAL,Goalkeeper Saves,0.0,uefa.champions,,0.0,0.0,0.0,0.0,,,
Jacob Murphy,NEW,Goals,0.0,uefa.champions,,1.0,0.0,1.0,,,,
Batuhan Ahmet Sen,GAL,Fouls,0.0,uefa.champions,,0.0,0.0,0.0,0.0,,,
Jacob Murphy,NEW,Fouls,0.0,uefa.champions,,1.0,0.0,1.0,,,,
Jacob Murphy,NEW,Yellow Cards,0.0,uefa.champions,,1.0,0.0,1.0,,,,
Nick Pope,NEW,Shots,0.0,uefa.champions,,0.0,0.0,0.0,0.0,,,
Nick Pope,NEW,Goals,0.0,uefa.champions,,0.0,0.0,0.0,0.0,,,
Nick Pope,NEW,Assists,0.0,uefa.champions,,0.0,0.0,0.0,0.0,,,
Nick Pope,NEW,Goalkeeper Saves,0.0,uefa.champions,,0.0,0.0,0.0,0.0,,,
Nick Pope,NEW,Fouls,0.0,uefa.champions,,0.0,0.0,0.0,0.0,,,
Nick Pope,NEW,Yellow Cards,0.0,uefa.champions,,0.0,0.0,0.0,0.0,,,
Sven Botman,NEW,Shots,0.0,uefa.champions,,0.0,0.0,0.0,,,,
Sven Botman,NEW,Goals,0.0,uefa.champions,,0.0,0.0,0.0,,,,
Sven Botman,NEW,Assists,0.0,uefa.champions,,0.0,0.0,0.0,,,,
Sven Botman,NEW,Fouls,0.0,uefa.champions,,0.0,0.0,0.0,,,,
Sven Botman,NEW,Yellow Cards,0.0,uefa.champions,,0.0,0.0,0.0,,,,
Joan García,BAR,Shots,0.0,uefa.champions,,0.0,0.0,0.0,2.0,,,
Joan García,BAR,Goals,0.0,uefa.champions,,0.0,0.0,0.0,2.0,,,
Joan García,BAR,Assists,0.0,uefa.champions,,0.0,0.0,0.0,2.0,,,
Batuhan Ahmet Sen,GAL,Yellow Cards,0.0,uefa.champions,,0.0,0.0,0.0,0.0,,,
Joan García,BAR,Fouls,0.0,uefa.champions,,0.0,0.0,0.0,2.0,,,
Joan García,BAR,Yellow Cards,0.0,uefa.champions,,0.0,0.0,0.0,2.0,,,
Gerard Martín,BAR,Shots,0.0,uefa.champions,,0.0,0.0,0.0,,,,
Gerard Martín,BAR,Goals,0.0,uefa.champions,,0.0,0.0,0.0,,,,
Gerard Martín,BAR,Assists,0.0,uefa.champions,,0.0,0.0,0.0,,,,
Gerard Martín,BAR,Fouls,0.0,uefa.champions,,0.0,0.0,0.0,,,,
Gerard Martín,BAR,Yellow Cards,0.0,uefa.champions,,0.0,0.0,0.0,,,,
Pau Cubarsí,BAR,Shots,0.0,uefa.champions,,0.0,0.0,0.0,,,,
Pau Cubarsí,BAR,Goals,0.0,uefa.champions,,0.0,0.0,0.0,,,,
Pau Cubarsí,BAR,Assists,0.0,uefa.champions,,0.0,0.0,0.0,,,,
Pau Cubarsí,BAR,Fouls,0.0,uefa.champions,,0.0,0.0,0.0,,,,
Pau Cubarsí,BAR,Yellow Cards,0.0,uefa.champions,,0.0,0.0,0.0,,,,
Sacha Boey,GAL,Shots,0.0,uefa.champions,,0.0,0.0,0.0,,,,
João Cancelo,BAR,Goals,0.0,uefa.champions,,1.0,0.0,0.0,,,,
João Cancelo,BAR,Assists,0.0,uefa.champions,,1.0,0.0,0.0,,,,
Sacha Boey,GAL,Goals,0.0,uefa.champions,,0.0,0.0,0.0,,,,
Sacha Boey,GAL,Assists,0.0,uefa.champions,,0.0,0.0,0.0,,,,
Sacha Boey,GAL,Fouls,0.0,uefa.champions,,0.0,0.0,0.0,,,,
Ronald Araújo,BAR,Goals,0.0,uefa.champions,,2.0,0.0,0.0,,,,
Ronald Araújo,BAR,Assists,0.0,uefa.champions,,2.0,0.0,0.0,,,,
Sacha Boey,GAL,Yellow Cards,0.0,uefa.champions,,0.0,0.0,0.0,,,,
Ronald Araújo,BAR,Yellow Cards,0.0,uefa.champions,,2.0,0.0,0.0,,,,
Günay Güvenc,GAL,Shots,0.0,uefa.champions,,0.0,0.0,0.0,0.0,,,
Fermín López,BAR,Goals,0.0,uefa.champions,,1.0,0.0,0.0,,,,
Fermín López,BAR,Assists,0.0,uefa.champions,,1.0,0.0,0.0,,,,
Günay Güvenc,GAL,Goals,0.0,uefa.champions,,0.0,0.0,0.0,0.0,,,
Fermín López,BAR,Yellow Cards,0.0,uefa.champions,,1.0,0.0,0.0,,,,
Pedri,BAR,Shots,0.0,uefa.champions,,0.0,0.0,0.0,,,,
Pedri,BAR,Goals,0.0,uefa.champions,,0.0,0.0,0.0,,,,
Pedri,BAR,Assists,0.0,uefa.champions,,0.0,0.0,0.0,,,,
Pedri,BAR,Fouls,0.0,uefa.champions,,0.0,0.0,0.0,,,,
Pedri,BAR,Yellow Cards,0.0,uefa.champions,,0.0,0.0,0.0,,,,
Marc Bernal,BAR,Shots,0.0,uefa.champions,,0.0,0.0,0.0,,,,
Marc Bernal,BAR,Goals,0.0,uefa.champions,,0.0,0.0,0.0,,,,
Marc Bernal,BAR,Assists,0.0,uefa.champions,,0.0,0.0,0.0,,,,
Günay Güvenc,GAL,Assists,0.0,uefa.champions,,0.0,0.0,0.0,0.0,,,
Marc Bernal,BAR,Yellow Cards,0.0,uefa.champions,,0.0,0.0,0.0,,,,
Günay Güvenc,GAL,Goalkeeper Saves,0.0,uefa.champions,,0.0,0.0,0.0,0.0,,,
Robert Lewandowski,BAR,Goals,0.0,uefa.champions,,1.0,0.0,0.0,,,,
Robert Lewandowski,BAR,Assists,0.0,uefa.champions,,1.0,0.0,0.0,,,,
Günay Güvenc,GAL,Fouls,0.0,uefa.champions,,0.0,0.0,0.0,0.0,,,
Robert Lewandowski,BAR,Yellow Cards,0.0,uefa.champions,,1.0,0.0,0.0,,,,
Günay Güvenc,GAL,Yellow Cards,0.0,uefa.champions,,0.0,0.0,0.0,0.0,,,
Raphinha,BAR,Goals,0.0,uefa.champions,,1.0,0.0,0.0,,,,
Raphinha,BAR,Assists,0.0,uefa.champions,,1.0,0.0,0.0,,,,
Raphinha,BAR,Fouls,0.0,uefa.champions,,1.0,0.0,0.0,,,,
Raphinha,BAR,Yellow Cards,0.0,uefa.champions,,1.0,0.0,0.0,,,,
Mauro Icardi,GAL,Shots,0.0,uefa.champions,,0.0,0.0,0.0,,,,
Mauro Icardi,GAL,Goals,0.0,uefa.champions,,0.0,0.0,0.0,,,,
Lamine Yamal,BAR,Assists,0.0,uefa.champions,,2.0,1.0,0.0,,,,
Mauro Icardi,GAL,Assists,0.0,uefa.champions,,0.0,0.0,0.0,,,,
Lamine Yamal,BAR,Yellow Cards,0.0,uefa.champions,,2.0,1.0,0.0,,,,
Roony Bardghji,BAR,Shots,0.0,uefa.champions,,0.0,0.0,0.0,,,,
Roony Bardghji,BAR,Goals,0.0,uefa.champions,,0.0,0.0,0.0,,,,
Roony Bardghji,BAR,Assists,0.0,uefa.champions,,0.0,0.0,0.0,,,,
Roony Bardghji,BAR,Fouls,0.0,uefa.champions,,0.0,0.0,0.0,,,,
Roony Bardghji,BAR,Yellow Cards,0.0,uefa.champions,,0.0,0.0,0.0,,,,
Álvaro Cortés,BAR,Shots,0.0,uefa.champions,,0.0,0.0,0.0,,,,
Álvaro Cortés,BAR,Goals,0.0,uefa.champions,,0.0,0.0,0.0,,,,
Álvaro Cortés,BAR,Assists,0.0,uefa.champions,,0.0,0.0,0.0,,,,
Álvaro Cortés,BAR,Fouls,0.0,uefa.champions,,0.0,0.0,0.0,,,,
Álvaro Cortés,BAR,Yellow Cards,0.0,uefa.champions,,0.0,0.0,0.0,,,,
Gavi,BAR,Shots,0.0,uefa.champions,,0.0,0.0,0.0,,,,
Gavi,BAR,Goals,0.0,uefa.champions,,0.0,0.0,0.0,,,,
Gavi,BAR,Assists,0.0,uefa.champions,,0.0,0.0,0.0,,,,
Gavi,BAR,Fouls,0.0,uefa.champions,,0.0,0.0,0.0,,,,
Gavi,BAR,Yellow Cards,0.0,uefa.champions,,0.0,0.0,0.0,,,,
Ferran Torres,BAR,Shots,0.0,uefa.champions,,0.0,0.0,0.0,,,,
Ferran Torres,BAR,Goals,0.0,uefa.champions,,0.0,0.0,0.0,,,,
Ferran Torres,BAR,Assists,0.0,uefa.champions,,0.0,0.0,0.0,,,,
Mauro Icardi,GAL,Fouls,0.0,uefa.champions,,0.0,0.0,0.0,,,,
Ferran Torres,BAR,Yellow Cards,0.0,uefa.champions,,0.0,0.0,0.0,,,,
Eric García,BAR,Shots,0.0,uefa.champions,,0.0,0.0,0.0,,,,
Eric García,BAR,Goals,0.0,uefa.champions,,0.0,0.0,0.0,,,,
Eric García,BAR,Assists,0.0,uefa.champions,,0.0,0.0,0.0,,,,
Eric García,BAR,Fouls,0.0,uefa.champions,,0.0,0.0,0.0,,,,
Eric García,BAR,Yellow Cards,0.0,uefa.champions,,0.0,0.0,0.0,,,,
Xavi Espart,BAR,Shots,0.0,uefa.champions,,0.0,0.0,0.0,,,,
Xavi Espart,BAR,Goals,0.0,uefa.champions,,0.0,0.0,0.0,,,,
Xavi Espart,BAR,Assists,0.0,uefa.champions,,0.0,0.0,0.0,,,,
Xavi Espart,BAR,Fouls,0.0,uefa.champions,,0.0,0.0,0.0,,,,
Xavi Espart,BAR,Yellow Cards,0.0,uefa.champions,,0.0,0.0,0.0,,,,
Ugurcan Çakir,GAL,Fouls,0.0,uefa.champions,,0.0,0.0,0.0,7.0,,,
Dani Olmo,BAR,Goals,0.0,uefa.champions,,0.0,0.0,0.0,,,,
Dani Olmo,BAR,Assists,0.0,uefa.champions,,0.0,0.0,0.0,,,,
Dani Olmo,BAR,Fouls,0.0,uefa.champions,,0.0,0.0,0.0,,,,
Dani Olmo,BAR,Yellow Cards,0.0,uefa.champions,,0.0,0.0,0.0,,,,
Tomás Marqués,BAR,Shots,0.0,uefa.champions,,0.0,0.0,0.0,,,,
Tomás Marqués,BAR,Goals,0.0,uefa.champions,,0.0,0.0,0.0,,,,
Tomás Marqués,BAR,Assists,0.0,uefa.champions,,0.0,0.0,0.0,,,,
Tomás Marqués,BAR,Fouls,0.0,uefa.champions,,0.0,0.0,0.0,,,,
Tomás Marqués,BAR,Yellow Cards,0.0,uefa.champions,,0.0,0.0,0.0,,,,
Marc Casadó,BAR,Shots,0.0,uefa.champions,,0.0,0.0,0.0,,,,
Marc Casadó,BAR,Goals,0.0,uefa.champions,,0.0,0.0,0.0,,,,
Marc Casadó,BAR,Assists,0.0,uefa.champions,,0.0,0.0,0.0,,,,
Marc Casadó,BAR,Fouls,0.0,uefa.champions,,0.0,0.0,0.0,,,,
Marc Casadó,BAR,Yellow Cards,0.0,uefa.champions,,0.0,0.0,0.0,,,,
Abdülkerim Bardakci,GAL,Goals,0.0,uefa.champions,,1.0,0.0,0.0,,,,
Mauro Icardi,GAL,Yellow Cards,0.0,uefa.champions,,0.0,0.0,0.0,,,,
Marcus Rashford,BAR,Assists,0.0,uefa.champions,,1.0,0.0,0.0,,,,
Ahmed Kutucu,GAL,Shots,0.0,uefa.champions,,0.0,0.0,0.0,,,,
Marcus Rashford,BAR,Yellow Cards,0.0,uefa.champions,,1.0,0.0,0.0,,,,
Wojciech Szczesny,BAR,Shots,0.0,uefa.champions,,0.0,0.0,0.0,0.0,,,
Wojciech Szczesny,BAR,Goals,0.0,uefa.champions,,0.0,0.0,0.0,0.0,,,
Wojciech Szczesny,BAR,Assists,0.0,uefa.champions,,0.0,0.0,0.0,0.0,,,
Wojciech Szczesny,BAR,Goalkeeper Saves,0.0,uefa.champions,,0.0,0.0,0.0,0.0,,,
Wojciech Szczesny,BAR,Fouls,0.0,uefa.champions,,0.0,0.0,0.0,0.0,,,
Wojciech Szczesny,BAR,Yellow Cards,0.0,uefa.champions,,0.0,0.0,0.0,0.0,,,
Diego Kochen,BAR,Shots,0.0,uefa.champions,,0.0,0.0,0.0,0.0,,,
Diego Kochen,BAR,Goals,0.0,uefa.champions,,0.0,0.0,0.0,0.0,,,
Diego Kochen,BAR,Assists,0.0,uefa.champions,,0.0,0.0,0.0,0.0,,,
Diego Kochen,BAR,Goalkeeper Saves,0.0,uefa.champions,,0.0,0.0,0.0,0.0,,,
Diego Kochen,BAR,Fouls,0.0,uefa.champions,,0.0,0.0,0.0,0.0,,,
Wilfried Singo,GAL,Assists,0.0,uefa.champions,,1.0,0.0,0.0,,,,
