date,event_id,team_abbr,espn_athlete_id,player_name,MIN,PTS,REB,AST,STL,BLK,TO,FG,FGA,3PT,3PTA,FT,FTA
2026-02-21,401825532,ILL,5311832,David Mirkovic,25.0,3.0,5.0,4.0,0.0,0.0,2.0,,,,,,
2026-02-21,401825532,ILL,5176150,Jake Davis,22.0,9.0,4.0,0.0,0.0,0.0,1.0,,,,,,
2026-02-21,401825532,ILL,5214642,Tomislav Ivisic,33.0,16.0,6.0,2.0,0.0,0.0,2.0,,,,,,
2026-02-21,401825532,ILL,5254165,Keaton Wagler,39.0,19.0,8.0,6.0,1.0,2.0,2.0,,,,,,
2026-02-21,401825532,ILL,4684269,Kylan Boswell,33.0,13.0,6.0,5.0,1.0,0.0,0.0,,,,,,
2026-02-21,401825532,ILL,5177736,Ben Humrichous,29.0,15.0,5.0,1.0,0.0,1.0,0.0,,,,,,
2026-02-21,401825532,ILL,5174665,Zvonimir Ivisic,17.0,11.0,3.0,0.0,0.0,2.0,0.0,,,,,,
2026-02-21,401825532,ILL,5175007,Andrej Stojakovic,27.0,8.0,3.0,1.0,0.0,0.0,2.0,,,,,,
2026-02-21,401825532,ILL,5173645,Jason Jakstys,,,,,,,,,,,,,
2026-02-21,401825532,ILL,5311835,Mihailo Petrovic,,,,,,,,,,,,,
2026-02-21,401825532,ILL,5311834,Blake Fagbemi,,,,,,,,,,,,,
2026-02-21,401825532,ILL,5311833,Brandon Lee,,,,,,,,,,,,,
2026-02-21,401825532,ILL,5121952,AJ Redd,,,,,,,,,,,,,
2026-02-21,401825532,ILL,5105792,Ty Rodgers,,,,,,,,,,,,,
2026-02-21,401825532,UCLA,5105626,Tyler Bilodeau,35.0,18.0,4.0,0.0,1.0,0.0,2.0,,,,,,
2026-02-21,401825532,UCLA,5107782,Donovan Dent,42.0,14.0,3.0,15.0,1.0,1.0,0.0,,,,,,
2026-02-21,401825532,UCLA,5105794,Skyy Clark,26.0,10.0,0.0,0.0,1.0,0.0,1.0,,,,,,
2026-02-21,401825532,UCLA,5060706,Trent Perry,45.0,17.0,4.0,4.0,0.0,0.0,0.0,,,,,,
2026-02-21,401825532,UCLA,4610012,Eric Dailey Jr.,29.0,20.0,6.0,2.0,2.0,0.0,2.0,,,,,,
2026-02-21,401825532,UCLA,5105417,Steven Jamerson II,2.0,0.0,0.0,0.0,0.0,0.0,0.0,,,,,,
2026-02-21,401825532,UCLA,4711304,Xavier Booker,24.0,16.0,4.0,0.0,0.0,0.0,0.0,,,,,,
2026-02-21,401825532,UCLA,5177743,Jamar Brown,10.0,0.0,2.0,0.0,0.0,0.0,0.0,,,,,,
2026-02-21,401825532,UCLA,5174981,Brandon Williams,1.0,0.0,0.0,0.0,0.0,0.0,0.0,,,,,,
2026-02-21,401825532,UCLA,5149633,Eric Freeny,11.0,0.0,0.0,0.0,0.0,0.0,0.0,,,,,,
2026-02-21,401825532,UCLA,5243402,Anthony Peoples Jr.,,,,,,,,,,,,,
2026-02-21,401825532,UCLA,5105639,Evan Manjikian,,,,,,,,,,,,,
2026-02-21,401825532,UCLA,5312038,Markell Alston,,,,,,,,,,,,,
2026-02-21,401825532,UCLA,5239622,Christian Horry,,,,,,,,,,,,,
2026-02-21,401825532,UCLA,5105640,Jack Seidler,,,,,,,,,,,,,
2026-02-21,401829255,PAC,5240903,Elias Ralph,30.0,12.0,6.0,1.0,0.0,1.0,1.0,,,,,,
2026-02-21,401829255,PAC,5108762,Isaac Jack,17.0,7.0,4.0,0.0,0.0,0.0,0.0,,,,,,
2026-02-21,401829255,PAC,5107209,Jaden Clayton,34.0,7.0,6.0,8.0,0.0,0.0,2.0,,,,,,
2026-02-21,401829255,PAC,4709142,Justin Rochelin,40.0,12.0,14.0,0.0,1.0,0.0,4.0,,,,,,
2026-02-21,401829255,PAC,4683947,TJ Wainwright,31.0,10.0,2.0,1.0,0.0,0.0,1.0,,,,,,
2026-02-21,401829255,PAC,5101832,Jaion Pitt,10.0,0.0,0.0,0.0,0.0,0.0,0.0,,,,,,
2026-02-21,401829255,PAC,5105631,KC Ibekwe,23.0,8.0,3.0,0.0,0.0,1.0,0.0,,,,,,
2026-02-21,401829255,PAC,5174659,Kajus Kublickas,15.0,6.0,1.0,0.0,1.0,0.0,2.0,,,,,,
2026-02-21,401829255,PAC,5314770,Clayton Mpiana,,,,,,,,,,,,,
2026-02-21,401829255,PAC,5314767,Augustas Brazdeikis,,,,,,,,,,,,,
2026-02-21,401829255,PAC,5174796,Kris Keinys,,,,,,,,,,,,,
2026-02-21,401829255,PAC,5144130,Kellen Hampton,,,,,,,,,,,,,
2026-02-21,401829255,PAC,5314769,Eyal Harel,,,,,,,,,,,,,
2026-02-21,401829255,PAC,5314768,Emmanuel Manyuon,,,,,,,,,,,,,
2026-02-21,401829255,PAC,5242571,Alexis Marmolejos,,,,,,,,,,,,,
2026-02-21,401829255,PAC,5240908,Noah Budu,,,,,,,,,,,,,
2026-02-21,401829255,PAC,5106783,Dominic Capriotti,,,,,,,,,,,,,
2026-02-21,401829255,PAC,5101764,Carlsheon Young,,,,,,,,,,,,,
2026-02-21,401829255,GONZ,5176787,Emmanuel Innocenti,34.0,13.0,4.0,0.0,0.0,2.0,0.0,,,,,,
2026-02-21,401829255,GONZ,4703396,Graham Ike,32.0,20.0,5.0,0.0,0.0,3.0,3.0,,,,,,
2026-02-21,401829255,GONZ,5313012,Mario Saint-Supery,25.0,2.0,6.0,1.0,1.0,1.0,0.0,,,,,,
2026-02-21,401829255,GONZ,4683147,Jalen Warley,18.0,2.0,2.0,1.0,0.0,0.0,0.0,,,,,,
2026-02-21,401829255,GONZ,4432175,Adam Miller,12.0,4.0,0.0,0.0,2.0,0.0,0.0,,,,,,
2026-02-21,401829255,GONZ,5240588,Noah Haaland,0.0,0.0,0.0,0.0,0.0,0.0,0.0,,,,,,
2026-02-21,401829255,GONZ,5240587,Ismaila Diagne,8.0,0.0,2.0,0.0,0.0,0.0,0.0,,,,,,
2026-02-21,401829255,GONZ,5196913,Davis Fogle,28.0,18.0,2.0,1.0,0.0,0.0,0.0,,,,,,
2026-02-21,401829255,GONZ,5105672,Braeden Smith,15.0,2.0,1.0,3.0,1.0,0.0,0.0,,,,,,
2026-02-21,401829255,GONZ,4700527,Tyon Grant-Foster,28.0,10.0,5.0,1.0,1.0,1.0,1.0,,,,,,
2026-02-21,401829255,GONZ,5313013,Parker Jefferson,,,,,,,,,,,,,
2026-02-21,401829255,GONZ,4894445,Braden Huff,,,,,,,,,,,,,
2026-02-21,401829255,GONZ,5313011,Alonzo Metz,,,,,,,,,,,,,
2026-02-21,401829255,GONZ,5240584,Cade Orness,,,,,,,,,,,,,
2026-02-21,401829255,GONZ,5176259,Joaquim ArauzMoore,,,,,,,,,,,,,
2026-02-21,401829255,GONZ,4592579,Steele Venters,,,,,,,,,,,,,
2026-02-21,401817238,MICH,5175737,Yaxel Lendeborg,39.0,21.0,7.0,3.0,1.0,2.0,1.0,,,,,,
2026-02-21,401817238,MICH,4873153,Morez Johnson Jr.,28.0,13.0,6.0,1.0,1.0,3.0,1.0,,,,,,
2026-02-21,401817238,MICH,5174983,Aday Mara,22.0,10.0,4.0,1.0,0.0,2.0,0.0,,,,,,
2026-02-21,401817238,MICH,4869764,Elliot Cadeau,29.0,8.0,0.0,6.0,0.0,0.0,1.0,,,,,,
2026-02-21,401817238,MICH,4433138,Nimari Burnett,17.0,0.0,1.0,1.0,0.0,0.0,0.0,,,,,,
2026-02-21,401817238,MICH,4684596,Will Tschetter,8.0,0.0,0.0,0.0,0.0,0.0,1.0,,,,,,
2026-02-21,401817238,MICH,5214641,L.J. Cason,14.0,7.0,1.0,2.0,2.0,0.0,2.0,,,,,,
2026-02-21,401817238,MICH,5105836,Roddy Gayle Jr.,21.0,2.0,4.0,1.0,1.0,0.0,1.0,,,,,,
2026-02-21,401817238,MICH,5041954,Trey McKenney,22.0,2.0,2.0,0.0,2.0,0.0,0.0,,,,,,
2026-02-21,401817238,MICH,5244505,Oscar Goodman,,,,,,,,,,,,,
2026-02-21,401817238,MICH,5174787,Harrison Hochberg,,,,,,,,,,,,,
2026-02-21,401817238,MICH,5311988,Malick Kordel,,,,,,,,,,,,,
2026-02-21,401817238,MICH,5311987,Ricky Liburd,,,,,,,,,,,,,
2026-02-21,401817238,MICH,5239559,Howard Eisley Jr.,,,,,,,,,,,,,
2026-02-21,401817238,MICH,5174808,Winters Grady,,,,,,,,,,,,,
2026-02-21,401817238,MICH,5106648,Charlie May,,,,,,,,,,,,,
2026-02-21,401817238,DUKE,5041935,Cameron Boozer,34.0,18.0,10.0,7.0,0.0,2.0,1.0,,,,,,
2026-02-21,401817238,DUKE,4873209,Patrick Ngongba II,28.0,11.0,6.0,2.0,1.0,2.0,2.0,,,,,,
2026-02-21,401817238,DUKE,5287474,Dame Sarr,27.0,5.0,2.0,0.0,0.0,0.0,2.0,,,,,,
2026-02-21,401817238,DUKE,5061585,Isaiah Evans,24.0,14.0,2.0,0.0,0.0,0.0,2.0,,,,,,
2026-02-21,401817238,DUKE,4711256,Caleb Foster,27.0,12.0,4.0,4.0,0.0,0.0,1.0,,,,,,
2026-02-21,401817238,DUKE,5105337,Maliq Brown,19.0,2.0,3.0,0.0,2.0,1.0,1.0,,,,,,
2026-02-21,401817238,DUKE,5144124,Nikolas Khamenia,24.0,6.0,9.0,1.0,1.0,0.0,1.0,,,,,,
2026-02-21,401817238,DUKE,5041937,Cayden Boozer,17.0,0.0,1.0,3.0,0.0,0.0,0.0,,,,,,
2026-02-21,401817238,DUKE,5107141,Ifeanyi Ufochukwu,,,,,,,,,,,,,
2026-02-21,401817238,DUKE,5144150,Sebastian Wilkins,,,,,,,,,,,,,
2026-02-21,401817238,DUKE,4888720,Jack Scott,,,,,,,,,,,,,
2026-02-21,401817238,DUKE,4873107,Darren Harris,,,,,,,,,,,,,
2026-02-21,401817238,DUKE,4432321,Cameron Sheffield,,,,,,,,,,,,,
2026-02-21,401827695,ARIZ,5311896,Ivan Kharchenkov,39.0,16.0,9.0,3.0,1.0,0.0,1.0,,,,,,
2026-02-21,401827695,ARIZ,5105555,Tobe Awaka,17.0,7.0,6.0,0.0,1.0,0.0,2.0,,,,,,
2026-02-21,401827695,ARIZ,5174954,Motiejus Krivas,25.0,4.0,5.0,1.0,2.0,1.0,0.0,,,,,,
2026-02-21,401827695,ARIZ,5082206,Brayden Burries,31.0,7.0,4.0,2.0,0.0,0.0,0.0,,,,,,
2026-02-21,401827695,ARIZ,4432737,Jaden Bradley,37.0,17.0,4.0,4.0,1.0,0.0,1.0,,,,,,
2026-02-21,401827695,ARIZ,5311897,Sidi Gueye,8.0,0.0,0.0,0.0,0.0,1.0,0.0,,,,,,
2026-02-21,401827695,ARIZ,5108141,Anthony Dell'Orso,34.0,22.0,3.0,0.0,4.0,0.0,0.0,,,,,,
2026-02-21,401827695,ARIZ,4702960,Evan Nelson,9.0,0.0,1.0,0.0,0.0,0.0,1.0,,,,,,
2026-02-21,401827695,ARIZ,5311898,Mabil Mawut,,,,,,,,,,,,,
2026-02-21,401827695,ARIZ,5186456,Dwayne Aristode,,,,,,,,,,,,,
2026-02-21,401827695,ARIZ,5041953,Koa Peat,,,,,,,,,,,,,
2026-02-21,401827695,ARIZ,5239487,Sven Djopmo,,,,,,,,,,,,,
2026-02-21,401827695,ARIZ,5174956,Jackson Cook,,,,,,,,,,,,,
2026-02-21,401827695,ARIZ,5105542,Jackson Francois,,,,,,,,,,,,,
2026-02-21,401827695,ARIZ,5082287,Bryce James,,,,,,,,,,,,,
2026-02-21,401827695,ARIZ,4896359,Addison Arnold,,,,,,,,,,,,,
2026-02-21,401827695,HOU,5142621,Chris Cenac Jr.,33.0,10.0,13.0,1.0,0.0,0.0,3.0,,,,,,
2026-02-21,401827695,HOU,5060700,Joseph Tugler,18.0,7.0,4.0,3.0,0.0,1.0,3.0,,,,,,
2026-02-21,401827695,HOU,5149077,Kingston Flemings,33.0,17.0,8.0,4.0,0.0,0.0,2.0,,,,,,
2026-02-21,401827695,HOU,5106272,Milos Uzan,38.0,9.0,1.0,3.0,0.0,0.0,1.0,,,,,,
2026-02-21,401827695,HOU,5106058,Emanuel Sharp,34.0,14.0,3.0,1.0,2.0,0.0,1.0,,,,,,
2026-02-21,401827695,HOU,5176274,Kalifa Sakho,20.0,2.0,3.0,0.0,0.0,2.0,1.0,,,,,,
2026-02-21,401827695,HOU,5101660,Chase McCarty,6.0,3.0,0.0,0.0,0.0,0.0,0.0,,,,,,
2026-02-21,401827695,HOU,5117524,Cedric Lath,2.0,0.0,0.0,0.0,0.0,0.0,0.0,,,,,,
2026-02-21,401827695,HOU,5041942,Isiah Harwell,13.0,3.0,2.0,0.0,0.0,0.0,1.0,,,,,,
2026-02-21,401827695,HOU,4873086,Mercy Miller,3.0,1.0,0.0,0.0,0.0,0.0,0.0,,,,,,
2026-02-21,401827695,HOU,4708176,Ramon Walker Jr.,0.0,0.0,0.0,0.0,0.0,0.0,0.0,,,,,,
2026-02-21,401827695,HOU,5095062,Jacob McFarland,,,,,,,,,,,,,
2026-02-21,401827695,HOU,5144098,Bryce Jackson,,,,,,,,,,,,,
2026-02-21,401827695,HOU,5070506,Kordel Jefferson,,,,,,,,,,,,,
2026-02-21,401822953,CONN,4917149,Alex Karaban,34.0,12.0,5.0,2.0,1.0,2.0,1.0,,,,,,
2026-02-21,401822953,CONN,5105809,Tarris Reed Jr.,23.0,11.0,6.0,3.0,1.0,3.0,2.0,,,,,,
2026-02-21,401822953,CONN,5196916,Braylon Mullins,25.0,10.0,3.0,1.0,0.0,0.0,1.0,,,,,,
2026-02-21,401822953,CONN,5054083,Silas Demary Jr.,29.0,9.0,3.0,6.0,0.0,0.0,7.0,,,,,,
2026-02-21,401822953,CONN,4895737,Solo Ball,30.0,9.0,3.0,2.0,0.0,0.0,0.0,,,,,,
2026-02-21,401822953,CONN,4895753,Jayden Ross,17.0,4.0,2.0,1.0,0.0,2.0,2.0,,,,,,
2026-02-21,401822953,CONN,4685647,Jaylin Stewart,13.0,6.0,3.0,1.0,1.0,0.0,1.0,,,,,,
2026-02-21,401822953,CONN,5152763,Eric Reibe,17.0,8.0,5.0,1.0,0.0,1.0,0.0,,,,,,
2026-02-21,401822953,CONN,4683861,Malachi Smith,12.0,4.0,2.0,2.0,0.0,0.0,0.0,,,,,,
2026-02-21,401822953,CONN,5142624,Jacob Ross,,,,,,,,,,,,,
2026-02-21,401822953,CONN,4703011,Dwayne Koroma,,,,,,,,,,,,,
2026-02-21,401822953,CONN,5312036,Rrezon Elezaj,,,,,,,,,,,,,
2026-02-21,401822953,CONN,5307570,Uroš Paunovic,,,,,,,,,,,,,
2026-02-21,401822953,CONN,5248294,Jacob Furphy,,,,,,,,,,,,,
2026-02-21,401822953,CONN,5241657,Alec Millender,,,,,,,,,,,,,
2026-02-21,401822953,VILL,5175588,Matt Hodge,34.0,13.0,4.0,0.0,1.0,1.0,0.0,,,,,,
2026-02-21,401822953,VILL,4870569,Duke Brennan,29.0,7.0,3.0,1.0,1.0,1.0,2.0,,,,,,
2026-02-21,401822953,VILL,5182412,Tyler Perkins,32.0,15.0,6.0,2.0,0.0,0.0,1.0,,,,,,
2026-02-21,401822953,VILL,5174291,Bryce Lindsay,20.0,9.0,1.0,2.0,1.0,0.0,1.0,,,,,,
2026-02-21,401822953,VILL,5144105,Acaden Lewis,25.0,11.0,1.0,4.0,2.0,0.0,2.0,,,,,,
2026-02-21,401822953,VILL,5142360,Braden Pierce,11.0,2.0,0.0,0.0,0.0,2.0,0.0,,,,,,
2026-02-21,401822953,VILL,5239554,Malachi Palmer,18.0,2.0,2.0,1.0,0.0,0.0,0.0,,,,,,
2026-02-21,401822953,VILL,5221332,Chris Jeffrey,13.0,4.0,1.0,2.0,2.0,0.0,0.0,,,,,,
2026-02-21,401822953,VILL,4702467,Devin Askew,18.0,0.0,0.0,0.0,1.0,0.0,3.0,,,,,,
2026-02-21,401822953,VILL,5106034,Tafara Gapare,,,,,,,,,,,,,
2026-02-21,401822953,VILL,5281374,Nico Onyekwere,,,,,,,,,,,,,
2026-02-21,401822953,VILL,5240540,Wade Chiddick,,,,,,,,,,,,,
2026-02-21,401822953,VILL,5175067,Zion Stanford,,,,,,,,,,,,,
2026-02-21,401822953,VILL,5105576,Malcolm Flaggs,,,,,,,,,,,,,
2026-02-21,401827696,CIN,5075626,Baba Miller,39.0,18.0,7.0,8.0,2.0,0.0,5.0,,,,,,
2026-02-21,401827696,CIN,5149078,Moustapha Thiam,30.0,28.0,8.0,2.0,0.0,0.0,0.0,,,,,,
2026-02-21,401827696,CIN,5175033,Jizzle James,19.0,5.0,1.0,2.0,1.0,0.0,0.0,,,,,,
2026-02-21,401827696,CIN,5175032,Day Day Thomas,36.0,10.0,4.0,0.0,1.0,0.0,0.0,,,,,,
2026-02-21,401827696,CIN,4598611,Jalen Celestine,33.0,14.0,8.0,2.0,4.0,0.0,0.0,,,,,,
2026-02-21,401827696,CIN,4873163,Tyler McKinley,9.0,0.0,2.0,0.0,0.0,0.0,0.0,,,,,,
2026-02-21,401827696,CIN,5196876,Keyshuan Tillery,24.0,6.0,4.0,2.0,0.0,1.0,2.0,,,,,,
2026-02-21,401827696,CIN,5105790,Sencire Harris,10.0,3.0,3.0,0.0,0.0,0.0,1.0,,,,,,
2026-02-21,401827696,CIN,4709151,Jalen Haynes,,,,,,,,,,,,,
2026-02-21,401827696,CIN,5240256,Halvine Dzellat,,,,,,,,,,,,,
2026-02-21,401827696,CIN,5311911,Jordi Rodriguez,,,,,,,,,,,,,
2026-02-21,401827696,CIN,5311910,Lucas Atauri,,,,,,,,,,,,,
2026-02-21,401827696,CIN,5311909,Bryson Buckingham,,,,,,,,,,,,,
2026-02-21,401827696,CIN,5105282,Grant Darbyshire,,,,,,,,,,,,,
2026-02-21,401827696,CIN,5101852,Shon Abaev,,,,,,,,,,,,,
2026-02-21,401827696,CIN,4683633,Kerr Kriisa,,,,,,,,,,,,,
2026-02-21,401827696,KU,5044426,Flory Bidunga,34.0,18.0,12.0,3.0,1.0,1.0,4.0,,,,,,
2026-02-21,401827696,KU,5041958,Bryson Tiller,28.0,4.0,2.0,1.0,0.0,1.0,1.0,,,,,,
2026-02-21,401827696,KU,5177301,Melvin Council Jr.,39.0,7.0,5.0,4.0,2.0,0.0,1.0,,,,,,
2026-02-21,401827696,KU,5105643,Tre White,29.0,11.0,3.0,1.0,1.0,0.0,0.0,,,,,,
2026-02-21,401827696,KU,5041955,Darryn Peterson,32.0,17.0,4.0,1.0,1.0,0.0,0.0,,,,,,
2026-02-21,401827696,KU,5291864,Kohl Rosario,4.0,2.0,0.0,0.0,0.0,0.0,0.0,,,,,,
2026-02-21,401827696,KU,5105964,Jayden Dawson,2.0,3.0,0.0,0.0,0.0,0.0,0.0,,,,,,
2026-02-21,401827696,KU,5103571,Jamari McDowell,16.0,4.0,2.0,0.0,0.0,0.0,1.0,,,,,,
2026-02-21,401827696,KU,4872739,Elmarko Jackson,16.0,2.0,0.0,1.0,0.0,0.0,2.0,,,,,,
2026-02-21,401827696,KU,5252599,Samis Calderon,,,,,,,,,,,,,
2026-02-21,401827696,KU,5175889,Justin Cross,,,,,,,,,,,,,
2026-02-21,401827696,KU,5281379,Paul Mbiya,,,,,,,,,,,,,
2026-02-21,401827696,KU,5311917,Corbin Allen,,,,,,,,,,,,,
2026-02-21,401827696,KU,5311916,Nginyu Ngala,,,,,,,,,,,,,
2026-02-21,401827696,KU,5240262,Will Thengvall,,,,,,,,,,,,,
2026-02-21,401827696,KU,5106260,Wilder Evers,,,,,,,,,,,,,
2026-02-21,401825531,PSU,5312025,Ivan Juric,28.0,13.0,10.0,1.0,0.0,1.0,2.0,,,,,,
2026-02-21,401825531,PSU,4838723,Josh Reed,26.0,11.0,5.0,2.0,2.0,0.0,1.0,,,,,,
2026-02-21,401825531,PSU,5173445,Dominick Stewart,22.0,2.0,3.0,1.0,0.0,0.0,2.0,,,,,,
2026-02-21,401825531,PSU,5144108,Kayden Mingo,35.0,13.0,4.0,6.0,1.0,0.0,2.0,,,,,,
2026-02-21,401825531,PSU,5125192,Freddie Dilione V,14.0,5.0,0.0,0.0,0.0,0.0,2.0,,,,,,
2026-02-21,401825531,PSU,5217197,Justin Houser,4.0,2.0,2.0,0.0,1.0,0.0,0.0,,,,,,
2026-02-21,401825531,PSU,5170078,Saša Ciani,8.0,4.0,0.0,0.0,0.0,0.0,0.0,,,,,,
2026-02-21,401825531,PSU,4873144,Mason Blackwood,24.0,4.0,2.0,0.0,0.0,0.0,1.0,,,,,,
2026-02-21,401825531,PSU,5312026,Melih Tunca,23.0,8.0,0.0,3.0,1.0,0.0,2.0,,,,,,
2026-02-21,401825531,PSU,5093264,Eli Rice,16.0,2.0,4.0,0.0,1.0,0.0,1.0,,,,,,
2026-02-21,401825531,PSU,5312029,Chris Lotito,,,,,,,,,,,,,
2026-02-21,401825531,PSU,5312028,Tibor Mirtic,,,,,,,,,,,,,
2026-02-21,401825531,PSU,5312027,Reggie Grodin,,,,,,,,,,,,,
2026-02-21,401825531,NEB,5239571,Braden Frager,23.0,15.0,6.0,0.0,1.0,0.0,1.0,,,,,,
2026-02-21,401825531,NEB,4858604,Pryce Sandfort,35.0,33.0,9.0,2.0,0.0,1.0,1.0,,,,,,
2026-02-21,401825531,NEB,4592677,Rienk Mast,28.0,8.0,6.0,3.0,0.0,0.0,0.0,,,,,,
2026-02-21,401825531,NEB,5105825,Jamarques Lawrence,29.0,9.0,1.0,4.0,2.0,0.0,0.0,,,,,,
2026-02-21,401825531,NEB,4897432,Sam Hoiberg,35.0,11.0,5.0,10.0,2.0,0.0,3.0,,,,,,
2026-02-21,401825531,NEB,5263670,Leo Curtis,10.0,2.0,0.0,1.0,0.0,0.0,2.0,,,,,,
2026-02-21,401825531,NEB,5239573,Justin Bolis,2.0,0.0,0.0,0.0,0.0,0.0,0.0,,,,,,
2026-02-21,401825531,NEB,4702740,Jared Garcia,19.0,4.0,7.0,0.0,1.0,3.0,3.0,,,,,,
2026-02-21,401825531,NEB,5109018,Kendall Blue,1.0,3.0,0.0,0.0,0.0,0.0,0.0,,,,,,
2026-02-21,401825531,NEB,5105827,Cale Jacobsen,18.0,2.0,1.0,2.0,1.0,0.0,1.0,,,,,,
2026-02-21,401825531,NEB,5248172,Will Cooper,,,,,,,,,,,,,
2026-02-21,401825531,NEB,5174982,Berke Buyuktuncel,,,,,,,,,,,,,
2026-02-21,401825531,NEB,5108721,Ugnius Jarusevicius,,,,,,,,,,,,,
2026-02-21,401825531,NEB,5105828,Henry Burt,,,,,,,,,,,,,
2026-02-21,401825531,NEB,5254162,Quentin Rhymes,,,,,,,,,,,,,
2026-02-21,401825531,NEB,5105861,Connor Essegian,,,,,,,,,,,,,
2026-02-21,401808253,FLA,5174657,Alex Condon,30.0,24.0,4.0,6.0,1.0,1.0,1.0,,,,,,
2026-02-21,401808253,FLA,5080489,Thomas Haugh,31.0,20.0,9.0,4.0,1.0,2.0,2.0,,,,,,
2026-02-21,401808253,FLA,5174971,Rueben Chinyelu,24.0,3.0,6.0,2.0,0.0,0.0,2.0,,,,,,
2026-02-21,401808253,FLA,5238195,Boogie Fland,22.0,11.0,3.0,2.0,2.0,0.0,1.0,,,,,,
2026-02-21,401808253,FLA,5107169,Xaivian Lee,31.0,11.0,3.0,10.0,0.0,0.0,4.0,,,,,,
2026-02-21,401808253,FLA,5238201,Viktor Mikic,3.0,3.0,2.0,0.0,0.0,0.0,3.0,,,,,,
2026-02-21,401808253,FLA,5108992,Micah Handlogten,16.0,2.0,3.0,1.0,3.0,0.0,0.0,,,,,,
2026-02-21,401808253,FLA,5238200,Urban Klavzar,22.0,15.0,2.0,1.0,0.0,0.0,1.0,,,,,,
2026-02-21,401808253,FLA,5217184,CJ Ingram,3.0,0.0,0.0,0.0,0.0,0.0,1.0,,,,,,
2026-02-21,401808253,FLA,5175405,Alex Kovatchev,2.0,0.0,0.0,0.0,0.0,0.0,0.0,,,,,,
2026-02-21,401808253,FLA,5144372,Isaiah Brown,13.0,5.0,3.0,0.0,0.0,0.0,2.0,,,,,,
2026-02-21,401808253,FLA,5041948,Alex Lloyd,3.0,0.0,1.0,0.0,0.0,0.0,0.0,,,,,,
2026-02-21,401808253,FLA,5184753,Olivier Rioux,,,,,,,,,,,,,
2026-02-21,401808253,FLA,5174660,Cooper Josefsberg,,,,,,,,,,,,,
2026-02-21,401808253,FLA,5108014,AJ Brown,,,,,,,,,,,,,
2026-02-21,401808253,MISS,5102798,James Scott,13.0,2.0,3.0,1.0,1.0,0.0,1.0,,,,,,
2026-02-21,401808253,MISS,4712862,Malik Dia,29.0,24.0,6.0,1.0,2.0,0.0,2.0,,,,,,
2026-02-21,401808253,MISS,5311523,Ilias Kamardine,32.0,14.0,1.0,1.0,0.0,0.0,2.0,,,,,,
2026-02-21,401808253,MISS,5144099,Patton Pinkins,36.0,10.0,2.0,1.0,0.0,0.0,2.0,,,,,,
2026-02-21,401808253,MISS,4873100,Travis Perry,23.0,7.0,2.0,4.0,2.0,0.0,2.0,,,,,,
2026-02-21,401808253,MISS,5196939,Niko Bundalo,6.0,4.0,1.0,0.0,0.0,0.0,1.0,,,,,,
2026-02-21,401808253,MISS,5175354,Augusto Cassiá,12.0,2.0,0.0,0.0,1.0,0.0,0.0,,,,,,
2026-02-21,401808253,MISS,4858606,Corey Chest,12.0,0.0,1.0,1.0,1.0,2.0,0.0,,,,,,
2026-02-21,401808253,MISS,5238224,Zach Day,8.0,2.0,1.0,1.0,3.0,0.0,1.0,,,,,,
2026-02-21,401808253,MISS,5238223,Max Smith,5.0,2.0,1.0,1.0,0.0,0.0,0.0,,,,,,
2026-02-21,401808253,MISS,5171788,Eduardo Klafke,3.0,0.0,0.0,0.0,0.0,0.0,0.0,,,,,,
2026-02-21,401808253,MISS,5105649,Koren Johnson,3.0,0.0,0.0,0.0,0.0,0.0,0.0,,,,,,
2026-02-21,401808253,MISS,5105603,AJ Storr,18.0,8.0,3.0,1.0,0.0,0.0,0.0,,,,,,
2026-02-21,401808253,MISS,5144115,Tylis Jordan,,,,,,,,,,,,,
2026-02-21,401808253,MISS,5259006,Hobert Grayson IV,,,,,,,,,,,,,
2026-02-21,401808253,MISS,4897575,Kezza Giffa,,,,,,,,,,,,,
2026-02-21,401827698,KSU,5106266,Taj Manning,25.0,10.0,5.0,1.0,0.0,3.0,0.0,,,,,,
2026-02-21,401827698,KSU,4897715,Khamari McGriff,23.0,8.0,8.0,1.0,0.0,0.0,0.0,,,,,,
2026-02-21,401827698,KSU,5106275,P.J. Haggerty,36.0,17.0,4.0,2.0,1.0,0.0,1.0,,,,,,
2026-02-21,401827698,KSU,4898278,Nate Johnson,34.0,15.0,4.0,2.0,0.0,0.0,1.0,,,,,,
2026-02-21,401827698,KSU,4869768,David Castillo,35.0,8.0,1.0,0.0,1.0,0.0,0.0,,,,,,
2026-02-21,401827698,KSU,5311923,Andrej Kostic,18.0,8.0,0.0,0.0,1.0,0.0,2.0,,,,,,
2026-02-21,401827698,KSU,5242561,Marcus Johnson,2.0,0.0,1.0,1.0,0.0,0.0,0.0,,,,,,
2026-02-21,401827698,KSU,5311921,Dorin Buca,4.0,2.0,0.0,0.0,0.0,0.0,1.0,,,,,,
2026-02-21,401827698,KSU,5107878,C.J. Jones,23.0,4.0,1.0,1.0,0.0,0.0,0.0,,,,,,
2026-02-21,401827698,KSU,5311922,Stephen Osei,,,,,,,,,,,,,
2026-02-21,401827698,KSU,5311919,Elias Rapieque,,,,,,,,,,,,,
2026-02-21,401827698,KSU,5311920,Exavier Wilson,,,,,,,,,,,,,
2026-02-21,401827698,KSU,5240263,Mobi Ikegwuruka,,,,,,,,,,,,,
2026-02-21,401827698,KSU,5174959,Abdi Bashir Jr.,,,,,,,,,,,,,
2026-02-21,401827698,TTU,5107312,LeJuan Watts,27.0,19.0,6.0,2.0,0.0,1.0,1.0,,,,,,
2026-02-21,401827698,TTU,5061581,Luke Bamgboye,21.0,12.0,6.0,2.0,0.0,3.0,0.0,,,,,,
2026-02-21,401827698,TTU,5221321,Jaylen Petty,31.0,10.0,3.0,4.0,0.0,0.0,0.0,,,,,,
2026-02-21,401827698,TTU,5107355,Donovan Atwell,38.0,26.0,3.0,0.0,1.0,0.0,1.0,,,,,,
2026-02-21,401827698,TTU,5060701,Christian Anderson,38.0,21.0,5.0,9.0,0.0,1.0,1.0,,,,,,
2026-02-21,401827698,TTU,5311930,Marial Akuentok,16.0,2.0,4.0,0.0,0.0,1.0,1.0,,,,,,
2026-02-21,401827698,TTU,5152656,Josiah Moseley,14.0,4.0,5.0,1.0,0.0,1.0,0.0,,,,,,
2026-02-21,401827698,TTU,5311929,Nolan Groves,2.0,2.0,0.0,0.0,0.0,0.0,0.0,,,,,,
2026-02-21,401827698,TTU,5240271,Leon Horner,1.0,0.0,0.0,0.0,0.0,0.0,0.0,,,,,,
2026-02-21,401827698,TTU,5240270,Jazz Henderson,2.0,1.0,0.0,0.0,0.0,0.0,0.0,,,,,,
2026-02-21,401827698,TTU,5175077,Jack Francis,1.0,0.0,0.0,0.0,0.0,0.0,0.0,,,,,,
2026-02-21,401827698,TTU,5108120,Tyeree Bryan,9.0,3.0,4.0,0.0,0.0,1.0,1.0,,,,,,
2026-02-21,401827698,TTU,5311931,LaTrell Hoover,,,,,,,,,,,,,
2026-02-21,401827698,TTU,5143604,JT Toppin,,,,,,,,,,,,,
2026-02-21,401820760,MIA,5105798,Malik Reneau,28.0,16.0,3.0,2.0,1.0,1.0,6.0,,,,,,
2026-02-21,401820760,MIA,5101809,Shelton Henderson,32.0,18.0,3.0,3.0,2.0,0.0,1.0,,,,,,
2026-02-21,401820760,MIA,5106261,Ernest Udeh Jr.,39.0,8.0,9.0,1.0,1.0,1.0,1.0,,,,,,
2026-02-21,401820760,MIA,5142709,Dante Allen,23.0,3.0,3.0,2.0,2.0,0.0,0.0,,,,,,
2026-02-21,401820760,MIA,4837356,Tre Donaldson,38.0,18.0,2.0,7.0,1.0,0.0,1.0,,,,,,
2026-02-21,401820760,MIA,5311984,Salih Altuntas,1.0,0.0,1.0,0.0,0.0,0.0,0.0,,,,,,
2026-02-21,401820760,MIA,5281366,Timotej Malovec,16.0,5.0,0.0,1.0,0.0,0.0,0.0,,,,,,
2026-02-21,401820760,MIA,4845368,Tru Washington,23.0,15.0,4.0,0.0,2.0,0.0,0.0,,,,,,
2026-02-21,401820760,MIA,5101821,Treyvon Maddox,,,,,,,,,,,,,
2026-02-21,401820760,MIA,5311986,Noam Dovrat,,,,,,,,,,,,,
2026-02-21,401820760,MIA,5311985,John Laboy II,,,,,,,,,,,,,
2026-02-21,401820760,MIA,5214525,Jordyn Kee,,,,,,,,,,,,,
2026-02-21,401820760,MIA,4869762,Marcus Allen,,,,,,,,,,,,,
2026-02-21,401820760,UVA,5311846,Thijs De Ridder,36.0,14.0,2.0,3.0,2.0,1.0,3.0,,,,,,
2026-02-21,401820760,UVA,5311844,Johann Grunloh,27.0,12.0,4.0,0.0,0.0,5.0,0.0,,,,,,
2026-02-21,401820760,UVA,5176232,Sam Lewis,29.0,15.0,2.0,0.0,1.0,0.0,1.0,,,,,,
2026-02-21,401820760,UVA,5105464,Dallin Hall,28.0,2.0,3.0,2.0,1.0,0.0,2.0,,,,,,
2026-02-21,401820760,UVA,4683758,Malik Thomas,18.0,10.0,3.0,2.0,0.0,0.0,1.0,,,,,,
2026-02-21,401820760,UVA,5037878,Ugonna Onyenso,12.0,4.0,0.0,0.0,1.0,0.0,0.0,,,,,,
2026-02-21,401820760,UVA,5150404,Chance Mallory,22.0,12.0,6.0,6.0,0.0,0.0,2.0,,,,,,
2026-02-21,401820760,UVA,5107274,Jacari White,28.0,17.0,1.0,5.0,1.0,2.0,0.0,,,,,,
2026-02-21,401820760,UVA,5144157,Silas Barksdale,,,,,,,,,,,,,
2026-02-21,401820760,UVA,4894460,Carter Lang,,,,,,,,,,,,,
2026-02-21,401820760,UVA,4703393,Devin Tillis,,,,,,,,,,,,,
2026-02-21,401820760,UVA,5311845,Owen Odom,,,,,,,,,,,,,
2026-02-21,401820760,UVA,5239714,Martin Carrere,,,,,,,,,,,,,
2026-02-21,401820760,UVA,5174572,Desmond Roberts,,,,,,,,,,,,,
2026-02-21,401820760,UVA,5080790,Elijah Gertrude,,,,,,,,,,,,,
2026-02-21,401820759,UNC,4873181,Jarin Stevenson,31.0,7.0,4.0,1.0,1.0,1.0,1.0,,,,,,
2026-02-21,401820759,UNC,5105571,Henri Veesaar,26.0,19.0,3.0,1.0,0.0,3.0,3.0,,,,,,
2026-02-21,401820759,UNC,5312014,Luka Bogavac,31.0,13.0,6.0,2.0,0.0,0.0,0.0,,,,,,
2026-02-21,401820759,UNC,5144097,Derek Dixon,32.0,7.0,4.0,4.0,1.0,0.0,1.0,,,,,,
2026-02-21,401820759,UNC,4712836,Seth Trimble,30.0,13.0,5.0,2.0,2.0,0.0,1.0,,,,,,
2026-02-21,401820759,UNC,4895793,Zayden High,19.0,9.0,11.0,0.0,1.0,0.0,3.0,,,,,,
2026-02-21,401820759,UNC,5101669,Jonathan Powell,17.0,6.0,1.0,0.0,0.0,0.0,0.0,,,,,,
2026-02-21,401820759,UNC,5093253,Kyan Evans,8.0,3.0,1.0,0.0,0.0,0.0,1.0,,,,,,
2026-02-21,401820759,UNC,4711266,Jaydon Young,6.0,0.0,0.0,0.0,0.0,0.0,0.0,,,,,,
2026-02-21,401820759,UNC,5238173,John Holbrook,,,,,,,,,,,,,
2026-02-21,401820759,UNC,5095151,Caleb Wilson,,,,,,,,,,,,,
2026-02-21,401820759,UNC,4869763,James Brown,,,,,,,,,,,,,
2026-02-21,401820759,UNC,5241596,Ivan Matlekovic,,,,,,,,,,,,,
2026-02-21,401820759,UNC,5312013,Evan Smith,,,,,,,,,,,,,
2026-02-21,401820759,UNC,5217193,Isaiah Denis,,,,,,,,,,,,,
2026-02-21,401820759,UNC,5116699,Elijah Davis,,,,,,,,,,,,,
2026-02-21,401820759,SYR,5107258,William Kyle III,28.0,4.0,8.0,1.0,2.0,1.0,2.0,,,,,,
2026-02-21,401820759,SYR,4873145,Donnie Freeman,28.0,9.0,7.0,0.0,0.0,3.0,1.0,,,,,,
2026-02-21,401820759,SYR,5240882,Nate Kingz,20.0,4.0,0.0,1.0,0.0,0.0,0.0,,,,,,
2026-02-21,401820759,SYR,5174557,Naithan George,35.0,7.0,3.0,1.0,1.0,1.0,3.0,,,,,,
2026-02-21,401820759,SYR,4683697,J.J. Starling,34.0,22.0,4.0,2.0,0.0,0.0,2.0,,,,,,
2026-02-21,401820759,SYR,5174559,Ibrahim Souare,1.0,0.0,1.0,0.0,0.0,0.0,0.0,,,,,,
2026-02-21,401820759,SYR,5101831,Sadiq White Jr.,18.0,6.0,5.0,0.0,0.0,0.0,1.0,,,,,,
2026-02-21,401820759,SYR,4873141,Tyler Betsey,22.0,10.0,0.0,0.0,1.0,0.0,0.0,,,,,,
2026-02-21,401820759,SYR,5120280,Kiyan Anthony,14.0,2.0,0.0,1.0,0.0,0.0,1.0,,,,,,
2026-02-21,401820759,SYR,5311848,Tiefing Diawara,,,,,,,,,,,,,
2026-02-21,401820759,SYR,5331892,Calvin Russell III,,,,,,,,,,,,,
2026-02-21,401820759,SYR,5311847,Luke Fennell,,,,,,,,,,,,,
2026-02-21,401820759,SYR,5239196,Aaron Womack,,,,,,,,,,,,,
2026-02-21,401820759,SYR,5238188,Noah Lobdell,,,,,,,,,,,,,
2026-02-21,401820759,SYR,4897519,Bryce Zephir,,,,,,,,,,,,,
2026-02-21,401822952,CREI,5105577,Jasen Green,20.0,2.0,7.0,0.0,0.0,0.0,1.0,,,,,,
2026-02-21,401822952,CREI,4712866,Isaac Traudt,18.0,6.0,2.0,0.0,1.0,0.0,1.0,,,,,,
2026-02-21,401822952,CREI,5106863,Nik Graves,21.0,5.0,1.0,5.0,0.0,1.0,3.0,,,,,,
2026-02-21,401822952,CREI,5105800,Josh Dix,28.0,8.0,2.0,0.0,1.0,1.0,2.0,,,,,,
2026-02-21,401822952,CREI,5075230,Fedor Zugic,18.0,9.0,3.0,1.0,0.0,1.0,2.0,,,,,,
2026-02-21,401822952,CREI,5311955,Kerem Konan,11.0,5.0,2.0,0.0,0.0,0.0,2.0,,,,,,
2026-02-21,401822952,CREI,4894465,Owen Freeman,20.0,6.0,5.0,2.0,1.0,0.0,0.0,,,,,,
2026-02-21,401822952,CREI,5243101,Blake Harper,15.0,7.0,1.0,0.0,0.0,0.0,2.0,,,,,,
2026-02-21,401822952,CREI,5175358,Shane Thomas,5.0,0.0,0.0,0.0,0.0,0.0,0.0,,,,,,
2026-02-21,401822952,CREI,5149116,Ty Davis,19.0,1.0,2.0,3.0,1.0,0.0,2.0,,,,,,
2026-02-21,401822952,CREI,5144380,Austin Swartz,10.0,0.0,0.0,0.0,1.0,0.0,0.0,,,,,,
2026-02-21,401822952,CREI,5101788,Hudson Greer,15.0,3.0,2.0,1.0,1.0,0.0,1.0,,,,,,
2026-02-21,401822952,CREI,5175359,Josh Townley-Thomas,,,,,,,,,,,,,
2026-02-21,401822952,CREI,5061591,Jackson McAndrew,,,,,,,,,,,,,
2026-02-21,401822952,CREI,4433038,Liam McChesney,,,,,,,,,,,,,
2026-02-21,401822952,CREI,5311956,Aleksa Dimitrijevic,,,,,,,,,,,,,
2026-02-21,401822952,SJU,5106283,Dillon Mitchell,29.0,6.0,10.0,7.0,1.0,1.0,0.0,,,,,,
2026-02-21,401822952,SJU,5106262,Zuby Ejiofor,27.0,15.0,3.0,2.0,0.0,2.0,0.0,,,,,,
2026-02-21,401822952,SJU,4565698,Bryce Hopkins,30.0,15.0,10.0,2.0,2.0,0.0,1.0,,,,,,
2026-02-21,401822952,SJU,5142625,Joson Sanon,25.0,7.0,2.0,2.0,1.0,0.0,1.0,,,,,,
2026-02-21,401822952,SJU,5105642,Oziyah Sellers,18.0,10.0,2.0,1.0,2.0,0.0,0.0,,,,,,
2026-02-21,401822952,SJU,5240539,Ruben Prey,11.0,5.0,3.0,1.0,0.0,1.0,2.0,,,,,,
2026-02-21,401822952,SJU,5107197,Sadiku Ibine Ayo,10.0,2.0,2.0,1.0,0.0,1.0,0.0,,,,,,
2026-02-21,401822952,SJU,4896480,Handje Tamba,2.0,2.0,0.0,0.0,0.0,0.0,0.0,,,,,,
2026-02-21,401822952,SJU,5312302,Fotis Konstantinidis,2.0,0.0,0.0,0.0,0.0,0.0,0.0,,,,,,
2026-02-21,401822952,SJU,5145712,Lefteris Liotopoulos,17.0,2.0,4.0,1.0,1.0,0.0,1.0,,,,,,
2026-02-21,401822952,SJU,5105658,Dylan Darling,29.0,17.0,4.0,3.0,3.0,1.0,5.0,,,,,,
2026-02-21,401822952,SJU,5312303,Imran Suljanovic,,,,,,,,,,,,,
2026-02-21,401822952,SJU,5312301,Casper Pohto,,,,,,,,,,,,,
2026-02-21,401822952,SJU,5226072,Kelvin Odih,,,,,,,,,,,,,
2026-02-21,401822952,SJU,4869770,Ian Jackson,,,,,,,,,,,,,
2026-02-21,401808255,TENN,5164559,Nate Ament,35.0,13.0,9.0,1.0,0.0,0.0,3.0,,,,,,
2026-02-21,401808255,TENN,5105841,Felix Okpara,16.0,8.0,4.0,0.0,1.0,0.0,0.0,,,,,,
2026-02-21,401808255,TENN,4685687,Jaylen Carey,26.0,7.0,7.0,0.0,0.0,1.0,2.0,,,,,,
2026-02-21,401808255,TENN,5107968,Ja'Kobi Gillespie,36.0,17.0,3.0,2.0,3.0,0.0,2.0,,,,,,
2026-02-21,401808255,TENN,5101648,Bishop Boswell,23.0,9.0,4.0,4.0,2.0,0.0,2.0,,,,,,
2026-02-21,401808255,TENN,5142710,DeWayne Brown II,30.0,8.0,4.0,0.0,1.0,1.0,0.0,,,,,,
2026-02-21,401808255,TENN,5311527,Ethan Burg,15.0,2.0,1.0,1.0,1.0,0.0,0.0,,,,,,
2026-02-21,401808255,TENN,5196914,Amari Evans,19.0,5.0,3.0,0.0,0.0,1.0,0.0,,,,,,
2026-02-21,401808255,TENN,5093142,J.P. Estrella,,,,,,,,,,,,,
2026-02-21,401808255,TENN,4848640,Cade Phillips,,,,,,,,,,,,,
2026-02-21,401808255,TENN,5311526,Troy Henderson,,,,,,,,,,,,,
2026-02-21,401808255,TENN,5238229,Campbell Duncan,,,,,,,,,,,,,
2026-02-21,401808255,TENN,5238228,Gavin Paull,,,,,,,,,,,,,
2026-02-21,401808255,TENN,5196942,Clarence Massamba,,,,,,,,,,,,,
2026-02-21,401808255,TENN,5105544,Amaree Abram,,,,,,,,,,,,,
2026-02-21,401808255,TENN,4897332,Grant Hurst,,,,,,,,,,,,,
2026-02-21,401808255,VAN,5114350,AK Okereke,18.0,7.0,1.0,2.0,0.0,1.0,0.0,,,,,,
2026-02-21,401808255,VAN,4838721,Tyler Nickel,30.0,3.0,1.0,1.0,1.0,0.0,1.0,,,,,,
2026-02-21,401808255,VAN,4791227,Devin McGlockton,26.0,11.0,5.0,0.0,1.0,0.0,2.0,,,,,,
2026-02-21,401808255,VAN,4433625,Jalen Washington,26.0,8.0,10.0,0.0,1.0,6.0,2.0,,,,,,
2026-02-21,401808255,VAN,5187600,Tyler Tanner,31.0,16.0,2.0,2.0,1.0,0.0,4.0,,,,,,
2026-02-21,401808255,VAN,5254169,Jayden Leverett,4.0,0.0,2.0,1.0,0.0,0.0,0.0,,,,,,
2026-02-21,401808255,VAN,5311759,Chandler Bing,28.0,8.0,3.0,1.0,0.0,1.0,1.0,,,,,,
2026-02-21,401808255,VAN,4702049,Duke Miles,27.0,12.0,4.0,6.0,2.0,0.0,0.0,,,,,,
2026-02-21,401808255,VAN,4684164,Mike James,10.0,0.0,1.0,0.0,0.0,0.0,0.0,,,,,,
2026-02-21,401808255,VAN,5176497,Tyler Harris,,,,,,,,,,,,,
2026-02-21,401808255,VAN,5106670,Mason Nicholson,,,,,,,,,,,,,
2026-02-21,401808255,VAN,5239784,George Kimble III,,,,,,,,,,,,,
2026-02-21,401808255,VAN,5221327,Jaylon Dean-Vines,,,,,,,,,,,,,
2026-02-21,401808255,VAN,5174287,Coleson Messer,,,,,,,,,,,,,
2026-02-21,401808255,VAN,5105281,Miles Keeffe,,,,,,,,,,,,,
2026-02-21,401808255,VAN,4433616,Frankie Collins,,,,,,,,,,,,,
2026-02-21,401808249,MIZ,5105537,Shawn Phillips Jr.,28.0,11.0,4.0,2.0,0.0,1.0,2.0,,,,,,
2026-02-21,401808249,MIZ,5144166,T.O. Barrett,19.0,5.0,3.0,5.0,0.0,0.0,4.0,,,,,,
2026-02-21,401808249,MIZ,5037881,Trent Pierce,32.0,22.0,4.0,0.0,1.0,0.0,0.0,,,,,,
2026-02-21,401808249,MIZ,4433285,Mark Mitchell,39.0,26.0,4.0,8.0,1.0,0.0,1.0,,,,,,
2026-02-21,401808249,MIZ,4432196,Jayden Stone,37.0,10.0,2.0,2.0,0.0,0.0,0.0,,,,,,
2026-02-21,401808249,MIZ,5169569,Trent Burns,12.0,6.0,0.0,0.0,0.0,2.0,0.0,,,,,,
2026-02-21,401808249,MIZ,5054085,Anthony Robinson II,25.0,5.0,4.0,1.0,0.0,1.0,2.0,,,,,,
2026-02-21,401808249,MIZ,4432515,Jacob Crews,8.0,1.0,0.0,0.0,0.0,0.0,0.0,,,,,,
2026-02-21,401808249,MIZ,5106269,Luke Northweather,,,,,,,,,,,,,
2026-02-21,401808249,MIZ,4684798,Jevon Porter,,,,,,,,,,,,,
2026-02-21,401808249,MIZ,5238218,Annor Boateng,,,,,,,,,,,,,
2026-02-21,401808249,MIZ,5144151,Nicholas Randall,,,,,,,,,,,,,
2026-02-21,401808249,MIZ,5041957,Aaron Rowe,,,,,,,,,,,,,
2026-02-21,401808249,MIZ,4711270,Sebastian Mack,,,,,,,,,,,,,
2026-02-21,401808249,ARK,4703887,Nick Pringle,12.0,4.0,2.0,1.0,0.0,0.0,0.0,,,,,,
2026-02-21,401808249,ARK,4698719,Trevon Brazile,32.0,12.0,5.0,6.0,0.0,1.0,1.0,,,,,,
2026-02-21,401808249,ARK,5142620,Darius Acuff Jr.,35.0,20.0,4.0,5.0,1.0,0.0,0.0,,,,,,
2026-02-21,401808249,ARK,5060732,Billy Richmond III,35.0,21.0,1.0,4.0,3.0,2.0,3.0,,,,,,
2026-02-21,401808249,ARK,5041951,Meleek Thomas,37.0,14.0,8.0,2.0,1.0,1.0,0.0,,,,,,
2026-02-21,401808249,ARK,5105546,Malique Ewin,31.0,16.0,8.0,0.0,0.0,1.0,1.0,,,,,,
2026-02-21,401808249,ARK,4683777,D.J. Wagner,18.0,7.0,1.0,2.0,0.0,0.0,0.0,,,,,,
2026-02-21,401808249,ARK,5258495,Paulo Semedo,,,,,,,,,,,,,
2026-02-21,401808249,ARK,5311500,Elmir Džafić,,,,,,,,,,,,,
2026-02-21,401808249,ARK,5281348,Karim Rtail,,,,,,,,,,,,,
2026-02-21,401808249,ARK,5238196,Ayden Kelley,,,,,,,,,,,,,
2026-02-21,401808249,ARK,5238194,Jaden Karuletwa,,,,,,,,,,,,,
2026-02-21,401808249,ARK,5144085,Amere Brown,,,,,,,,,,,,,
2026-02-21,401808249,ARK,5101797,Isaiah Sealy,,,,,,,,,,,,,
2026-02-21,401808249,ARK,4869777,Karter Knox,,,,,,,,,,,,,
2026-02-21,401820756,GT,5142356,Baye Ndongo,37.0,17.0,7.0,4.0,2.0,2.0,4.0,,,,,,
2026-02-21,401820756,GT,4683757,Kowacie Reeves Jr.,20.0,6.0,2.0,0.0,0.0,0.0,1.0,,,,,,
2026-02-21,401820756,GT,5106284,Lamar Washington,35.0,12.0,2.0,3.0,4.0,0.0,5.0,,,,,,
2026-02-21,401820756,GT,5101784,Akai Fleming,28.0,15.0,5.0,2.0,1.0,0.0,1.0,,,,,,
2026-02-21,401820756,GT,5060730,Jaeden Mustaf,29.0,12.0,1.0,1.0,1.0,0.0,3.0,,,,,,
2026-02-21,401820756,GT,5172343,Cole Kirouac,28.0,6.0,11.0,1.0,1.0,0.0,0.0,,,,,,
2026-02-21,401820756,GT,5105607,Kam Craft,7.0,0.0,0.0,0.0,0.0,0.0,1.0,,,,,,
2026-02-21,401820756,GT,4888733,Chas Kelley III,16.0,2.0,1.0,2.0,0.0,0.0,1.0,,,,,,
2026-02-21,401820756,GT,5258494,Mouhamed Sylla,,,,,,,,,,,,,
2026-02-21,401820756,GT,5061592,Peyton Marshall,,,,,,,,,,,,,
2026-02-21,401820756,GT,5311960,Davi Remagen,,,,,,,,,,,,,
2026-02-21,401820756,GT,5248298,Eric Chatfield Jr.,,,,,,,,,,,,,
2026-02-21,401820756,GT,5238167,Dyllan Thompson,,,,,,,,,,,,,
2026-02-21,401820756,GT,5144109,Brandon Stores Jr.,,,,,,,,,,,,,
2026-02-21,401820756,LOU,5311967,Sananda Fru,17.0,2.0,4.0,0.0,1.0,1.0,2.0,,,,,,
2026-02-21,401820756,LOU,5107157,Ryan Conwell,30.0,15.0,1.0,4.0,1.0,0.0,3.0,,,,,,
2026-02-21,401820756,LOU,5101761,Mikel Brown Jr.,31.0,19.0,4.0,2.0,2.0,0.0,4.0,,,,,,
2026-02-21,401820756,LOU,4712845,Isaac McKneely,23.0,14.0,2.0,0.0,1.0,0.0,2.0,,,,,,
2026-02-21,401820756,LOU,4702784,J'Vonne Hadley,27.0,17.0,5.0,3.0,2.0,0.0,1.0,,,,,,
2026-02-21,401820756,LOU,5311969,Vangelis Zougris,5.0,0.0,0.0,1.0,0.0,0.0,0.0,,,,,,
2026-02-21,401820756,LOU,4873187,Khani Rooths,16.0,3.0,2.0,0.0,0.0,0.0,2.0,,,,,,
2026-02-21,401820756,LOU,4589481,Kasean Pryor,7.0,0.0,1.0,1.0,1.0,1.0,0.0,,,,,,
2026-02-21,401820756,LOU,4702739,Aly Khalifa,17.0,4.0,3.0,3.0,1.0,0.0,2.0,,,,,,
2026-02-21,401820756,LOU,5311968,Will Hanke,1.0,0.0,0.0,0.0,0.0,0.0,0.0,,,,,,
2026-02-21,401820756,LOU,5242127,Adrian Wooley,14.0,3.0,2.0,1.0,2.0,0.0,0.0,,,,,,
2026-02-21,401820756,LOU,5174946,Kobe Rodgers,10.0,7.0,3.0,0.0,0.0,0.0,1.0,,,,,,
2026-02-21,401820756,LOU,5106779,Cole Sherman,1.0,0.0,0.0,0.0,0.0,0.0,1.0,,,,,,
2026-02-21,401820756,LOU,5105765,Spencer Legg,1.0,3.0,1.0,0.0,0.0,0.0,0.0,,,,,,
2026-02-21,401820756,LOU,5311966,Mouhamed Camara,,,,,,,,,,,,,
2026-02-21,401820756,LOU,5104203,London Johnson,,,,,,,,,,,,,
2026-02-21,401808252,ALA,5144139,London Jemison,19.0,12.0,6.0,0.0,1.0,0.0,0.0,,,,,,
2026-02-21,401808252,ALA,5101833,Amari Allen,32.0,16.0,6.0,1.0,0.0,0.0,1.0,,,,,,
2026-02-21,401808252,ALA,4873184,Aiden Sherrell,20.0,12.0,10.0,3.0,0.0,4.0,2.0,,,,,,
2026-02-21,401808252,ALA,4873090,Labaron Philon Jr.,24.0,8.0,1.0,5.0,1.0,0.0,2.0,,,,,,
2026-02-21,401808252,ALA,4684276,Aden Holloway,29.0,17.0,2.0,4.0,2.0,0.0,1.0,,,,,,
2026-02-21,401808252,ALA,4685658,Taylor Bol Bowen,15.0,4.0,1.0,0.0,0.0,0.0,1.0,,,,,,
2026-02-21,401808252,ALA,5105668,Noah Williamson,7.0,1.0,0.0,0.0,0.0,0.0,0.0,,,,,,
2026-02-21,401808252,ALA,5101656,Jalil Bethea,4.0,0.0,1.0,0.0,0.0,0.0,0.0,,,,,,
2026-02-21,401808252,ALA,4709141,Houston Mallette,22.0,6.0,4.0,0.0,0.0,0.0,0.0,,,,,,
2026-02-21,401808252,ALA,4702484,Latrell Wrightsell,28.0,14.0,3.0,0.0,1.0,0.0,0.0,,,,,,
2026-02-21,401808252,ALA,5325011,Jacob Martin,,,,,,,,,,,,,
2026-02-21,401808252,ALA,5241440,Keitenn Bristow,,,,,,,,,,,,,
2026-02-21,401808252,ALA,5311499,Collins Onyejiaka,,,,,,,,,,,,,
2026-02-21,401808252,ALA,5325014,Jack Fagan,,,,,,,,,,,,,
2026-02-21,401808252,ALA,5325013,Klark James,,,,,,,,,,,,,
2026-02-21,401808252,ALA,5101805,Davion Hannah,,,,,,,,,,,,,
2026-02-21,401808252,ALA,4433289,Preston Murphy Jr.,,,,,,,,,,,,,
2026-02-21,401808252,LSU,5107264,Marquel Sutton,35.0,21.0,6.0,2.0,0.0,0.0,2.0,,,,,,
2026-02-21,401808252,LSU,4897898,Pablo Tamba,26.0,10.0,12.0,2.0,0.0,0.0,0.0,,,,,,
2026-02-21,401808252,LSU,4895795,Mike Nwoko,24.0,5.0,11.0,2.0,0.0,0.0,3.0,,,,,,
2026-02-21,401808252,LSU,5105785,Max Mackinnon,30.0,8.0,1.0,2.0,0.0,1.0,0.0,,,,,,
2026-02-21,401808252,LSU,5101776,Jalen Reece,39.0,14.0,1.0,5.0,2.0,0.0,3.0,,,,,,
2026-02-21,401808252,LSU,5061596,Robert Miller III,9.0,0.0,3.0,1.0,1.0,3.0,2.0,,,,,,
2026-02-21,401808252,LSU,5106715,Rashad King,21.0,12.0,2.0,0.0,1.0,0.0,0.0,,,,,,
2026-02-21,401808252,LSU,4702000,PJ Carter,16.0,13.0,1.0,0.0,0.0,0.0,0.0,,,,,,
2026-02-21,401808252,LSU,5331717,Marcus Vaughn,,,,,,,,,,,,,
2026-02-21,401808252,LSU,5311511,Matt Gilhool,,,,,,,,,,,,,
2026-02-21,401808252,LSU,5105534,Jalen Reed,,,,,,,,,,,,,
2026-02-21,401808252,LSU,5311512,Ron Zipper,,,,,,,,,,,,,
2026-02-21,401808252,LSU,5239549,Jaden Bobbett,,,,,,,,,,,,,
2026-02-21,401808252,LSU,5144106,Mazi Mosley,,,,,,,,,,,,,
2026-02-21,401808252,LSU,4873093,Dedan Thomas Jr.,,,,,,,,,,,,,
2026-02-21,401827693,ISU,5079838,Blake Buchanan,19.0,6.0,3.0,0.0,0.0,0.0,2.0,,,,,,
2026-02-21,401827693,ISU,4870564,Joshua Jefferson,25.0,9.0,6.0,4.0,1.0,1.0,1.0,,,,,,
2026-02-21,401827693,ISU,4848637,Milan Momcilovic,21.0,5.0,2.0,1.0,0.0,0.0,1.0,,,,,,
2026-02-21,401827693,ISU,5248302,Killyan Toure,19.0,3.0,0.0,1.0,0.0,0.0,1.0,,,,,,
2026-02-21,401827693,ISU,5106254,Tamin Lipsey,24.0,9.0,3.0,3.0,1.0,0.0,1.0,,,,,,
2026-02-21,401827693,ISU,5281369,Dominykas Pleta,9.0,2.0,0.0,0.0,1.0,0.0,1.0,,,,,,
2026-02-21,401827693,ISU,5106790,Eric Mulder,,,,,,,,,,,,,
2026-02-21,401827693,ISU,5101856,Xzavion Mitchell,,,,,,,,,,,,,
2026-02-21,401827693,ISU,5311915,Anthony Rise,,,,,,,,,,,,,
2026-02-21,401827693,ISU,5241380,Dominick Nelson,,,,,,,,,,,,,
2026-02-21,401827693,ISU,5217196,Jamarion Batemon,10.0,8.0,0.0,0.0,0.0,0.0,0.0,,,,,,
2026-02-21,401827693,ISU,5175370,Mason Williams,,,,,,,,,,,,,
2026-02-21,401827693,ISU,5175036,Cade Kelderman,,,,,,,,,,,,,
2026-02-21,401827693,ISU,4703912,Nate Heise,18.0,3.0,4.0,0.0,0.0,0.0,1.0,,,,,,
2026-02-21,401827693,BYU,5243211,Mihailo Bošković,21.0,7.0,5.0,0.0,0.0,0.0,2.0,,,,,,
2026-02-21,401827693,BYU,5142718,AJ Dybantsa,29.0,21.0,5.0,4.0,1.0,1.0,1.0,,,,,,
2026-02-21,401827693,BYU,5105647,Keba Keita,19.0,6.0,5.0,0.0,2.0,0.0,2.0,,,,,,
2026-02-21,401827693,BYU,4685654,Kennard Davis Jr.,25.0,8.0,4.0,0.0,0.0,0.0,1.0,,,,,,
2026-02-21,401827693,BYU,5060709,Robert Wright III,29.0,6.0,0.0,2.0,2.0,0.0,0.0,,,,,,
2026-02-21,401827693,BYU,5262996,Dominique Diomande,,,,,,,,,,,,,
2026-02-21,401827693,BYU,5262601,Khadim Mboup,12.0,3.0,10.0,0.0,0.0,0.0,1.0,,,,,,
2026-02-21,401827693,BYU,5243214,Brody Kozlowski,,,,,,,,,,,,,
2026-02-21,401827693,BYU,5176299,Tyler Mrus,,,,,,,,,,,,,
2026-02-21,401827693,BYU,5183975,Abdullah Ahmed,3.0,0.0,0.0,0.0,0.0,0.0,0.0,,,,,,
2026-02-21,401827693,BYU,5143304,Xavion Staton,,,,,,,,,,,,,
2026-02-21,401827693,BYU,5329424,KJ Perry,,,,,,,,,,,,,
2026-02-21,401827693,BYU,5311908,Aleksej Kostić,5.0,0.0,0.0,0.0,0.0,0.0,0.0,,,,,,
2026-02-21,401827693,BYU,5107152,Nate Pickens,,,,,,,,,,,,,
2026-02-21,401827693,BYU,5105466,Jared McGregor,,,,,,,,,,,,,
2026-02-21,401827693,BYU,5105462,Richie Saunders,,,,,,,,,,,,,
2026-02-21,401827693,BYU,4702626,Dawson Baker,,,,,,,,,,,,,
