cx,tier,rank_score,player,team,opp,prop_label,pick_type,line,bet_direction,edge,proj,hit_rate,L5 Avg,Szn Avg,L5 Over,L5 Under,opp_def_tier,game_time,prop_norm,espn_athlete_id
CBB,A,1.37,Aday Mara,MICH,ILL,Rebounds,Goblin,3.5,OVER,3.25,6.75,1,7,6.5,5,0,Elite,02/27 08:00PM,reb,
CBB,A,1.3,Jeremy Fears,MSU,PUR,Points,Goblin,9.5,OVER,7.549999999999997,17.05,1,15.4,18.7,5,0,Elite,02/26 08:00PM,pts,
CBB,A,1.27,Rueben Chinyelu,FLA,ARK,Rebounds,Goblin,9.5,OVER,2.799999999999999,12.3,0.6499999999999999,11.6,13,3,2,Weak,02/28 08:30PM,reb,
CBB,A,1.27,Carson Cooper,MSU,PUR,Points,Goblin,4.5,OVER,5.600000000000001,10.1,0.8500000000000001,9.4,10.8,4,1,Elite,02/26 08:00PM,pts,
CBB,A,1.24,Jeremy Fears,MSU,PUR,Assists,Goblin,6.5,OVER,4.050000000000001,10.55,0.9,11.2,9.9,5,0,Elite,02/26 08:00PM,ast,
CBB,A,1.24,Xaivian Lee,FLA,ARK,Points,Goblin,9.5,OVER,3.100000000000001,12.6,0.65,14.4,10.8,4,1,Weak,02/28 08:30PM,pts,
CBB,A,1.24,Darius Acuff,ARK,FLA,Points,Goblin,19.5,OVER,8.75,28.25,0.95,30,26.5,5,0,Above Avg,02/28 08:30PM,pts,
CBB,A,1.23,Carson Cooper,MSU,PUR,Points,Goblin,5.5,OVER,4.600000000000001,10.1,0.8500000000000001,9.4,10.8,4,1,Elite,02/26 08:00PM,pts,
CBB,A,1.23,Jeremy Fears,MSU,PUR,Fantasy Score,Goblin,24.5,OVER,13.785,38.285,1,37.12,39.45,5,0,Elite,02/26 08:05PM,fantasy score,
CBB,A,1.23,Aiden Tobiason,TEM,FAU,Fantasy Score,Goblin,20,OVER,6.285,26.285,0.8500000000000001,24.76,27.81,4,1,Avg,02/26 07:05PM,fantasy score,
CBB,A,1.22,Meleek Thomas,ARK,FLA,Points,Goblin,9.5,OVER,5.850000000000001,15.35,0.8500000000000001,15.8,14.9,4,1,Above Avg,02/28 08:30PM,pts,
CBB,A,1.22,Kenyon Giles,WICH,MEM,Fantasy Score,Goblin,23.5,OVER,9.71,33.21,0.8,33.7,32.72,4,1,Avg,02/26 09:05PM,fantasy score,
CBB,A,1.19,Jordan Scott,MSU,PUR,Fantasy Score,Goblin,12,OVER,7.650000000000002,19.65,0.9,21.78,17.52,5,0,Elite,02/26 08:05PM,fantasy score,
CBB,A,1.18,Derrian Ford,TEM,FAU,Fantasy Score,Goblin,22.5,OVER,4.285,26.785,0.8,26.36,27.21,4,1,Avg,02/26 07:05PM,fantasy score,
CBB,A,1.16,Tomislav Ivisic,ILL,MICH,Rebounds,Goblin,3.5,OVER,2.9,6.4,0.8500000000000001,5.8,7,4,1,Elite,02/27 08:00PM,reb,
CBB,A,1.16,Boogie Fland,FLA,ARK,Points,Goblin,9.5,OVER,2.400000000000002,11.9,0.6,12.4,11.4,3,2,Weak,02/28 08:30PM,pts,
CBB,A,1.15,David Mirkovic,ILL,MICH,Points,Goblin,9.5,OVER,4.700000000000001,14.2,0.8500000000000001,14.4,14,4,1,Elite,02/27 08:00PM,pts,
CBB,A,1.13,Derrian Ford,TEM,FAU,Pts+Rebs+Asts,Goblin,21.5,OVER,3.099999999999998,24.6,0.8,24,25.2,4,1,Avg,02/26 07:00PM,pra,
CBB,A,1.13,Karon Boyd,WICH,MEM,Fantasy Score,Goblin,16,OVER,3.770000000000003,19.77,0.7,18.44,21.1,3,2,Avg,02/26 09:05PM,fantasy score,
CBB,A,1.13,Yaxel Lendeborg,MICH,ILL,Points,Goblin,9.5,OVER,4.550000000000001,14.05,0.8,13.8,14.3,4,1,Elite,02/27 08:00PM,pts,
CBB,A,1.13,Jordan Mason,TEM,FAU,Fantasy Score,Goblin,16,OVER,6.539999999999999,22.54,0.6,23.24,21.84,3,2,Avg,02/26 07:05PM,fantasy score,
CBB,A,1.12,Isaiah Elohim,FAU,TEM,Fantasy Score,Goblin,17,OVER,7,24,0.8,24.08,23.92,4,1,Above Avg,02/26 07:05PM,fantasy score,
CBB,A,1.1,Jaxon Kohler,MSU,PUR,Points,Goblin,5.5,OVER,3.15,8.65,0.8,8.6,8.7,4,1,Elite,02/26 08:00PM,pts,
CBB,A,1.1,Fletcher Loyer,PUR,MSU,Points,Goblin,9.5,OVER,4.800000000000001,14.3,0.8,15.4,13.2,5,0,Elite,02/26 08:00PM,pts,
CBB,A,1.1,Trevon Brazile,ARK,FLA,Rebounds,Goblin,5.5,OVER,2.699999999999999,8.2,0.8500000000000001,8,8.4,4,1,Above Avg,02/28 08:30PM,reb,
CBB,A,1.09,David Mirkovic,ILL,MICH,Points,Goblin,10.5,OVER,3.700000000000001,14.2,0.8,14.4,14,4,1,Elite,02/27 08:00PM,pts,
CBB,A,1.09,Aiden Tobiason,TEM,FAU,Pts+Rebs+Asts,Goblin,18.5,OVER,2.850000000000001,21.35,0.7,20.6,22.1,3,2,Avg,02/26 07:00PM,pra,
CBB,A,1.09,Keaton Wagler,ILL,MICH,Points,Goblin,14.5,OVER,6.149999999999999,20.65,0.75,19.4,21.9,4,1,Elite,02/27 08:00PM,pts,
CBB,A,1.08,Jeremy Fears,MSU,PUR,Points,Goblin,11.5,OVER,5.549999999999997,17.05,0.7,15.4,18.7,3,2,Elite,02/26 08:00PM,pts,
CBB,A,1.07,Derrian Ford,TEM,FAU,Points,Goblin,15.5,OVER,2.700000000000003,18.2,0.6499999999999999,17.8,18.6,3,2,Avg,02/26 07:00PM,pts,
CBB,A,1.07,Kenyon Giles,WICH,MEM,Fantasy Score,Standard,29,OVER,4.210000000000001,33.21,0.75,33.7,32.72,4,1,Avg,02/26 09:00PM,fantasy score,
CBB,A,1.07,Carson Cooper,MSU,PUR,Points,Goblin,6.5,OVER,3.600000000000001,10.1,0.6499999999999999,9.4,10.8,3,2,Elite,02/26 08:00PM,pts,
CBB,A,1.07,David Mirkovic,ILL,MICH,Pts+Rebs+Asts,Goblin,17.5,OVER,5.800000000000001,23.3,0.8500000000000001,23.4,23.2,4,1,Elite,02/27 08:00PM,pra,
CBB,A,1.07,Trey Kaufman-Renn,PUR,MSU,Fantasy Score,Goblin,24.5,OVER,5.185000000000002,29.685,0.9,32.18,27.19,5,0,Elite,02/26 08:05PM,fantasy score,
CBB,A,1.07,Keaton Wagler,ILL,MICH,Points,Goblin,15.5,OVER,5.149999999999999,20.65,0.75,19.4,21.9,4,1,Elite,02/27 08:00PM,pts,
CBB,A,1.06,Fletcher Loyer,PUR,MSU,Points,Goblin,10.5,OVER,3.800000000000001,14.3,0.8,15.4,13.2,5,0,Elite,02/26 08:00PM,pts,
CBB,A,1.06,Coen Carr,MSU,PUR,Pts+Rebs,Goblin,14.5,OVER,3.699999999999999,18.2,0.8,18.4,18,4,1,Elite,02/26 08:00PM,pr,
CBB,A,1.06,Carson Cooper,MSU,PUR,Fantasy Score,Goblin,15,OVER,8.315000000000001,23.315,0.6499999999999999,21.26,25.37,3,2,Elite,02/26 08:05PM,fantasy score,
CBB,A,1.06,Curtis Givens,MEM,WICH,Fantasy Score,Goblin,16,OVER,3.955000000000002,19.955,0.75,19.86,20.05,4,1,Above Avg,02/26 09:05PM,fantasy score,
CBB,A,1.06,Dug McDaniel,MEM,WICH,Fantasy Score,Goblin,19,OVER,4.635000000000002,23.635,0.75,23.3,23.97,4,1,Above Avg,02/26 09:05PM,fantasy score,
CBB,A,1.05,Coen Carr,MSU,PUR,Points,Goblin,8.5,OVER,4,12.5,0.6499999999999999,12.8,12.2,3,2,Elite,02/26 08:00PM,pts,
CBB,A,1.05,Isaiah Elohim,FAU,TEM,Pts+Rebs+Asts,Goblin,16.5,OVER,3.949999999999999,20.45,0.8,20.4,20.5,4,1,Above Avg,02/26 07:00PM,pra,
CBB,A,1.05,Keegan Harvey,BRY,UMBC,Points,Standard,10,OVER,5.199999999999999,15.2,0.7915,15.4,15,3,1,Elite,02/26 06:00PM,pts,
CBB,A,1.05,Isaiah Elohim,FAU,TEM,Points,Goblin,10.5,OVER,3.5,14,0.6499999999999999,13.8,14.2,3,2,Above Avg,02/26 07:00PM,pts,
CBB,A,1.05,Jeremy Fears,MSU,PUR,Pts+Rebs+Asts,Goblin,22.5,OVER,6.900000000000002,29.4,0.8,28.2,30.6,4,1,Elite,02/26 08:00PM,pra,
CBB,A,1.04,Coen Carr,MSU,PUR,Fantasy Score,Goblin,16,OVER,6.040000000000003,22.04,0.7,21.42,22.66,3,2,Elite,02/26 08:05PM,fantasy score,
CBB,A,1.04,Jaxon Kohler,MSU,PUR,Fantasy Score,Goblin,18,OVER,4.425000000000001,22.425,0.75,24.28,20.57,4,1,Elite,02/26 08:05PM,fantasy score,
CBB,A,1.04,Jeremy Fears,MSU,PUR,Fantasy Score,Standard,29.5,OVER,8.784999999999997,38.285,0.8500000000000001,37.12,39.45,4,1,Elite,02/26 08:00PM,fantasy score,
CBB,A,1.04,Andrej Stojakovic,ILL,MICH,Pts+Rebs+Asts,Goblin,12.5,OVER,6.5,19,0.7,19.6,18.4,4,1,Elite,02/27 08:00PM,pra,
CBB,A,1.03,Coen Carr,MSU,PUR,Pts+Rebs+Asts,Goblin,15.5,OVER,3.799999999999997,19.3,0.8,19.4,19.2,4,1,Elite,02/26 08:00PM,pra,
CBB,A,1.03,Aiden Tobiason,TEM,FAU,Points,Goblin,12.5,OVER,2.699999999999999,15.2,0.55,14.2,16.2,2,3,Avg,02/26 07:00PM,pts,
CBB,A,1.02,L.J. Cason,MICH,ILL,Points,Standard,7.5,OVER,3.799999999999999,11.3,0.7,13,9.6,4,1,Elite,02/27 08:00PM,pts,
CBB,A,1.02,Trey Kaufman-Renn,PUR,MSU,Pts+Rebs,Goblin,19.5,OVER,4.700000000000003,24.2,0.8,26.8,21.6,5,0,Elite,02/26 08:00PM,pr,
CBB,A,1.02,Braden Smith,PUR,MSU,Fantasy Score,Goblin,29,OVER,5.980000000000004,34.98,0.8,35.28,34.68,4,1,Elite,02/26 08:05PM,fantasy score,
CBB,A,1.01,Alex Condon,FLA,ARK,Points,Goblin,14.5,OVER,1.949999999999999,16.45,0.5,18.6,14.3,3,2,Weak,02/28 08:30PM,pts,
CBB,A,1.01,Jaxon Kohler,MSU,PUR,Rebounds,Goblin,6.5,OVER,2.75,9.25,0.85,10.4,8.1,5,0,Elite,02/26 08:00PM,reb,
CBB,A,1.01,Jordan Mason,TEM,FAU,Pts+Rebs+Asts,Goblin,15.5,OVER,2.699999999999999,18.2,0.6,18,18.4,3,2,Avg,02/26 07:00PM,pra,
CBB,A,1,Jeremy Fears,MSU,PUR,Points,Goblin,13.5,OVER,3.549999999999997,17.05,0.7,15.4,18.7,3,2,Elite,02/26 08:00PM,pts,
CBB,A,1,Andrej Stojakovic,ILL,MICH,Points,Goblin,8.5,OVER,5,13.5,0.5,14.4,12.6,3,2,Elite,02/27 08:00PM,pts,
CBB,A,0.99,Jordan Scott,MSU,PUR,Points,Goblin,7.5,OVER,2.9,10.4,0.85,11.8,9,5,0,Elite,02/26 08:00PM,pts,
CBB,A,0.99,Andrej Stojakovic,ILL,MICH,Pts+Rebs+Asts,Goblin,13.5,OVER,5.5,19,0.65,19.6,18.4,4,1,Elite,02/27 08:00PM,pra,
CBB,A,0.99,Kylan Boswell,ILL,MICH,Assists,Goblin,2.5,OVER,2.3,4.8,0.8,4.8,4.8,4,1,Elite,02/27 08:00PM,ast,
CBB,A,0.99,Tomislav Ivisic,ILL,MICH,Points,Goblin,9.5,OVER,3.15,12.65,0.8,14.2,11.1,5,0,Elite,02/27 08:00PM,pts,
CBB,A,0.98,Carson Cooper,MSU,PUR,Pts+Rebs+Asts,Goblin,14.5,OVER,4.449999999999999,18.95,0.6499999999999999,18.2,19.7,3,2,Elite,02/26 08:00PM,pra,
CBB,A,0.96,Jeremy Fears,MSU,PUR,Pts+Rebs+Asts,Goblin,23.5,OVER,5.900000000000002,29.4,0.6499999999999999,28.2,30.6,3,2,Elite,02/26 08:00PM,pra,
CBB,A,0.96,Andrej Stojakovic,ILL,MICH,Points,Goblin,9.5,OVER,4,13.5,0.5,14.4,12.6,3,2,Elite,02/27 08:00PM,pts,
CBB,B,0.95,Oscar Cluff,PUR,MSU,Fantasy Score,Goblin,13,OVER,6.015000000000001,19.015,0.55,19.68,18.35,3,2,Elite,02/26 08:05PM,fantasy score,
CBB,B,0.95,Jaxon Kohler,MSU,PUR,Pts+Rebs,Goblin,14.5,OVER,3.399999999999999,17.9,0.75,19,16.8,4,1,Elite,02/26 08:00PM,pr,
CBB,B,0.95,Trevon Brazile,ARK,FLA,Points,Standard,9.5,OVER,2.700000000000001,12.2,0.9,12.4,12,5,0,Above Avg,02/28 08:30PM,pts,
CBB,B,0.94,Darius Acuff,ARK,FLA,Points,Standard,22.5,OVER,5.75,28.25,0.55,30,26.5,3,2,Above Avg,02/28 08:30PM,pts,
CBB,B,0.93,Keaton Wagler,ILL,MICH,Pts+Rebs,Standard,21.5,OVER,3.949999999999999,25.45,0.75,24.2,26.7,4,1,Elite,02/27 08:00PM,pr,
CBB,B,0.93,David Mirkovic,ILL,MICH,Pts+Asts,Standard,13.5,OVER,3.850000000000001,17.35,0.6499999999999999,18,16.7,3,2,Elite,02/27 08:00PM,pa,
CBB,B,0.92,Kylan Boswell,ILL,MICH,Pts+Rebs+Asts,Goblin,17.5,OVER,3.5,21,0.8,21,21,4,1,Elite,02/27 08:00PM,pra,
CBB,B,0.92,Keaton Wagler,ILL,MICH,Points,Standard,16.5,OVER,4.149999999999999,20.65,0.6,19.4,21.9,3,2,Elite,02/27 08:00PM,pts,
CBB,B,0.91,Josh Odunowo,UMBC,BRY,Points,Standard,8,OVER,2.450000000000001,10.45,0.8125,11,9.9,3,0,Above Avg,02/26 06:00PM,pts,
CBB,B,0.91,Jeremy Fears,MSU,PUR,Pts+Asts,Standard,23.5,OVER,4.100000000000001,27.6,0.6499999999999999,26.6,28.6,3,2,Elite,02/26 08:00PM,pa,
CBB,B,0.91,Karon Boyd,WICH,MEM,Assists,Goblin,0.5,OVER,1.1,1.6,0.95,1.6,1.6,5,0,Avg,02/26 09:00PM,ast,
CBB,B,0.91,Carson Cooper,MSU,PUR,Fantasy Score,Standard,19.5,OVER,3.815000000000001,23.315,0.6499999999999999,21.26,25.37,3,2,Elite,02/26 08:00PM,fantasy score,
CBB,B,0.89,Tomislav Ivisic,ILL,MICH,Assists,Goblin,0.5,OVER,1.55,2.05,0.95,1.8,2.3,5,0,Elite,02/27 08:00PM,ast,
CBB,B,0.89,Jeremy Fears,MSU,PUR,Pts+Rebs+Asts,Standard,25,OVER,4.400000000000002,29.4,0.6335,28.2,30.6,3,2,Elite,02/26 08:00PM,pra,
CBB,B,0.89,Coen Carr,MSU,PUR,Points,Goblin,9.5,OVER,3,12.5,0.6499999999999999,12.8,12.2,3,2,Elite,02/26 08:00PM,pts,
CBB,B,0.88,Carson Cooper,MSU,PUR,Pts+Rebs+Asts,Goblin,15.5,OVER,3.449999999999999,18.95,0.6499999999999999,18.2,19.7,3,2,Elite,02/26 08:00PM,pra,
CBB,B,0.88,Braden Smith,PUR,MSU,Points,Goblin,11.5,OVER,3.099999999999998,14.6,0.8500000000000001,13.2,16,4,1,Elite,02/26 08:00PM,pts,
CBB,B,0.88,Kenyon Giles,WICH,MEM,Pts+Rebs,Standard,23.5,OVER,2.150000000000002,25.65,0.75,26.6,24.7,4,1,Avg,02/26 09:00PM,pr,
CBB,B,0.88,Carson Cooper,MSU,PUR,Pts+Rebs,Goblin,14.5,OVER,3.299999999999997,17.8,0.6499999999999999,17.2,18.4,3,2,Elite,02/26 08:00PM,pr,
CBB,B,0.86,Derrian Ford,TEM,FAU,Pts+Rebs+Asts,Goblin,22.5,OVER,2.099999999999998,24.6,0.6499999999999999,24,25.2,3,2,Avg,02/26 07:00PM,pra,
CBB,B,0.85,Aday Mara,MICH,ILL,Points,Goblin,8.5,OVER,2.35,10.85,0.95,10.2,11.5,5,0,Elite,02/27 08:00PM,pts,
CBB,B,0.84,Jeremy Fears,MSU,PUR,Assists,Standard,8,OVER,2.550000000000001,10.55,0.8335,11.2,9.9,4,0,Elite,02/26 08:00PM,ast,
CBB,B,0.83,Carson Cooper,MSU,PUR,Rebounds,Goblin,5.5,OVER,2.199999999999999,7.699999999999999,0.8,7.8,7.6,4,1,Elite,02/26 08:00PM,reb,
CBB,B,0.83,Coen Carr,MSU,PUR,Rebounds,Goblin,3.5,OVER,2.2,5.7,0.6499999999999999,5.6,5.8,3,2,Elite,02/26 08:00PM,reb,
CBB,B,0.8,Morez Johnson,MICH,ILL,Points,Goblin,9.5,OVER,2.399999999999999,11.9,0.8500000000000001,11.6,12.2,4,1,Elite,02/27 08:00PM,pts,
CBB,B,0.8,Alex Condon,FLA,ARK,Rebounds,Goblin,5.5,OVER,1.4,6.9,0.5,6.8,7,2,3,Weak,02/28 08:30PM,reb,
CBB,B,0.79,Jordan Mason,TEM,FAU,Points,Goblin,10.5,OVER,1.85,12.35,0.6,12.2,12.5,3,2,Avg,02/26 07:00PM,pts,
CBB,B,0.79,Meleek Thomas,ARK,FLA,Rebounds,Goblin,3.5,OVER,1.850000000000001,5.350000000000001,0.7,6.2,4.5,4,1,Above Avg,02/28 08:30PM,reb,
CBB,B,0.79,Jeremy Fears,MSU,PUR,Steals,Goblin,0.5,OVER,1.15,1.65,0.9,1.6,1.7,5,0,Elite,02/26 08:00PM,stl,
CBB,B,0.79,Julius Thedford,MEM,WICH,Rebounds,Goblin,3.5,OVER,2,5.5,0.6499999999999999,5.8,5.2,3,2,Above Avg,02/26 09:00PM,reb,
CBB,B,0.78,Aiden Tobiason,TEM,FAU,Steals,Goblin,0.5,OVER,0.75,1.25,0.8500000000000001,1,1.5,4,1,Avg,02/26 07:00PM,stl,
CBB,B,0.78,Morez Johnson,MICH,ILL,Rebounds,Goblin,5.5,OVER,2.050000000000001,7.550000000000001,0.8,7.2,7.9,4,1,Elite,02/27 08:00PM,reb,
CBB,B,0.77,David Mirkovic,ILL,MICH,Points,Standard,11.5,OVER,2.700000000000001,14.2,0.8,14.4,14,4,1,Elite,02/27 08:00PM,pts,
CBB,B,0.77,Andrej Stojakovic,ILL,MICH,Rebounds,Goblin,2.5,OVER,1.699999999999999,4.199999999999999,0.8,3.8,4.6,4,1,Elite,02/27 08:00PM,reb,
CBB,B,0.76,Carson Cooper,MSU,PUR,Points,Standard,7.5,OVER,2.600000000000001,10.1,0.6499999999999999,9.4,10.8,3,2,Elite,02/26 08:00PM,pts,
CBB,B,0.76,Dug McDaniel,MEM,WICH,Assists,Goblin,2.5,OVER,1.35,3.85,1,3.8,3.9,5,0,Above Avg,02/26 09:00PM,ast,
CBB,B,0.76,Isaiah Elohim,FAU,TEM,Rebounds,Goblin,3.5,OVER,1.75,5.25,0.75,5.4,5.1,4,1,Above Avg,02/26 07:00PM,reb,
CBB,B,0.75,Kenyon Giles,WICH,MEM,Pts+Rebs+Asts,Standard,25.5,OVER,1.75,27.25,0.75,28,26.5,4,1,Avg,02/26 09:00PM,pra,
CBB,B,0.75,Trey Kaufman-Renn,PUR,MSU,Points,Goblin,11.5,OVER,2.899999999999999,14.4,0.7,15.4,13.4,4,1,Elite,02/26 08:00PM,pts,
CBB,B,0.75,Kylan Boswell,ILL,MICH,Steals,Goblin,0.5,OVER,0.8999999999999999,1.4,1,1.4,1.4,5,0,Elite,02/27 08:00PM,stl,
CBB,B,0.74,David Mirkovic,ILL,MICH,Assists,Standard,1.5,OVER,1.65,3.15,0.75,3.6,2.7,4,1,Elite,02/27 08:00PM,ast,
CBB,B,0.74,Kenyon Giles,WICH,MEM,Points,Standard,20.5,OVER,1.600000000000001,22.1,0.75,22.6,21.6,4,1,Avg,02/26 09:00PM,pts,
CBB,B,0.74,Isaiah Elohim,FAU,TEM,Points,Goblin,11.5,OVER,2.5,14,0.6,13.8,14.2,3,2,Above Avg,02/26 07:00PM,pts,
CBB,B,0.72,Jordan Scott,MSU,PUR,Fantasy Score,Standard,17,OVER,2.650000000000002,19.65,0.85,21.78,17.52,5,0,Elite,02/26 08:00PM,fantasy score,
CBB,B,0.72,David Mirkovic,ILL,MICH,Pts+Rebs+Asts,Standard,20,OVER,3.300000000000001,23.3,0.6499999999999999,23.4,23.2,3,2,Elite,02/27 08:00PM,pra,
CBB,B,0.72,Kylan Boswell,ILL,MICH,Rebs+Asts,Standard,7.5,OVER,2.300000000000001,9.8,0.8,9.8,9.8,4,1,Elite,02/27 08:00PM,ra,
CBB,B,0.71,Andrej Stojakovic,ILL,MICH,Pts+Rebs,Standard,14.5,OVER,3.199999999999999,17.7,0.5,18.2,17.2,3,2,Elite,02/27 08:00PM,pr,
CBB,B,0.71,Jordan Scott,MSU,PUR,Pts+Rebs+Asts,Goblin,12.5,OVER,2.350000000000001,14.85,0.85,16.6,13.1,5,0,Elite,02/26 08:00PM,pra,
CBB,B,0.7,Fletcher Loyer,PUR,MSU,Pts+Rebs+Asts,Goblin,15.5,OVER,3.199999999999999,18.7,0.65,20,17.4,4,1,Elite,02/26 08:00PM,pra,
CBB,B,0.7,Curtis Givens,MEM,WICH,Points,Goblin,9.5,OVER,2.1,11.6,0.75,12,11.2,4,1,Above Avg,02/26 09:00PM,pts,
CBB,B,0.7,Fletcher Loyer,PUR,MSU,Points,Goblin,11.5,OVER,2.800000000000001,14.3,0.65,15.4,13.2,4,1,Elite,02/26 08:00PM,pts,
CBB,B,0.69,Oscar Cluff,PUR,MSU,Assists,Goblin,0.5,OVER,1.35,1.85,0.75,2,1.7,4,1,Elite,02/26 08:00PM,ast,
CBB,C,0.68,Jeremy Fears,MSU,PUR,Rebs+Asts,Standard,10,OVER,2.350000000000001,12.35,0.75,12.8,11.9,4,1,Elite,02/26 08:00PM,ra,
CBB,C,0.67,Darius Acuff,ARK,FLA,Points,Demon,24.5,OVER,3.75,28.25,0.5,30,26.5,3,2,Above Avg,02/28 08:30PM,pts,
CBB,C,0.66,Jordan Mason,TEM,FAU,Fantasy Score,Standard,21,OVER,1.539999999999999,22.54,0.6,23.24,21.84,3,2,Avg,02/26 07:00PM,fantasy score,
CBB,C,0.66,Trey Kaufman-Renn,PUR,MSU,Rebounds,Goblin,7.5,OVER,2.300000000000001,9.8,0.65,11.4,8.2,4,1,Elite,02/26 08:00PM,reb,
CBB,C,0.64,Elliot Cadeau,MICH,ILL,Points,Goblin,8.5,OVER,2.149999999999999,10.65,0.65,11.6,9.7,4,1,Elite,02/27 08:00PM,pts,
CBB,C,0.64,Kylan Boswell,ILL,MICH,Rebounds,Goblin,3.5,OVER,1.5,5,0.8,5,5,4,1,Elite,02/27 08:00PM,reb,
CBB,C,0.64,Jordan Scott,MSU,PUR,Points,Goblin,8.5,OVER,1.9,10.4,0.8,11.8,9,5,0,Elite,02/26 08:00PM,pts,
CBB,C,0.63,Braden Smith,PUR,MSU,Rebounds,Goblin,2.5,OVER,1.65,4.15,0.6499999999999999,4.4,3.9,3,2,Elite,02/26 08:00PM,reb,
CBB,C,0.63,Trey Kaufman-Renn,PUR,MSU,Pts+Rebs+Asts,Goblin,23.5,OVER,3.149999999999999,26.65,0.8,29,24.3,5,0,Elite,02/26 08:00PM,pra,
CBB,C,0.62,Julius Thedford,MEM,WICH,Steals,Goblin,0.5,OVER,0.75,1.25,0.8,1.4,1.1,4,1,Above Avg,02/26 09:00PM,stl,
CBB,C,0.62,David Mirkovic,ILL,MICH,Pts+Rebs,Standard,17.5,OVER,2.650000000000002,20.15,0.7,19.8,20.5,3,2,Elite,02/27 08:00PM,pr,
CBB,C,0.61,David Mirkovic,ILL,MICH,Rebounds,Goblin,4.5,OVER,1.45,5.95,0.8500000000000001,5.4,6.5,4,1,Elite,02/27 08:00PM,reb,
CBB,C,0.61,Kenyon Giles,WICH,MEM,Pts+Asts,Standard,22.5,OVER,1.199999999999999,23.7,0.75,24,23.4,4,1,Avg,02/26 09:00PM,pa,
CBB,C,0.6,Oscar Cluff,PUR,MSU,Pts+Rebs+Asts,Goblin,11.5,OVER,2.75,14.25,0.55,14.2,14.3,3,2,Elite,02/26 08:00PM,pra,
CBB,C,0.59,Isaiah Elohim,FAU,TEM,Fantasy Score,Standard,21.5,OVER,2.5,24,0.6,24.08,23.92,3,2,Above Avg,02/26 07:00PM,fantasy score,
CBB,C,0.58,Thomas Haugh,FLA,ARK,Rebounds,Goblin,3.5,OVER,0.9000000000000004,4.4,0.45,4,4.8,2,3,Weak,02/28 08:30PM,reb,
CBB,C,0.57,Curtis Givens,MEM,WICH,Pts+Rebs+Asts,Goblin,15.5,OVER,2.25,17.75,0.6,18.2,17.3,3,2,Above Avg,02/26 09:00PM,pra,
CBB,C,0.57,Jeremy Fears,MSU,PUR,Points,Standard,14.5,OVER,2.549999999999997,17.05,0.5,15.4,18.7,2,3,Elite,02/26 08:00PM,pts,
CBB,C,0.56,Jaxon Kohler,MSU,PUR,Rebounds,Goblin,7.5,OVER,1.75,9.25,0.65,10.4,8.1,4,1,Elite,02/26 08:00PM,reb,
CBB,C,0.56,Julius Thedford,MEM,WICH,Pts+Rebs+Asts,Goblin,14.5,OVER,2.100000000000001,16.6,0.65,17.8,15.4,4,1,Above Avg,02/26 09:00PM,pra,
CBB,C,0.56,Karon Boyd,WICH,MEM,Rebounds,Goblin,4.5,OVER,1.1,5.6,0.55,6.2,5,3,2,Avg,02/26 09:00PM,reb,
CBB,C,0.55,Aiden Tobiason,TEM,FAU,Fantasy Score,Standard,25,OVER,1.285,26.285,0.5,24.76,27.81,2,3,Avg,02/26 07:00PM,fantasy score,
CBB,C,0.55,Julius Thedford,MEM,WICH,Points,Goblin,8.5,OVER,1.649999999999999,10.15,0.7,11,9.3,4,1,Above Avg,02/26 09:00PM,pts,
CBB,C,0.54,Keaton Wagler,ILL,MICH,Steals,Goblin,0.5,OVER,0.75,1.25,0.7,1.4,1.1,4,1,Elite,02/27 08:00PM,stl,
CBB,C,0.54,Carson Cooper,MSU,PUR,Pts+Rebs,Standard,15.5,OVER,2.299999999999997,17.8,0.6499999999999999,17.2,18.4,3,2,Elite,02/26 08:00PM,pr,
CBB,C,0.54,Derrian Ford,TEM,FAU,Pts+Rebs+Asts,Standard,23.5,OVER,1.099999999999998,24.6,0.6499999999999999,24,25.2,3,2,Avg,02/26 07:00PM,pra,
CBB,C,0.53,Aiden Tobiason,TEM,FAU,Rebounds,Goblin,3.5,OVER,0.7999999999999998,4.3,0.7,4.8,3.8,4,1,Avg,02/26 07:00PM,reb,
CBB,C,0.53,Derrian Ford,TEM,FAU,Assists,Standard,1.5,OVER,0.8499999999999996,2.35,0.6,2.4,2.3,3,2,Avg,02/26 07:00PM,ast,
CBB,C,0.53,Derrian Ford,TEM,FAU,Pts+Asts,Standard,19.5,OVER,1.049999999999997,20.55,0.6499999999999999,20.2,20.9,3,2,Avg,02/26 07:00PM,pa,
CBB,C,0.52,Meleek Thomas,ARK,FLA,Points,Standard,13.5,OVER,1.850000000000001,15.35,0.6,15.8,14.9,3,2,Above Avg,02/28 08:30PM,pts,
CBB,C,0.52,Karon Boyd,WICH,MEM,Pts+Rebs+Asts,Goblin,15.5,OVER,1.25,16.75,0.5,15.8,17.7,2,3,Avg,02/26 09:00PM,pra,
CBB,C,0.5,Isaiah Elohim,FAU,TEM,Assists,Goblin,0.5,OVER,0.7,1.2,0.6499999999999999,1.2,1.2,3,2,Above Avg,02/26 07:00PM,ast,
CBB,C,0.5,Karon Boyd,WICH,MEM,Points,Goblin,8.5,OVER,1.050000000000001,9.55,0.55,8,11.1,2,3,Avg,02/26 09:00PM,pts,
CBB,C,0.49,Keaton Wagler,ILL,MICH,Rebounds,Goblin,3.5,OVER,1.3,4.8,0.6499999999999999,4.8,4.8,3,2,Elite,02/27 08:00PM,reb,
CBB,C,0.48,Carson Cooper,MSU,PUR,Assists,Goblin,0.5,OVER,0.6499999999999999,1.15,0.7,1,1.3,3,2,Elite,02/26 08:00PM,ast,
CBB,C,0.48,Yaxel Lendeborg,MICH,ILL,Rebounds,Goblin,5.5,OVER,1.4,6.9,0.6499999999999999,6.2,7.6,3,2,Elite,02/27 08:00PM,reb,
CBB,C,0.47,C.J. Cox,PUR,MSU,Assists,Goblin,0.5,OVER,0.8999999999999999,1.4,0.6,1.4,1.4,3,2,Elite,02/26 08:00PM,ast,
CBB,C,0.47,Morez Johnson,MICH,ILL,Points,Goblin,10.5,OVER,1.399999999999999,11.9,0.8500000000000001,11.6,12.2,4,1,Elite,02/27 08:00PM,pts,
CBB,C,0.47,Jordan Mason,TEM,FAU,Steals,Goblin,0.5,OVER,0.5,1,0.5,1.2,0.8,3,2,Avg,02/26 07:00PM,stl,
CBB,C,0.46,Jeremy Fears,MSU,PUR,Assists,Demon,8.5,OVER,2.050000000000001,10.55,0.7,11.2,9.9,4,1,Elite,02/26 08:00PM,ast,
CBB,C,0.46,Carson Cooper,MSU,PUR,Pts+Asts,Standard,9.5,OVER,1.75,11.25,0.6499999999999999,10.4,12.1,3,2,Elite,02/26 08:00PM,pa,
CBB,C,0.45,Andrej Stojakovic,ILL,MICH,Assists,Standard,0.5,OVER,0.8,1.3,0.6,1.4,1.2,3,2,Elite,02/27 08:00PM,ast,
CBB,C,0.44,Kylan Boswell,ILL,MICH,Points,Goblin,9.5,OVER,1.699999999999999,11.2,0.6,11.2,11.2,3,2,Elite,02/27 08:00PM,pts,
CBB,C,0.44,Coen Carr,MSU,PUR,Assists,Goblin,0.5,OVER,0.6000000000000001,1.1,0.6499999999999999,1,1.2,3,2,Elite,02/26 08:00PM,ast,
CBB,C,0.44,Aday Mara,MICH,ILL,Points,Goblin,9.5,OVER,1.35,10.85,0.8,10.2,11.5,4,1,Elite,02/27 08:00PM,pts,
CBB,C,0.44,Carson Cooper,MSU,PUR,Rebounds,Goblin,6.5,OVER,1.199999999999999,7.699999999999999,0.75,7.8,7.6,4,1,Elite,02/26 08:00PM,reb,
CBB,C,0.44,Isaiah Elohim,FAU,TEM,Pts+Rebs+Asts,Standard,18.5,OVER,1.949999999999999,20.45,0.6,20.4,20.5,3,2,Above Avg,02/26 07:00PM,pra,
CBB,C,0.44,David Mirkovic,ILL,MICH,Rebs+Asts,Standard,7.5,OVER,1.6,9.1,0.6499999999999999,9,9.2,3,2,Elite,02/27 08:00PM,ra,
CBB,C,0.44,Yaxel Lendeborg,MICH,ILL,Points,Goblin,12.5,OVER,1.550000000000001,14.05,0.75,13.8,14.3,4,1,Elite,02/27 08:00PM,pts,
CBB,C,0.44,Karon Boyd,WICH,MEM,Turnovers,Goblin,1.5,OVER,0.5499999999999998,2.05,0.8,2.4,1.7,5,0,Avg,02/26 09:00PM,tov,
CBB,C,0.43,Andrej Stojakovic,ILL,MICH,Points,Standard,11.5,OVER,2,13.5,0.5,14.4,12.6,3,2,Elite,02/27 08:00PM,pts,
CBB,C,0.43,Jordan Scott,MSU,PUR,Assists,Goblin,0.5,OVER,0.7,1.2,0.55,1.4,1,3,2,Elite,02/26 08:00PM,ast,
CBB,C,0.43,C.J. Cox,PUR,MSU,Rebounds,Goblin,1.5,OVER,0.7999999999999998,2.3,0.8,2,2.6,4,1,Elite,02/26 08:00PM,reb,
CBB,C,0.42,Aiden Tobiason,TEM,FAU,Pts+Rebs,Standard,18.5,OVER,1,19.5,0.45,19,20,2,3,Avg,02/26 07:00PM,pr,
CBB,C,0.41,Josiah Parker,FAU,TEM,Pts+Rebs,Standard,24.5,OVER,2.100000000000001,26.6,0.55,27.6,25.6,3,2,Above Avg,02/26 07:00PM,pr,
CBB,C,0.41,Trey Kaufman-Renn,PUR,MSU,Assists,Goblin,1.5,OVER,0.9500000000000002,2.45,0.6499999999999999,2.2,2.7,3,2,Elite,02/26 08:00PM,ast,
CBB,C,0.41,Josiah Parker,FAU,TEM,Fantasy Score,Standard,30.5,OVER,2.245000000000005,32.745,0.55,33.76,31.73,3,2,Above Avg,02/26 07:00PM,fantasy score,
CBB,C,0.41,Carson Cooper,MSU,PUR,Pts+Rebs+Asts,Standard,17,OVER,1.949999999999999,18.95,0.6499999999999999,18.2,19.7,3,2,Elite,02/26 08:00PM,pra,
CBB,C,0.41,Coen Carr,MSU,PUR,Rebounds,Goblin,4.5,OVER,1.2,5.7,0.6,5.6,5.8,3,2,Elite,02/26 08:00PM,reb,
CBB,C,0.41,Oscar Cluff,PUR,MSU,Rebounds,Goblin,4.5,OVER,1.449999999999999,5.949999999999999,0.55,6.4,5.5,3,2,Elite,02/26 08:00PM,reb,
CBB,C,0.4,Isaiah Elohim,FAU,TEM,Pts+Rebs,Standard,17.5,OVER,1.75,19.25,0.6,19.2,19.3,3,2,Above Avg,02/26 07:00PM,pr,
CBB,C,0.4,Jordan Mason,TEM,FAU,Pts+Asts,Standard,15,OVER,0.75,15.75,0.6,15.8,15.7,3,2,Avg,02/26 07:00PM,pa,
CBB,C,0.4,Fletcher Loyer,PUR,MSU,Rebounds,Goblin,1.5,OVER,0.8999999999999999,2.4,0.6499999999999999,2.4,2.4,3,2,Elite,02/26 08:00PM,reb,
CBB,C,0.39,Jordan Scott,MSU,PUR,Rebounds,Goblin,2.5,OVER,0.75,3.25,0.8,3.4,3.1,4,1,Elite,02/26 08:00PM,reb,
CBB,C,0.39,Aiden Tobiason,TEM,FAU,Pts+Rebs+Asts,Standard,20.5,OVER,0.8500000000000014,21.35,0.5,20.6,22.1,2,3,Avg,02/26 07:00PM,pra,
CBB,C,0.39,Julius Thedford,MEM,WICH,Rebounds,Goblin,4.5,OVER,1,5.5,0.6499999999999999,5.8,5.2,3,2,Above Avg,02/26 09:00PM,reb,
CBB,C,0.38,Curtis Givens,MEM,WICH,Assists,Goblin,2.5,OVER,0.75,3.25,0.75,3.4,3.1,4,1,Above Avg,02/26 09:00PM,ast,
CBB,C,0.38,Jaxon Kohler,MSU,PUR,Points,Goblin,7.5,OVER,1.15,8.65,0.75,8.6,8.7,4,1,Elite,02/26 08:00PM,pts,
CBB,C,0.37,Boogie Fland,FLA,ARK,Points,Standard,11.5,OVER,0.4000000000000021,11.9,0.35,12.4,11.4,2,3,Weak,02/28 08:30PM,pts,
CBB,C,0.37,Aiden Tobiason,TEM,FAU,Points,Standard,14.5,OVER,0.6999999999999993,15.2,0.55,14.2,16.2,2,3,Avg,02/26 07:00PM,pts,
CBB,C,0.37,L.J. Cason,MICH,ILL,Points,Demon,9.5,OVER,1.799999999999999,11.3,0.65,13,9.6,4,1,Elite,02/27 08:00PM,pts,
CBB,C,0.35,Coen Carr,MSU,PUR,Pts+Rebs,Standard,16.5,OVER,1.699999999999999,18.2,0.6499999999999999,18.4,18,3,2,Elite,02/26 08:00PM,pr,
CBB,C,0.35,Derrian Ford,TEM,FAU,Points,Standard,17.5,OVER,0.7000000000000028,18.2,0.5,17.8,18.6,2,3,Avg,02/26 07:00PM,pts,
CBB,C,0.35,Jordan Scott,MSU,PUR,Steals,Standard,0.5,OVER,0.4500000000000001,0.9500000000000001,0.6,1,0.9,3,2,Elite,02/26 08:00PM,stl,
CBB,C,0.34,Coen Carr,MSU,PUR,Pts+Rebs+Asts,Standard,17.5,OVER,1.799999999999997,19.3,0.6,19.4,19.2,3,2,Elite,02/26 08:00PM,pra,
CBB,C,0.33,Caden Diggs,UMBC,BRY,Points,Standard,10.5,OVER,0.9500000000000011,11.45,0.6,11.8,11.1,3,2,Above Avg,02/26 06:00PM,pts,
CBB,C,0.33,Andrej Stojakovic,ILL,MICH,Turnovers,Goblin,0.5,OVER,0.5999999999999999,1.1,0.55,1.2,1,3,2,Elite,02/27 08:00PM,tov,
CBB,C,0.32,Kylan Boswell,ILL,MICH,Assists,Demon,3.5,OVER,1.3,4.8,0.6,4.8,4.8,3,2,Elite,02/27 08:00PM,ast,
CBB,C,0.31,Jake Davis,ILL,MICH,Assists,Demon,0.5,OVER,0.6000000000000001,1.1,0.6499999999999999,1,1.2,3,2,Elite,02/27 08:00PM,ast,
CBB,C,0.31,Josiah Parker,FAU,TEM,Rebs+Asts,Standard,10.5,OVER,0.8499999999999996,11.35,0.85,12,10.7,5,0,Above Avg,02/26 07:00PM,ra,
CBB,C,0.3,Andrej Stojakovic,ILL,MICH,Rebs+Asts,Standard,4.5,OVER,1,5.5,0.6499999999999999,5.2,5.8,3,2,Elite,02/27 08:00PM,ra,
CBB,C,0.3,Derrian Ford,TEM,FAU,Rebounds,Goblin,3.5,OVER,0.5499999999999998,4.05,0.45,3.8,4.3,2,3,Avg,02/26 07:00PM,reb,
CBB,C,0.29,Derrian Ford,TEM,FAU,Rebs+Asts,Standard,6,OVER,0.4000000000000004,6.4,0.6499999999999999,6.2,6.6,3,2,Avg,02/26 07:00PM,ra,
CBB,C,0.29,Tomislav Ivisic,ILL,MICH,Rebounds,Standard,5.5,OVER,0.9000000000000004,6.4,0.7,5.8,7,3,2,Elite,02/27 08:00PM,reb,
CBB,C,0.29,Isaiah Elohim,FAU,TEM,Rebs+Asts,Standard,5.5,OVER,0.9499999999999993,6.449999999999999,0.6,6.6,6.3,3,2,Above Avg,02/26 07:00PM,ra,
CBB,C,0.29,Jeremy Fears,MSU,PUR,Fantasy Score,Demon,35.5,OVER,2.784999999999997,38.285,0.5,37.12,39.45,2,3,Elite,02/26 08:05PM,fantasy score,
CBB,C,0.29,C.J. Cox,PUR,MSU,Pts+Rebs+Asts,Goblin,8.5,OVER,1.65,10.15,0.45,9.8,10.5,2,3,Elite,02/26 08:00PM,pra,
CBB,C,0.29,Derrian Ford,TEM,FAU,Steals,Goblin,0.5,OVER,0.15,0.65,0.65,0.8,0.5,4,1,Avg,02/26 07:00PM,stl,
CBB,C,0.28,Dug McDaniel,MEM,WICH,Steals,Standard,1.5,OVER,0.5499999999999998,2.05,0.6,2,2.1,3,2,Above Avg,02/26 09:00PM,stl,
CBB,C,0.27,Jordan Scott,MSU,PUR,Points,Standard,9.5,OVER,0.9000000000000004,10.4,0.8,11.8,9,5,0,Elite,02/26 08:00PM,pts,
CBB,C,0.27,Jordan Mason,TEM,FAU,Points,Standard,12,OVER,0.3499999999999996,12.35,0.6,12.2,12.5,3,2,Avg,02/26 07:00PM,pts,
CBB,C,0.27,Dug McDaniel,MEM,WICH,Turnovers,Goblin,1.5,OVER,0.4500000000000002,1.95,0.8,1.8,2.1,4,1,Above Avg,02/26 09:00PM,tov,
CBB,C,0.26,Ty Tabales,BRY,UMBC,Points,Standard,9.5,OVER,1.378,10.878,0.522,12.2,9.556,3,2,Elite,02/26 06:00PM,pts,
CBB,C,0.26,Julius Thedford,MEM,WICH,Assists,Goblin,0.5,OVER,0.4500000000000001,0.9500000000000001,0.4,1,0.9,2,3,Above Avg,02/26 09:00PM,ast,
CBB,C,0.26,Thomas Haugh,FLA,ARK,Points,Goblin,14.5,OVER,-0.25,14.25,0.5,12.6,15.9,2,3,Weak,02/28 08:30PM,pts,
CBB,C,0.26,Jaxon Kohler,MSU,PUR,Assists,Goblin,0.5,OVER,0.3500000000000001,0.8500000000000001,0.6,0.8,0.9,3,2,Elite,02/26 08:00PM,ast,
CBB,C,0.26,Oscar Cluff,PUR,MSU,Rebs+Asts,Standard,6.5,OVER,1.300000000000001,7.800000000000001,0.55,8.4,7.2,3,2,Elite,02/26 08:00PM,ra,
CBB,C,0.26,Kanaan Carlyle,FAU,TEM,Turnovers,Goblin,1.5,OVER,0.6000000000000001,2.1,0.6125,2.2,2,3,2,Above Avg,02/26 07:00PM,tov,
CBB,C,0.25,Trey Kaufman-Renn,PUR,MSU,Points,Goblin,12.5,OVER,1.899999999999999,14.4,0.35,15.4,13.4,2,3,Elite,02/26 08:00PM,pts,
CBB,C,0.25,Jordan Scott,MSU,PUR,Pts+Asts,Standard,10.5,OVER,1.1,11.6,0.65,13.2,10,4,1,Elite,02/26 08:00PM,pa,
CBB,C,0.24,Ace Valentine,UMBC,BRY,Points,Standard,12,OVER,0.6500000000000004,12.65,0.646,12.8,12.5,2,1,Above Avg,02/26 06:00PM,pts,
CBB,C,0.23,Jaxon Kohler,MSU,PUR,Pts+Rebs+Asts,Goblin,17.5,OVER,1.25,18.75,0.7,19.8,17.7,4,1,Elite,02/26 08:00PM,pra,
CBB,C,0.22,Isaiah Elohim,FAU,TEM,Points,Standard,13,OVER,1,14,0.6,13.8,14.2,3,2,Above Avg,02/26 07:00PM,pts,
CBB,C,0.22,Aiden Tobiason,TEM,FAU,Assists,Standard,1.5,OVER,0.3500000000000001,1.85,0.45,1.6,2.1,2,3,Avg,02/26 07:00PM,ast,
CBB,C,0.21,Jah'Likai King,UMBC,BRY,Points,Standard,13,OVER,0.6499999999999986,13.65,0.5835,14.2,13.1,2,1,Above Avg,02/26 06:00PM,pts,
CBB,C,0.21,Braden Smith,PUR,MSU,Steals,Standard,1.5,OVER,0.5499999999999998,2.05,0.6,2.2,1.9,3,2,Elite,02/26 08:00PM,stl,
CBB,C,0.2,Kylan Boswell,ILL,MICH,Pts+Rebs+Asts,Standard,19.5,OVER,1.5,21,0.6,21,21,3,2,Elite,02/27 08:00PM,pra,
CBB,C,0.2,Aaron Davis,BRY,UMBC,Points,Standard,11,OVER,1.049999999999999,12.05,0.675,11.2,12.9,3,2,Elite,02/26 06:00PM,pts,
CBB,C,0.2,Carson Cooper,MSU,PUR,Rebounds,Standard,7,OVER,0.6999999999999993,7.699999999999999,0.6875,7.8,7.6,3,1,Elite,02/26 08:00PM,reb,
CBB,C,0.19,Jeremy Fears,MSU,PUR,Assists,Demon,9.5,OVER,1.050000000000001,10.55,0.65,11.2,9.9,4,1,Elite,02/26 08:00PM,ast,
CBB,C,0.19,Braden Smith,PUR,MSU,Assists,Goblin,6.5,OVER,1.100000000000001,7.600000000000001,0.5,8,7.2,3,2,Elite,02/26 08:00PM,ast,
CBB,C,0.19,Isaiah Elohim,FAU,TEM,Rebounds,Standard,4.5,OVER,0.75,5.25,0.45,5.4,5.1,2,3,Above Avg,02/26 07:00PM,reb,
CBB,C,0.18,Tomislav Ivisic,ILL,MICH,Assists,Demon,1.5,OVER,0.5499999999999998,2.05,0.6499999999999999,1.8,2.3,3,2,Elite,02/27 08:00PM,ast,
CBB,C,0.18,Curtis Givens,MEM,WICH,Rebounds,Goblin,2.5,OVER,0.3999999999999999,2.9,0.6499999999999999,2.8,3,3,2,Above Avg,02/26 09:00PM,reb,
CBB,C,0.18,Tomislav Ivisic,ILL,MICH,Rebs+Asts,Standard,7.5,OVER,0.9499999999999993,8.45,0.55,7.6,9.3,2,3,Elite,02/27 08:00PM,ra,
CBB,C,0.18,David Mirkovic,ILL,MICH,Assists,Demon,2.5,OVER,0.6500000000000004,3.15,0.65,3.6,2.7,4,1,Elite,02/27 08:00PM,ast,
CBB,C,0.18,Coen Carr,MSU,PUR,Points,Standard,11.5,OVER,1,12.5,0.6,12.8,12.2,3,2,Elite,02/26 08:00PM,pts,
CBB,C,0.17,Trey Kaufman-Renn,PUR,MSU,Pts+Rebs+Asts,Goblin,24.5,OVER,2.149999999999999,26.65,0.5,29,24.3,3,2,Elite,02/26 08:00PM,pra,
CBB,C,0.17,Coen Carr,MSU,PUR,Pts+Rebs+Asts,Standard,18,OVER,1.299999999999997,19.3,0.5780000000000001,19.4,19.2,3,2,Elite,02/26 08:00PM,pra,
CBB,C,0.17,Rueben Chinyelu,FLA,ARK,Rebounds,Demon,12.5,OVER,-0.2000000000000011,12.3,0.45,11.6,13,2,3,Weak,02/28 08:30PM,reb,
CBB,C,0.17,Kanaan Carlyle,FAU,TEM,Steals,Goblin,0.5,OVER,0.2125,0.7125,0.55,0.8,0.625,3,2,Above Avg,02/26 07:00PM,stl,
CBB,C,0.16,Karon Boyd,WICH,MEM,Rebs+Asts,Standard,7,OVER,0.2000000000000002,7.2,0.55,7.8,6.6,3,2,Avg,02/26 09:00PM,ra,
CBB,C,0.16,Trey Kaufman-Renn,PUR,MSU,Rebounds,Demon,8.5,OVER,1.300000000000001,9.8,0.5,11.4,8.2,3,2,Elite,02/26 08:00PM,reb,
CBB,C,0.16,Josiah Parker,FAU,TEM,Pts+Rebs+Asts,Standard,26.5,OVER,1.349999999999998,27.85,0.55,28.8,26.9,3,2,Above Avg,02/26 07:00PM,pra,
CBB,C,0.16,Jordan Mason,TEM,FAU,Rebs+Asts,Standard,5.5,OVER,0.3499999999999996,5.85,0.4,5.8,5.9,2,3,Avg,02/26 07:00PM,ra,
CBB,C,0.15,Oscar Cluff,PUR,MSU,Points,Goblin,5.5,OVER,0.9499999999999993,6.449999999999999,0.5,5.8,7.1,2,3,Elite,02/26 08:00PM,pts,
CBB,C,0.15,Oscar Cluff,PUR,MSU,Turnovers,Standard,0.5,OVER,0.2999999999999999,0.7999999999999999,0.65,1,0.6,4,1,Elite,02/26 08:00PM,tov,
CBB,C,0.15,Andrej Stojakovic,ILL,MICH,Rebounds,Goblin,3.5,OVER,0.6999999999999993,4.199999999999999,0.45,3.8,4.6,2,3,Elite,02/27 08:00PM,reb,
CBB,C,0.15,Jaxon Kohler,MSU,PUR,Rebounds,Standard,8.5,OVER,0.75,9.25,0.6000000000000001,10.4,8.1,4,1,Elite,02/26 08:00PM,reb,
CBB,C,0.15,Rueben Chinyelu,FLA,ARK,Points,Goblin,9.5,OVER,-0.3499999999999996,9.15,0.55,8,10.3,2,3,Weak,02/28 08:30PM,pts,
CBB,C,0.14,Kanaan Carlyle,FAU,TEM,Rebounds,Goblin,2.5,OVER,0.3374999999999999,2.8375,0.6125,2.8,2.875,3,2,Above Avg,02/26 07:00PM,reb,
CBB,C,0.14,Elliot Cadeau,MICH,ILL,Points,Standard,9.5,OVER,1.149999999999999,10.65,0.35,11.6,9.7,2,3,Elite,02/27 08:00PM,pts,
CBB,C,0.14,Andrej Stojakovic,ILL,MICH,Pts+Rebs+Asts,Demon,17.5,OVER,1.5,19,0.5,19.6,18.4,3,2,Elite,02/27 08:00PM,pra,
CBB,C,0.13,Aiden Tobiason,TEM,FAU,Rebs+Asts,Standard,6,OVER,0.1500000000000004,6.15,0.522,6.4,5.9,3,2,Avg,02/26 07:00PM,ra,
CBB,D,0.13,David Mirkovic,ILL,MICH,Rebounds,Goblin,5.5,OVER,0.4500000000000002,5.95,0.7,5.4,6.5,3,2,Elite,02/27 08:00PM,reb,
CBB,D,0.12,Carson Cooper,MSU,PUR,Blocked Shots,Standard,0.5,OVER,0.3,0.8,0.45,0.6,1,2,3,Elite,02/26 08:00PM,blk,
CBB,D,0.12,Braden Smith,PUR,MSU,Rebounds,Standard,3.5,OVER,0.6500000000000004,4.15,0.55,4.4,3.9,3,2,Elite,02/26 08:00PM,reb,
CBB,D,0.12,Braden Smith,PUR,MSU,Pts+Rebs+Asts,Goblin,24.5,OVER,1.850000000000001,26.35,0.6,25.6,27.1,3,2,Elite,02/26 08:00PM,pra,
CBB,D,0.11,Dug McDaniel,MEM,WICH,Points,Goblin,9.5,OVER,0.8000000000000007,10.3,0.45,9.8,10.8,2,3,Above Avg,02/26 09:00PM,pts,
CBB,D,0.11,Kylan Boswell,ILL,MICH,Rebounds,Standard,4.5,OVER,0.5,5,0.6,5,5,3,2,Elite,02/27 08:00PM,reb,
CBB,D,0.11,Oscar Cluff,PUR,MSU,Fantasy Score,Standard,17.5,OVER,1.515000000000001,19.015,0.5,19.68,18.35,3,2,Elite,02/26 08:00PM,fantasy score,
CBB,D,0.11,Karon Boyd,WICH,MEM,Rebounds,Standard,5.5,OVER,0.09999999999999964,5.6,0.5,6.2,5,3,2,Avg,02/26 09:00PM,reb,
CBB,D,0.11,Fletcher Loyer,PUR,MSU,Rebounds,Standard,2.5,UNDER,-0.1000000000000001,2.4,0.6,2.4,2.4,3,2,Elite,02/26 08:00PM,reb,
CBB,D,0.1,Kenyon Giles,WICH,MEM,Assists,Standard,1.5,OVER,0.1000000000000001,1.6,0.5,1.4,1.8,2,3,Avg,02/26 09:00PM,ast,
CBB,D,0.1,Oscar Cluff,PUR,MSU,Assists,Demon,1.5,OVER,0.3500000000000001,1.85,0.7,2,1.7,4,1,Elite,02/26 08:00PM,ast,
CBB,D,0.09,Kenyon Giles,WICH,MEM,Rebounds,Demon,3.5,OVER,0.04999999999999982,3.55,0.6000000000000001,4,3.1,4,1,Avg,02/26 09:00PM,reb,
CBB,D,0.09,Julius Thedford,MEM,WICH,Rebounds,Standard,5,OVER,0.5,5.5,0.5,5.8,5.2,2,2,Above Avg,02/26 09:00PM,reb,
CBB,D,0.09,Isaiah Elohim,FAU,TEM,Pts+Asts,Standard,14.5,OVER,0.7000000000000011,15.2,0.6,15,15.4,3,2,Above Avg,02/26 07:00PM,pa,
CBB,D,0.09,Trey McKenney,MICH,ILL,Points,Goblin,8.5,OVER,0.5,9,0.7,8.2,9.8,3,2,Elite,02/27 08:00PM,pts,
CBB,D,0.08,Jeremy Fears,MSU,PUR,Pts+Rebs+Asts,Demon,27.5,OVER,1.900000000000002,29.4,0.3,28.2,30.6,1,4,Elite,02/26 08:00PM,pra,
CBB,D,0.08,Meleek Thomas,ARK,FLA,Points,Demon,14.5,OVER,0.8500000000000014,15.35,0.4,15.8,14.9,2,3,Above Avg,02/28 08:30PM,pts,
CBB,D,0.08,Andrej Stojakovic,ILL,MICH,Points,Demon,12.5,OVER,1,13.5,0.5,14.4,12.6,3,2,Elite,02/27 08:00PM,pts,
CBB,D,0.07,Coen Carr,MSU,PUR,Fantasy Score,Standard,21,OVER,1.040000000000003,22.04,0.6,21.42,22.66,3,2,Elite,02/26 08:00PM,fantasy score,
CBB,D,0.06,C.J. Cox,PUR,MSU,Steals,Standard,0.5,OVER,0.15,0.65,0.6,0.6,0.7,3,2,Elite,02/26 08:00PM,stl,
CBB,D,0.06,Jaxon Kohler,MSU,PUR,Rebs+Asts,Standard,9.5,OVER,0.5999999999999996,10.1,0.6000000000000001,11.2,9,4,1,Elite,02/26 08:00PM,ra,
CBB,D,0.06,Karon Boyd,WICH,MEM,Assists,Demon,1.5,OVER,0.1000000000000001,1.6,0.45,1.6,1.6,2,3,Avg,02/26 09:00PM,ast,
CBB,D,0.06,Dug McDaniel,MEM,WICH,Rebounds,Goblin,2.5,OVER,0.3000000000000003,2.8,0.5,3,2.6,3,2,Above Avg,02/26 09:00PM,reb,
CBB,D,0.06,Karon Boyd,WICH,MEM,Steals,Goblin,0.5,OVER,0,0.5,0.5,0.6,0.4,3,2,Avg,02/26 09:00PM,stl,
CBB,D,0.05,Derrian Ford,TEM,FAU,Rebs+Asts,Demon,6.5,OVER,-0.09999999999999964,6.4,0.6499999999999999,6.2,6.6,3,2,Avg,02/26 07:00PM,ra,
CBB,D,0.05,Keaton Wagler,ILL,MICH,Rebounds,Standard,4.5,OVER,0.2999999999999998,4.8,0.6499999999999999,4.8,4.8,3,2,Elite,02/27 08:00PM,reb,
CBB,D,0.04,Jeremy Fears,MSU,PUR,Rebounds,Goblin,1.5,OVER,0.2999999999999998,1.8,0.45,1.6,2,2,3,Elite,02/26 08:00PM,reb,
CBB,D,0.04,Isaiah Elohim,FAU,TEM,Turnovers,Goblin,0.5,OVER,0.15,0.65,0.5,0.4,0.9,2,3,Above Avg,02/26 07:00PM,tov,
CBB,D,0.03,Jeremy Fears,MSU,PUR,Steals,Demon,1.5,OVER,0.1500000000000001,1.65,0.6,1.6,1.7,3,2,Elite,02/26 08:00PM,stl,
CBB,D,0.03,Dug McDaniel,MEM,WICH,Assists,Goblin,3.5,OVER,0.3499999999999996,3.85,0.45,3.8,3.9,2,3,Above Avg,02/26 09:00PM,ast,
CBB,D,0.03,Trey Kaufman-Renn,PUR,MSU,Rebs+Asts,Standard,11.5,OVER,0.75,12.25,0.7,13.6,10.9,4,1,Elite,02/26 08:00PM,ra,
CBB,D,0.02,Kylan Boswell,ILL,MICH,Assists,Demon,4.5,OVER,0.2999999999999998,4.8,0.6,4.8,4.8,3,2,Elite,02/27 08:00PM,ast,
CBB,D,0.01,Jordan Mason,TEM,FAU,Points,Standard,12.5,UNDER,-0.1500000000000004,12.35,0.6,12.2,12.5,3,2,Avg,02/26 07:00PM,pts,
CBB,D,0,Oscar Cluff,PUR,MSU,Pts+Asts,Standard,7.5,OVER,0.8000000000000007,8.3,0.4,7.8,8.8,2,3,Elite,02/26 08:00PM,pa,
CBB,D,-0.01,Jordan Mason,TEM,FAU,Pts+Rebs,Standard,15,UNDER,-0.1999999999999993,14.8,0.6,14.4,15.2,3,2,Avg,02/26 07:00PM,pr,
CBB,D,-0.01,Oscar Cluff,PUR,MSU,Blocked Shots,Standard,0.5,OVER,0.15,0.65,0.5,0.8,0.5,3,2,Elite,02/26 08:00PM,blk,
CBB,D,-0.01,Derrian Ford,TEM,FAU,Assists,Demon,2.5,OVER,-0.1500000000000004,2.35,0.55,2.4,2.3,3,2,Avg,02/26 07:00PM,ast,
CBB,D,-0.01,Coen Carr,MSU,PUR,Rebs+Asts,Standard,6.5,OVER,0.3000000000000007,6.800000000000001,0.6,6.6,7,3,2,Elite,02/26 08:00PM,ra,
CBB,D,-0.02,Fletcher Loyer,PUR,MSU,Pts+Rebs+Asts,Standard,17.5,OVER,1.199999999999999,18.7,0.5,20,17.4,3,2,Elite,02/26 08:00PM,pra,
CBB,D,-0.02,Curtis Givens,MEM,WICH,Turnovers,Demon,2.5,OVER,0.04999999999999982,2.55,0.65,3,2.1,4,1,Above Avg,02/26 09:00PM,tov,
CBB,D,-0.03,Yaxel Lendeborg,MICH,ILL,Points,Standard,13.5,OVER,0.5500000000000007,14.05,0.6,13.8,14.3,3,2,Elite,02/27 08:00PM,pts,
CBB,D,-0.04,Coen Carr,MSU,PUR,Rebounds,Standard,5.5,OVER,0.2000000000000002,5.7,0.6,5.6,5.8,3,2,Elite,02/26 08:00PM,reb,
CBB,D,-0.05,Aiden Tobiason,TEM,FAU,Rebounds,Standard,4.5,UNDER,-0.2000000000000002,4.3,0.55,4.8,3.8,3,2,Avg,02/26 07:00PM,reb,
CBB,D,-0.06,Jaxon Kohler,MSU,PUR,Points,Goblin,8.5,OVER,0.1500000000000004,8.65,0.75,8.6,8.7,4,1,Elite,02/26 08:00PM,pts,
CBB,D,-0.06,Jordan Mason,TEM,FAU,Assists,Demon,3.5,OVER,-0.1000000000000001,3.4,0.35,3.6,3.2,2,3,Avg,02/26 07:00PM,ast,
CBB,D,-0.07,Coen Carr,MSU,PUR,Turnovers,Standard,1.5,UNDER,-0.3,1.2,0.35,1.4,1,2,3,Elite,02/26 08:00PM,tov,
CBB,D,-0.07,Derrian Ford,TEM,FAU,Pts+Rebs,Standard,22.5,UNDER,-0.25,22.25,0.45,21.6,22.9,2,3,Avg,02/26 07:00PM,pr,
CBB,D,-0.07,Karon Boyd,WICH,MEM,Rebs+Asts,Demon,7.5,OVER,-0.2999999999999998,7.2,0.5,7.8,6.6,3,2,Avg,02/26 09:00PM,ra,
CBB,D,-0.07,Josiah Parker,FAU,TEM,Points,Standard,16,OVER,0.5,16.5,0.472,16.8,16.2,2,2,Above Avg,02/26 07:00PM,pts,
CBB,D,-0.07,Jaxon Kohler,MSU,PUR,Blocked Shots,Demon,0.5,OVER,0.04999999999999993,0.5499999999999999,0.4,0.6,0.5,2,3,Elite,02/26 08:00PM,blk,
CBB,D,-0.08,Jake Davis,ILL,MICH,Turnovers,Demon,0.5,OVER,0,0.5,0.5,0.6,0.4,3,2,Elite,02/27 08:00PM,tov,
CBB,D,-0.08,Aiden Tobiason,TEM,FAU,Rebs+Asts,Demon,6.5,OVER,-0.3499999999999996,6.15,0.5,6.4,5.9,3,2,Avg,02/26 07:00PM,ra,
CBB,D,-0.08,Oscar Cluff,PUR,MSU,Rebounds,Standard,5.5,OVER,0.4499999999999993,5.949999999999999,0.4,6.4,5.5,2,3,Elite,02/26 08:00PM,reb,
CBB,D,-0.09,Isaiah Elohim,FAU,TEM,Steals,Standard,0.5,OVER,0,0.5,0.45,0.4,0.6,2,3,Above Avg,02/26 07:00PM,stl,
CBB,D,-0.09,Fletcher Loyer,PUR,MSU,Points,Standard,13.5,OVER,0.8000000000000007,14.3,0.5,15.4,13.2,3,2,Elite,02/26 08:00PM,pts,
CBB,D,-0.09,Julius Thedford,MEM,WICH,Points,Standard,10.5,UNDER,-0.3500000000000014,10.15,0.65,11,9.3,4,1,Above Avg,02/26 09:00PM,pts,
CBB,D,-0.1,Carson Cooper,MSU,PUR,Rebs+Asts,Standard,8.5,OVER,0.3500000000000014,8.850000000000001,0.45,8.8,8.9,2,3,Elite,02/26 08:00PM,ra,
CBB,D,-0.1,Jordan Scott,MSU,PUR,Pts+Rebs,Standard,13.5,OVER,0.1500000000000004,13.65,0.8,15.2,12.1,5,0,Elite,02/26 08:00PM,pr,
CBB,D,-0.1,Trey McKenney,MICH,ILL,Points,Standard,9.5,UNDER,-0.5,9,0.7,8.2,9.8,3,2,Elite,02/27 08:00PM,pts,
CBB,D,-0.11,Dug McDaniel,MEM,WICH,Rebs+Asts,Standard,6.5,OVER,0.1499999999999995,6.649999999999999,0.5,6.8,6.5,3,2,Above Avg,02/26 09:00PM,ra,
CBB,D,-0.11,Jordan Scott,MSU,PUR,Pts+Rebs+Asts,Standard,14.5,OVER,0.3500000000000014,14.85,0.65,16.6,13.1,4,1,Elite,02/26 08:00PM,pra,
CBB,D,-0.12,Karon Boyd,WICH,MEM,Pts+Asts,Standard,11.5,UNDER,-0.3500000000000014,11.15,0.55,9.6,12.7,2,3,Avg,02/26 09:00PM,pa,
CBB,D,-0.12,Jaxon Kohler,MSU,PUR,Turnovers,Standard,1.5,UNDER,-0.3500000000000001,1.15,0.25,1,1.3,1,4,Elite,02/26 08:00PM,tov,
CBB,D,-0.12,C.J. Cox,PUR,MSU,Rebs+Asts,Demon,3.5,OVER,0.2000000000000002,3.7,0.4,3.4,4,2,3,Elite,02/26 08:00PM,ra,
CBB,D,-0.12,Coen Carr,MSU,PUR,3-PT Made,Standard,0.5,UNDER,-0.5,0,0,0,0,0,5,Elite,02/26 08:00PM,3pm,
CBB,D,-0.12,Nimari Burnett,MICH,ILL,Points,Standard,7.5,UNDER,-0.25,7.25,0.45,6.2,8.3,2,3,Elite,02/27 08:00PM,pts,
CBB,D,-0.12,Braden Smith,PUR,MSU,Turnovers,Demon,2.5,OVER,0.1000000000000001,2.6,0.45,2.4,2.8,2,3,Elite,02/26 08:00PM,tov,
CBB,D,-0.12,Trey Kaufman-Renn,PUR,MSU,Points,Goblin,13.5,OVER,0.8999999999999986,14.4,0.35,15.4,13.4,2,3,Elite,02/26 08:00PM,pts,
CBB,D,-0.13,Fletcher Loyer,PUR,MSU,Steals,Standard,0.5,OVER,0,0.5,0.5,0.6,0.4,3,2,Elite,02/26 08:00PM,stl,
CBB,D,-0.13,Julius Thedford,MEM,WICH,Pts+Asts,Standard,11.5,UNDER,-0.4000000000000021,11.1,0.65,12,10.2,4,1,Above Avg,02/26 09:00PM,pa,
CBB,D,-0.13,Oscar Cluff,PUR,MSU,Points,Standard,6.5,UNDER,-0.05000000000000071,6.449999999999999,0.25,5.8,7.1,1,4,Elite,02/26 08:00PM,pts,
CBB,D,-0.13,Julius Thedford,MEM,WICH,3-PT Made,Standard,0.5,UNDER,-0.5,0,0,0,0,0,5,Above Avg,02/26 09:00PM,3pm,
CBB,D,-0.14,Kanaan Carlyle,FAU,TEM,Points,Goblin,10.5,OVER,0.1375000000000011,10.6375,0.55,10.4,10.875,3,2,Above Avg,02/26 07:00PM,pts,
CBB,D,-0.14,Aiden Tobiason,TEM,FAU,Steals,Demon,1.5,OVER,-0.25,1.25,0.3,1,1.5,1,4,Avg,02/26 07:00PM,stl,
CBB,D,-0.15,Rueben Chinyelu,FLA,ARK,Rebounds,Demon,13.5,OVER,-1.200000000000001,12.3,0.45,11.6,13,2,3,Weak,02/28 08:30PM,reb,
CBB,D,-0.15,Meleek Thomas,ARK,FLA,Rebounds,Demon,5.5,OVER,-0.1499999999999995,5.350000000000001,0.45,6.2,4.5,3,2,Above Avg,02/28 08:30PM,reb,
CBB,D,-0.15,Carson Cooper,MSU,PUR,Pts+Rebs+Asts,Demon,18.5,OVER,0.4499999999999993,18.95,0.5,18.2,19.7,2,3,Elite,02/26 08:00PM,pra,
CBB,D,-0.15,Dug McDaniel,MEM,WICH,Assists,Standard,4,UNDER,-0.1500000000000004,3.85,0.268,3.8,3.9,1,3,Above Avg,02/26 09:00PM,ast,
CBB,D,-0.16,Oscar Cluff,PUR,MSU,Pts+Rebs+Asts,Standard,13.5,OVER,0.75,14.25,0.4,14.2,14.3,2,3,Elite,02/26 08:00PM,pra,
CBB,D,-0.16,Trey Kaufman-Renn,PUR,MSU,Assists,Demon,2.5,OVER,-0.04999999999999982,2.45,0.5,2.2,2.7,2,3,Elite,02/26 08:00PM,ast,
CBB,D,-0.17,Kylan Boswell,ILL,MICH,Steals,Demon,1.5,OVER,-0.1000000000000001,1.4,0.4,1.4,1.4,2,3,Elite,02/27 08:00PM,stl,
CBB,D,-0.17,Julius Thedford,MEM,WICH,Rebounds,Demon,5.5,OVER,0,5.5,0.35,5.8,5.2,2,3,Above Avg,02/26 09:00PM,reb,
CBB,D,-0.18,Coen Carr,MSU,PUR,Points,Demon,12.5,OVER,0,12.5,0.6,12.8,12.2,3,2,Elite,02/26 08:00PM,pts,
CBB,D,-0.18,Jeremy Fears,MSU,PUR,Assists,Demon,10.5,OVER,0.05000000000000071,10.55,0.5,11.2,9.9,3,2,Elite,02/26 08:00PM,ast,
CBB,D,-0.18,Julius Thedford,MEM,WICH,Turnovers,Demon,1.5,OVER,-0.09999999999999987,1.4,0.3,1.6,1.2,2,3,Above Avg,02/26 09:00PM,tov,
CBB,D,-0.18,Jordan Mason,TEM,FAU,Pts+Rebs,Standard,15.5,UNDER,-0.6999999999999993,14.8,0.6,14.4,15.2,3,2,Avg,02/26 07:00PM,pr,
CBB,D,-0.18,Derrian Ford,TEM,FAU,Fantasy Score,Standard,27.5,UNDER,-0.7149999999999999,26.785,0.6,26.36,27.21,3,2,Avg,02/26 07:00PM,fantasy score,
CBB,D,-0.18,Kylan Boswell,ILL,MICH,Pts+Rebs,Standard,16.5,UNDER,-0.3000000000000007,16.2,0.6,16.2,16.2,3,2,Elite,02/27 08:00PM,pr,
CBB,D,-0.19,Tomislav Ivisic,ILL,MICH,Turnovers,Demon,1.5,OVER,-0.25,1.25,0.5,1.2,1.3,3,2,Elite,02/27 08:00PM,tov,
CBB,D,-0.2,C.J. Cox,PUR,MSU,Turnovers,Demon,0.5,OVER,-0.04999999999999999,0.45,0.3,0.6,0.3,2,3,Elite,02/26 08:00PM,tov,
CBB,D,-0.2,Aiden Tobiason,TEM,FAU,Turnovers,Standard,1.5,UNDER,-0.3,1.2,0.25,1.2,1.2,1,4,Avg,02/26 07:00PM,tov,
CBB,D,-0.2,Curtis Givens,MEM,WICH,Pts+Asts,Standard,14.5,OVER,0.3500000000000014,14.85,0.35,15.4,14.3,2,3,Above Avg,02/26 09:00PM,pa,
CBB,D,-0.2,C.J. Cox,PUR,MSU,Assists,Demon,1.5,OVER,-0.1000000000000001,1.4,0.4,1.4,1.4,2,3,Elite,02/26 08:00PM,ast,
CBB,D,-0.2,Isaiah Elohim,FAU,TEM,Rebounds,Demon,5.5,OVER,-0.25,5.25,0.45,5.4,5.1,2,3,Above Avg,02/26 07:00PM,reb,
CBB,D,-0.21,Curtis Givens,MEM,WICH,Pts+Rebs+Asts,Standard,17.5,OVER,0.25,17.75,0.5,18.2,17.3,3,2,Above Avg,02/26 09:00PM,pra,
CBB,D,-0.21,Jordan Scott,MSU,PUR,Assists,Demon,1.5,OVER,-0.3,1.2,0.5,1.4,1,3,2,Elite,02/26 08:00PM,ast,
CBB,D,-0.21,Derrian Ford,TEM,FAU,Rebounds,Standard,4.5,UNDER,-0.4500000000000002,4.05,0.4,3.8,4.3,2,3,Avg,02/26 07:00PM,reb,
CBB,D,-0.21,Josiah Parker,FAU,TEM,Pts+Asts,Standard,17.5,OVER,0.25,17.75,0.45,18,17.5,2,3,Above Avg,02/26 07:00PM,pa,
CBB,D,-0.21,C.J. Cox,PUR,MSU,Pts+Rebs+Asts,Standard,10.5,UNDER,-0.3499999999999996,10.15,0.4,9.8,10.5,2,3,Elite,02/26 08:00PM,pra,
CBB,D,-0.21,Aday Mara,MICH,ILL,Points,Standard,10.5,OVER,0.3499999999999996,10.85,0.3,10.2,11.5,1,4,Elite,02/27 08:00PM,pts,
CBB,D,-0.21,Jaxon Kohler,MSU,PUR,Pts+Rebs+Asts,Goblin,18.5,OVER,0.25,18.75,0.65,19.8,17.7,4,1,Elite,02/26 08:00PM,pra,
CBB,D,-0.22,Julius Thedford,MEM,WICH,Pts+Rebs,Standard,15.5,OVER,0.1500000000000004,15.65,0.5,16.8,14.5,3,2,Above Avg,02/26 09:00PM,pr,
CBB,D,-0.22,Aiden Tobiason,TEM,FAU,Assists,Demon,2.5,OVER,-0.6499999999999999,1.85,0.45,1.6,2.1,2,3,Avg,02/26 07:00PM,ast,
CBB,D,-0.22,Dug McDaniel,MEM,WICH,Pts+Rebs+Asts,Goblin,16.5,OVER,0.4500000000000028,16.95,0.3,16.6,17.3,1,4,Above Avg,02/26 09:00PM,pra,
CBB,D,-0.22,Jordan Mason,TEM,FAU,Steals,Demon,1.5,OVER,-0.5,1,0.35,1.2,0.8,2,3,Avg,02/26 07:00PM,stl,
CBB,D,-0.22,Trey Kaufman-Renn,PUR,MSU,Pts+Rebs+Asts,Standard,25.5,OVER,1.149999999999999,26.65,0.5,29,24.3,3,2,Elite,02/26 08:00PM,pra,
CBB,D,-0.22,David Mirkovic,ILL,MICH,Steals,Demon,0.5,OVER,-0.15,0.35,0.35,0.4,0.3,2,3,Elite,02/27 08:00PM,stl,
CBB,D,-0.23,Derrian Ford,TEM,FAU,Turnovers,Demon,2.5,OVER,-0.5999999999999999,1.9,0.35,2,1.8,2,3,Avg,02/26 07:00PM,tov,
CBB,D,-0.23,Keaton Wagler,ILL,MICH,Steals,Demon,1.5,OVER,-0.25,1.25,0.4,1.4,1.1,2,3,Elite,02/27 08:00PM,stl,
CBB,D,-0.23,Jordan Mason,TEM,FAU,3-PT Made,Standard,0.5,UNDER,-0.5,0,0,0,0,0,5,Avg,02/26 07:00PM,3pm,
CBB,D,-0.23,Andrej Stojakovic,ILL,MICH,Assists,Demon,1.5,OVER,-0.2,1.3,0.35,1.4,1.2,2,3,Elite,02/27 08:00PM,ast,
CBB,D,-0.23,Curtis Givens,MEM,WICH,Assists,Demon,3.5,OVER,-0.25,3.25,0.35,3.4,3.1,2,3,Above Avg,02/26 09:00PM,ast,
CBB,D,-0.24,Kylan Boswell,ILL,MICH,Turnovers,Demon,1.5,OVER,-0.3,1.2,0.4,1.2,1.2,2,3,Elite,02/27 08:00PM,tov,
CBB,D,-0.24,Curtis Givens,MEM,WICH,Pts+Rebs,Standard,14.5,OVER,0,14.5,0.55,14.8,14.2,3,2,Above Avg,02/26 09:00PM,pr,
CBB,D,-0.24,Curtis Givens,MEM,WICH,Fantasy Score,Standard,20,UNDER,-0.04499999999999815,19.955,0.4,19.86,20.05,2,3,Above Avg,02/26 09:00PM,fantasy score,
CBB,D,-0.24,Curtis Givens,MEM,WICH,Points,Standard,11.5,OVER,0.09999999999999964,11.6,0.4,12,11.2,2,3,Above Avg,02/26 09:00PM,pts,
CBB,D,-0.24,Karon Boyd,WICH,MEM,Rebounds,Demon,6.5,OVER,-0.9000000000000004,5.6,0.5,6.2,5,3,2,Avg,02/26 09:00PM,reb,
CBB,D,-0.24,Julius Thedford,MEM,WICH,Steals,Demon,1.5,OVER,-0.25,1.25,0.3,1.4,1.1,2,3,Above Avg,02/26 09:00PM,stl,
CBB,D,-0.24,Trey Kaufman-Renn,PUR,MSU,Points,Standard,14.5,UNDER,-0.1000000000000014,14.4,0.35,15.4,13.4,2,3,Elite,02/26 08:00PM,pts,
CBB,D,-0.25,Julius Thedford,MEM,WICH,Pts+Rebs+Asts,Standard,16.5,OVER,0.1000000000000014,16.6,0.5,17.8,15.4,3,2,Above Avg,02/26 09:00PM,pra,
CBB,D,-0.25,Curtis Givens,MEM,WICH,Rebounds,Demon,3.5,OVER,-0.6000000000000001,2.9,0.6,2.8,3,3,2,Above Avg,02/26 09:00PM,reb,
CBB,D,-0.25,Alex Condon,FLA,ARK,Points,Standard,17.5,UNDER,-1.050000000000001,16.45,0.5,18.6,14.3,3,2,Weak,02/28 08:30PM,pts,
CBB,D,-0.25,Kanaan Carlyle,FAU,TEM,Rebs+Asts,Standard,6.5,UNDER,-0.7000000000000002,5.8,0.45,5.6,6,2,3,Above Avg,02/26 07:00PM,ra,
CBB,D,-0.25,Jordan Mason,TEM,FAU,Pts+Rebs+Asts,Demon,19.5,OVER,-1.300000000000001,18.2,0.6,18,18.4,3,2,Avg,02/26 07:00PM,pra,
CBB,D,-0.25,Keaton Wagler,ILL,MICH,Turnovers,Demon,2.5,OVER,-0.3000000000000003,2.2,0.35,2.4,2,2,3,Elite,02/27 08:00PM,tov,
CBB,D,-0.25,Jordan Scott,MSU,PUR,Rebounds,Goblin,3.5,OVER,-0.25,3.25,0.55,3.4,3.1,3,2,Elite,02/26 08:00PM,reb,
CBB,D,-0.25,David Mirkovic,ILL,MICH,Assists,Demon,3.5,OVER,-0.3499999999999996,3.15,0.45,3.6,2.7,3,2,Elite,02/27 08:00PM,ast,
CBB,D,-0.25,DJ Armstrong,UMBC,BRY,Points,Standard,12.5,UNDER,-0.5,12,0.4,11.8,12.2,2,3,Above Avg,02/26 06:00PM,pts,
CBB,D,-0.25,Isaiah Elohim,FAU,TEM,Pts+Rebs+Asts,Demon,20.5,OVER,-0.05000000000000071,20.45,0.45,20.4,20.5,2,3,Above Avg,02/26 07:00PM,pra,
CBB,D,-0.25,Braden Smith,PUR,MSU,Assists,Standard,7.5,OVER,0.1000000000000005,7.600000000000001,0.5,8,7.2,3,2,Elite,02/26 08:00PM,ast,
CBB,D,-0.26,Aiden Tobiason,TEM,FAU,Pts+Rebs+Asts,Demon,22.5,OVER,-1.149999999999999,21.35,0.45,20.6,22.1,2,3,Avg,02/26 07:00PM,pra,
CBB,D,-0.26,Karon Boyd,WICH,MEM,Pts+Rebs+Asts,Standard,17.5,UNDER,-0.75,16.75,0.45,15.8,17.7,2,3,Avg,02/26 09:00PM,pra,
CBB,D,-0.26,C.J. Cox,PUR,MSU,Rebounds,Demon,2.5,OVER,-0.2000000000000002,2.3,0.35,2,2.6,1,4,Elite,02/26 08:00PM,reb,
CBB,D,-0.27,Alex Condon,FLA,ARK,Rebounds,Standard,7.5,UNDER,-0.5999999999999996,6.9,0.4,6.8,7,2,3,Weak,02/28 08:30PM,reb,
CBB,D,-0.27,Jaxon Kohler,MSU,PUR,Rebounds,Demon,9.5,OVER,-0.25,9.25,0.45,10.4,8.1,3,2,Elite,02/26 08:00PM,reb,
CBB,D,-0.27,Dug McDaniel,MEM,WICH,Steals,Demon,2.5,OVER,-0.4500000000000002,2.05,0.4,2,2.1,2,3,Above Avg,02/26 09:00PM,stl,
CBB,D,-0.27,Trey Kaufman-Renn,PUR,MSU,Pts+Rebs,Standard,23.5,OVER,0.7000000000000028,24.2,0.65,26.8,21.6,4,1,Elite,02/26 08:00PM,pr,
CBB,D,-0.28,Isaiah Elohim,FAU,TEM,Assists,Demon,1.5,OVER,-0.3,1.2,0.25,1.2,1.2,1,4,Above Avg,02/26 07:00PM,ast,
CBB,D,-0.28,Karon Boyd,WICH,MEM,Fantasy Score,Standard,20.5,UNDER,-0.7299999999999969,19.77,0.45,18.44,21.1,2,3,Avg,02/26 09:00PM,fantasy score,
CBB,D,-0.28,Coen Carr,MSU,PUR,Assists,Demon,1.5,OVER,-0.3999999999999999,1.1,0.4,1,1.2,2,3,Elite,02/26 08:00PM,ast,
CBB,D,-0.29,Kenyon Giles,WICH,MEM,Fantasy Score,Demon,34.5,OVER,-1.289999999999999,33.21,0.4,33.7,32.72,2,3,Avg,02/26 09:05PM,fantasy score,
CBB,D,-0.3,Andrej Stojakovic,ILL,MICH,Rebounds,Demon,4.5,OVER,-0.3000000000000007,4.199999999999999,0.3,3.8,4.6,1,4,Elite,02/27 08:00PM,reb,
CBB,D,-0.3,Coen Carr,MSU,PUR,Pts+Rebs+Asts,Demon,19.5,OVER,-0.2000000000000028,19.3,0.55,19.4,19.2,3,2,Elite,02/26 08:00PM,pra,
CBB,D,-0.3,C.J. Cox,PUR,MSU,Pts+Asts,Standard,8.5,UNDER,-0.6500000000000004,7.85,0.35,7.8,7.9,2,3,Elite,02/26 08:00PM,pa,
CBB,D,-0.31,C.J. Cox,PUR,MSU,Pts+Rebs,Standard,9.5,UNDER,-0.75,8.75,0.4,8.4,9.1,2,3,Elite,02/26 08:00PM,pr,
CBB,D,-0.31,Derrian Ford,TEM,FAU,Points,Demon,19.5,OVER,-1.299999999999997,18.2,0.45,17.8,18.6,2,3,Avg,02/26 07:00PM,pts,
CBB,D,-0.31,Carson Cooper,MSU,PUR,Points,Demon,10.5,OVER,-0.3999999999999986,10.1,0.45,9.4,10.8,2,3,Elite,02/26 08:00PM,pts,
CBB,D,-0.31,Tomislav Ivisic,ILL,MICH,Assists,Demon,2.5,OVER,-0.4500000000000002,2.05,0.35,1.8,2.3,1,4,Elite,02/27 08:00PM,ast,
CBB,D,-0.32,Carson Cooper,MSU,PUR,Assists,Demon,1.5,OVER,-0.3500000000000001,1.15,0.25,1,1.3,1,4,Elite,02/26 08:00PM,ast,
CBB,D,-0.32,Karon Boyd,WICH,MEM,Points,Standard,10.5,UNDER,-0.9499999999999993,9.55,0.5,8,11.1,2,3,Avg,02/26 09:00PM,pts,
CBB,D,-0.32,Jake Davis,ILL,MICH,Assists,Demon,1.5,OVER,-0.3999999999999999,1.1,0.3,1,1.2,1,4,Elite,02/27 08:00PM,ast,
CBB,D,-0.32,Keaton Wagler,ILL,MICH,Rebounds,Demon,5.5,OVER,-0.7000000000000002,4.8,0.55,4.8,4.8,3,2,Elite,02/27 08:00PM,reb,
CBB,D,-0.33,Kylan Boswell,ILL,MICH,Rebounds,Demon,5.5,OVER,-0.5,5,0.4,5,5,2,3,Elite,02/27 08:00PM,reb,
CBB,D,-0.33,Braden Smith,PUR,MSU,Rebounds,Demon,4.5,OVER,-0.3499999999999996,4.15,0.35,4.4,3.9,2,3,Elite,02/26 08:00PM,reb,
CBB,D,-0.33,Morez Johnson,MICH,ILL,Points,Standard,12.5,UNDER,-0.6000000000000014,11.9,0.35,11.6,12.2,2,3,Elite,02/27 08:00PM,pts,
CBB,D,-0.33,Aiden Tobiason,TEM,FAU,Points,Demon,16.5,OVER,-1.300000000000001,15.2,0.4,14.2,16.2,2,3,Avg,02/26 07:00PM,pts,
CBB,D,-0.33,Timofei Rudovskii,BRY,UMBC,Points,Standard,11.5,OVER,0,11.5,0.45,10.2,12.8,2,3,Elite,02/26 06:00PM,pts,
CBB,D,-0.34,Jaxon Kohler,MSU,PUR,Fantasy Score,Standard,22.5,UNDER,-0.07499999999999929,22.425,0.3,24.28,20.57,2,3,Elite,02/26 08:00PM,fantasy score,
CBB,D,-0.35,Braden Smith,PUR,MSU,Rebs+Asts,Standard,11.5,OVER,0.25,11.75,0.35,12.4,11.1,2,3,Elite,02/26 08:00PM,ra,
CBB,D,-0.35,Jordan Scott,MSU,PUR,Steals,Demon,1.5,OVER,-0.5499999999999999,0.9500000000000001,0.35,1,0.9,2,3,Elite,02/26 08:00PM,stl,
CBB,D,-0.35,C.J. Cox,PUR,MSU,Points,Standard,7.5,UNDER,-1.05,6.45,0.4,6.4,6.5,2,3,Elite,02/26 08:00PM,pts,
CBB,D,-0.35,David Mirkovic,ILL,MICH,Points,Demon,14.5,OVER,-0.2999999999999989,14.2,0.4,14.4,14,2,3,Elite,02/27 08:00PM,pts,
CBB,D,-0.36,C.J. Cox,PUR,MSU,Points,Goblin,6.5,OVER,-0.04999999999999982,6.45,0.4,6.4,6.5,2,3,Elite,02/26 08:00PM,pts,
CBB,D,-0.36,Jordan Mason,TEM,FAU,Assists,Demon,4.5,OVER,-1.1,3.4,0.35,3.6,3.2,2,3,Avg,02/26 07:00PM,ast,
CBB,D,-0.36,Alex Condon,FLA,ARK,3-PT Made,Demon,0.5,OVER,-0.5,0,0,0,0,0,5,Weak,02/28 08:30PM,3pm,
CBB,D,-0.36,Fletcher Loyer,PUR,MSU,Assists,Demon,2.5,OVER,-0.5,2,0.35,2.2,1.8,2,3,Elite,02/26 08:00PM,ast,
CBB,D,-0.36,Xaivian Lee,FLA,ARK,Points,Demon,14.5,OVER,-1.899999999999999,12.6,0.3,14.4,10.8,2,3,Weak,02/28 08:30PM,pts,
CBB,D,-0.36,David Mirkovic,ILL,MICH,Rebounds,Demon,6.5,OVER,-0.5499999999999998,5.95,0.35,5.4,6.5,1,4,Elite,02/27 08:00PM,reb,
CBB,D,-0.37,Braden Smith,PUR,MSU,3-PT Made,Standard,1.5,UNDER,-1.5,0,0,0,0,0,5,Elite,02/26 08:00PM,3pm,
CBB,D,-0.37,Braden Smith,PUR,MSU,Pts+Rebs+Asts,Goblin,25.5,OVER,0.8500000000000014,26.35,0.45,25.6,27.1,2,3,Elite,02/26 08:00PM,pra,
CBB,D,-0.37,Jeremy Fears,MSU,PUR,Turnovers,Demon,2.5,OVER,-0.6499999999999999,1.85,0.25,1.8,1.9,1,4,Elite,02/26 08:00PM,tov,
CBB,D,-0.38,Fletcher Loyer,PUR,MSU,Pts+Rebs,Standard,16.5,OVER,0.1999999999999993,16.7,0.5,17.8,15.6,3,2,Elite,02/26 08:00PM,pr,
CBB,D,-0.38,Kylan Boswell,ILL,MICH,Assists,Demon,5.5,OVER,-0.7000000000000002,4.8,0.4,4.8,4.8,2,3,Elite,02/27 08:00PM,ast,
CBB,D,-0.38,Kylan Boswell,ILL,MICH,Pts+Rebs+Asts,Demon,21.5,OVER,-0.5,21,0.6,21,21,3,2,Elite,02/27 08:00PM,pra,
CBB,D,-0.38,Coen Carr,MSU,PUR,Rebounds,Demon,6.5,OVER,-0.7999999999999998,5.7,0.45,5.6,5.8,2,3,Elite,02/26 08:00PM,reb,
CBB,D,-0.38,Derrian Ford,TEM,FAU,Assists,Demon,3.5,OVER,-1.15,2.35,0.35,2.4,2.3,2,3,Avg,02/26 07:00PM,ast,
CBB,D,-0.38,Jaxon Kohler,MSU,PUR,Points,Standard,9.5,UNDER,-0.8499999999999996,8.65,0.3,8.6,8.7,1,4,Elite,02/26 08:00PM,pts,
CBB,D,-0.39,Jordan Scott,MSU,PUR,Turnovers,Demon,1.5,OVER,-0.7000000000000001,0.7999999999999999,0.3,1,0.6,2,3,Elite,02/26 08:00PM,tov,
CBB,D,-0.39,Karon Boyd,WICH,MEM,Assists,Demon,2.5,OVER,-0.8999999999999999,1.6,0.2,1.6,1.6,1,4,Avg,02/26 09:00PM,ast,
CBB,D,-0.39,Julius Thedford,MEM,WICH,Assists,Demon,1.5,OVER,-0.5499999999999999,0.9500000000000001,0.2,1,0.9,1,4,Above Avg,02/26 09:00PM,ast,
CBB,D,-0.39,David Mirkovic,ILL,MICH,3-PT Made,Standard,1.5,UNDER,-1.5,0,0,0,0,0,5,Elite,02/27 08:00PM,3pm,
CBB,D,-0.39,Aiden Tobiason,TEM,FAU,Rebounds,Demon,5.5,OVER,-1.2,4.3,0.3,4.8,3.8,2,3,Avg,02/26 07:00PM,reb,
CBB,D,-0.4,Andrej Stojakovic,ILL,MICH,Pts+Rebs+Asts,Demon,19.5,OVER,-0.5,19,0.5,19.6,18.4,3,2,Elite,02/27 08:00PM,pra,
CBB,D,-0.4,Trey Kaufman-Renn,PUR,MSU,Pts+Asts,Standard,16.5,OVER,0.3500000000000014,16.85,0.35,17.6,16.1,2,3,Elite,02/26 08:00PM,pa,
CBB,D,-0.4,Jaxon Kohler,MSU,PUR,3-PT Made,Standard,1.5,UNDER,-1.5,0,0,0,0,0,5,Elite,02/26 08:00PM,3pm,
CBB,D,-0.4,Jordan Scott,MSU,PUR,3-PT Made,Standard,1.5,UNDER,-1.5,0,0,0,0,0,5,Elite,02/26 08:00PM,3pm,
CBB,D,-0.4,Kur Teng,MSU,PUR,3-PT Made,Standard,1.5,UNDER,-1.5,0,0,0,0,0,5,Elite,02/26 08:00PM,3pm,
CBB,D,-0.4,Oscar Cluff,PUR,MSU,Assists,Demon,2.5,OVER,-0.6499999999999999,1.85,0.35,2,1.7,2,3,Elite,02/26 08:00PM,ast,
CBB,D,-0.4,Dug McDaniel,MEM,WICH,Assists,Demon,4.5,OVER,-0.6500000000000004,3.85,0.2,3.8,3.9,1,4,Above Avg,02/26 09:00PM,ast,
CBB,D,-0.41,Dug McDaniel,MEM,WICH,Points,Goblin,10.5,OVER,-0.1999999999999993,10.3,0.3,9.8,10.8,1,4,Above Avg,02/26 09:00PM,pts,
CBB,D,-0.42,Derrian Ford,TEM,FAU,Pts+Rebs+Asts,Demon,26.5,OVER,-1.900000000000002,24.6,0.45,24,25.2,2,3,Avg,02/26 07:00PM,pra,
CBB,D,-0.42,Jeremy Fears,MSU,PUR,Rebounds,Demon,2.5,OVER,-0.7000000000000002,1.8,0.25,1.6,2,1,4,Elite,02/26 08:00PM,reb,
CBB,D,-0.42,Jaxon Kohler,MSU,PUR,Assists,Demon,1.5,OVER,-0.6499999999999999,0.8500000000000001,0.25,0.8,0.9,1,4,Elite,02/26 08:00PM,ast,
CBB,D,-0.42,Oscar Cluff,PUR,MSU,Rebounds,Demon,6.5,OVER,-0.5500000000000007,5.949999999999999,0.3,6.4,5.5,2,3,Elite,02/26 08:00PM,reb,
CBB,D,-0.43,Braden Smith,PUR,MSU,Points,Goblin,14.5,OVER,0.09999999999999787,14.6,0.45,13.2,16,2,3,Elite,02/26 08:00PM,pts,
CBB,D,-0.43,Carson Cooper,MSU,PUR,Blocked Shots,Demon,1.5,OVER,-0.7,0.8,0.25,0.6,1,1,4,Elite,02/26 08:00PM,blk,
CBB,D,-0.43,Aday Mara,MICH,ILL,Rebounds,Demon,7.5,OVER,-0.75,6.75,0.3,7,6.5,2,3,Elite,02/27 08:00PM,reb,
CBB,D,-0.44,Jeremy Fears,MSU,PUR,Points,Demon,17.5,OVER,-0.4500000000000028,17.05,0.3,15.4,18.7,1,4,Elite,02/26 08:00PM,pts,
CBB,D,-0.44,Dug McDaniel,MEM,WICH,Rebounds,Demon,3.5,OVER,-0.6999999999999997,2.8,0.15,3,2.6,1,4,Above Avg,02/26 09:00PM,reb,
CBB,D,-0.44,Dug McDaniel,MEM,WICH,Fantasy Score,Standard,24.5,UNDER,-0.8649999999999984,23.635,0.55,23.3,23.97,3,2,Above Avg,02/26 09:00PM,fantasy score,
CBB,D,-0.44,Jordan Mason,TEM,FAU,Turnovers,Demon,2.5,OVER,-1.05,1.45,0.05,1.2,1.7,0,5,Avg,02/26 07:00PM,tov,
CBB,D,-0.44,Thomas Haugh,FLA,ARK,Rebounds,Standard,5.5,UNDER,-1.1,4.4,0.4,4,4.8,2,3,Weak,02/28 08:30PM,reb,
CBB,D,-0.44,Karon Boyd,WICH,MEM,Pts+Rebs,Standard,16.5,UNDER,-1.35,15.15,0.45,14.2,16.1,2,3,Avg,02/26 09:00PM,pr,
CBB,D,-0.44,Jeremy Fears,MSU,PUR,Pts+Rebs+Asts,Demon,29.5,OVER,-0.09999999999999787,29.4,0.3,28.2,30.6,1,4,Elite,02/26 08:00PM,pra,
CBB,D,-0.45,Trey Kaufman-Renn,PUR,MSU,Rebounds,Demon,10.5,OVER,-0.6999999999999993,9.8,0.45,11.4,8.2,3,2,Elite,02/26 08:00PM,reb,
CBB,D,-0.46,Carson Cooper,MSU,PUR,Pts+Rebs+Asts,Demon,19.5,OVER,-0.5500000000000007,18.95,0.3,18.2,19.7,1,4,Elite,02/26 08:00PM,pra,
CBB,D,-0.46,Braden Smith,PUR,MSU,Fantasy Score,Standard,35,UNDER,-0.01999999999999602,34.98,0.55,35.28,34.68,3,2,Elite,02/26 08:00PM,fantasy score,
CBB,D,-0.46,Jordan Mason,TEM,FAU,Points,Demon,14.5,OVER,-2.15,12.35,0.6,12.2,12.5,3,2,Avg,02/26 07:00PM,pts,
CBB,D,-0.46,Jordan Mason,TEM,FAU,Rebounds,Demon,3.5,OVER,-1.05,2.45,0.05,2.2,2.7,0,5,Avg,02/26 07:00PM,reb,
CBB,D,-0.47,Julius Thedford,MEM,WICH,Rebounds,Demon,6.5,OVER,-1,5.5,0.3,5.8,5.2,2,3,Above Avg,02/26 09:00PM,reb,
CBB,D,-0.47,Billy Richmond,ARK,FLA,3-PT Made,Demon,0.5,OVER,-0.5,0,0,0,0,0,5,Above Avg,02/28 08:30PM,3pm,
CBB,D,-0.47,Karon Boyd,WICH,MEM,Blocked Shots,Demon,1.5,OVER,-0.95,0.55,0.1,0.4,0.7,0,5,Avg,02/26 09:00PM,blk,
CBB,D,-0.48,Derrian Ford,TEM,FAU,Rebounds,Demon,5.5,OVER,-1.45,4.05,0.25,3.8,4.3,1,4,Avg,02/26 07:00PM,reb,
CBB,D,-0.48,Andrej Stojakovic,ILL,MICH,Points,Demon,14.5,OVER,-1,13.5,0.5,14.4,12.6,3,2,Elite,02/27 08:00PM,pts,
CBB,D,-0.48,Derrian Ford,TEM,FAU,Steals,Demon,1.5,OVER,-0.85,0.65,0,0.8,0.5,0,5,Avg,02/26 07:00PM,stl,
CBB,D,-0.48,Kanaan Carlyle,FAU,TEM,Steals,Demon,1.5,OVER,-0.7875,0.7125,0.1625,0.8,0.625,1,4,Above Avg,02/26 07:00PM,stl,
CBB,D,-0.49,Carson Cooper,MSU,PUR,Rebounds,Demon,8.5,OVER,-0.8000000000000007,7.699999999999999,0.2,7.8,7.6,1,4,Elite,02/26 08:00PM,reb,
CBB,D,-0.49,Trey Kaufman-Renn,PUR,MSU,Assists,Demon,3.5,OVER,-1.05,2.45,0.4,2.2,2.7,2,3,Elite,02/26 08:00PM,ast,
CBB,D,-0.5,Kylan Boswell,ILL,MICH,Points,Standard,12.5,UNDER,-1.300000000000001,11.2,0.4,11.2,11.2,2,3,Elite,02/27 08:00PM,pts,
CBB,D,-0.5,Isaiah Elohim,FAU,TEM,Rebounds,Demon,6.5,OVER,-1.25,5.25,0.35,5.4,5.1,2,3,Above Avg,02/26 07:00PM,reb,
CBB,D,-0.5,Karon Boyd,WICH,MEM,Rebounds,Demon,7.5,OVER,-1.9,5.6,0.45,6.2,5,3,2,Avg,02/26 09:00PM,reb,
CBB,D,-0.51,Alex Condon,FLA,ARK,Points,Demon,19.5,OVER,-3.050000000000001,16.45,0.5,18.6,14.3,3,2,Weak,02/28 08:30PM,pts,
CBB,D,-0.51,Braden Smith,PUR,MSU,Assists,Demon,8.5,OVER,-0.8999999999999995,7.600000000000001,0.35,8,7.2,2,3,Elite,02/26 08:00PM,ast,
CBB,D,-0.51,Boogie Fland,FLA,ARK,Points,Demon,14.5,OVER,-2.599999999999998,11.9,0.35,12.4,11.4,2,3,Weak,02/28 08:30PM,pts,
CBB,D,-0.52,Rueben Chinyelu,FLA,ARK,Points,Standard,10.5,UNDER,-1.35,9.15,0.3,8,10.3,1,4,Weak,02/28 08:30PM,pts,
CBB,D,-0.52,Fletcher Loyer,PUR,MSU,Pts+Rebs+Asts,Demon,19.5,OVER,-0.8000000000000007,18.7,0.5,20,17.4,3,2,Elite,02/26 08:00PM,pra,
CBB,D,-0.53,Tomislav Ivisic,ILL,MICH,Rebounds,Demon,7.5,OVER,-1.1,6.4,0.3,5.8,7,1,4,Elite,02/27 08:00PM,reb,
CBB,D,-0.53,Fletcher Loyer,PUR,MSU,Rebounds,Demon,3.5,OVER,-1.1,2.4,0.35,2.4,2.4,2,3,Elite,02/26 08:00PM,reb,
CBB,D,-0.53,Curtis Givens,MEM,WICH,Steals,Demon,1.5,OVER,-1,0.5,0.25,0.4,0.6,1,4,Above Avg,02/26 09:00PM,stl,
CBB,D,-0.53,Coen Carr,MSU,PUR,Blocked Shots,Demon,1.5,OVER,-0.95,0.55,0.2,0.4,0.7,1,4,Elite,02/26 08:00PM,blk,
CBB,D,-0.53,C.J. Cox,PUR,MSU,Assists,Demon,2.5,OVER,-1.1,1.4,0.35,1.4,1.4,2,3,Elite,02/26 08:00PM,ast,
CBB,D,-0.53,Billy Richmond,ARK,FLA,Points,Demon,19.5,OVER,-1.700000000000003,17.8,0.6000000000000001,20.4,15.2,4,1,Above Avg,02/28 08:30PM,pts,
CBB,D,-0.54,Karon Boyd,WICH,MEM,Steals,Demon,1.5,OVER,-1,0.5,0,0.6,0.4,0,5,Avg,02/26 09:00PM,stl,
CBB,D,-0.54,Jordan Scott,MSU,PUR,Rebs+Asts,Demon,5.5,OVER,-1.05,4.45,0.15,4.8,4.1,1,4,Elite,02/26 08:00PM,ra,
CBB,D,-0.54,Trey Kaufman-Renn,PUR,MSU,Pts+Rebs+Asts,Standard,26.5,OVER,0.1499999999999986,26.65,0.5,29,24.3,3,2,Elite,02/26 08:00PM,pra,
CBB,D,-0.54,Oscar Cluff,PUR,MSU,Blocked Shots,Demon,1.5,OVER,-0.85,0.65,0.15,0.8,0.5,1,4,Elite,02/26 08:00PM,blk,
CBB,D,-0.54,Aiden Tobiason,TEM,FAU,Steals,Demon,2.5,OVER,-1.25,1.25,0.05,1,1.5,0,5,Avg,02/26 07:00PM,stl,
CBB,D,-0.55,Carson Cooper,MSU,PUR,Points,Demon,11.5,OVER,-1.399999999999999,10.1,0.45,9.4,10.8,2,3,Elite,02/26 08:00PM,pts,
CBB,D,-0.55,Jaxon Kohler,MSU,PUR,Blocked Shots,Demon,1.5,OVER,-0.9500000000000001,0.5499999999999999,0.15,0.6,0.5,1,4,Elite,02/26 08:00PM,blk,
CBB,D,-0.56,Trevon Brazile,ARK,FLA,Rebounds,Demon,9.5,OVER,-1.300000000000001,8.2,0.2,8,8.4,1,4,Above Avg,02/28 08:30PM,reb,
CBB,D,-0.56,Curtis Givens,MEM,WICH,Assists,Demon,4.5,OVER,-1.25,3.25,0.2,3.4,3.1,1,4,Above Avg,02/26 09:00PM,ast,
CBB,D,-0.56,Oscar Cluff,PUR,MSU,Points,Demon,7.5,OVER,-1.050000000000001,6.449999999999999,0.25,5.8,7.1,1,4,Elite,02/26 08:00PM,pts,
CBB,D,-0.56,Andrej Stojakovic,ILL,MICH,Rebounds,Demon,5.5,OVER,-1.300000000000001,4.199999999999999,0.3,3.8,4.6,1,4,Elite,02/27 08:00PM,reb,
CBB,D,-0.57,Boogie Fland,FLA,ARK,3-PT Made,Demon,1.5,OVER,-1.5,0,0,0,0,0,5,Weak,02/28 08:30PM,3pm,
CBB,D,-0.57,Darius Acuff,ARK,FLA,Points,Demon,29.5,OVER,-1.25,28.25,0.35,30,26.5,2,3,Above Avg,02/28 08:30PM,pts,
CBB,D,-0.57,Trey Kaufman-Renn,PUR,MSU,Fantasy Score,Standard,30,UNDER,-0.3149999999999977,29.685,0.3,32.18,27.19,2,3,Elite,02/26 08:00PM,fantasy score,
CBB,D,-0.58,Dug McDaniel,MEM,WICH,Pts+Rebs+Asts,Goblin,17.5,OVER,-0.5499999999999972,16.95,0.3,16.6,17.3,1,4,Above Avg,02/26 09:00PM,pra,
CBB,D,-0.58,Jordan Mason,TEM,FAU,Steals,Demon,2.5,OVER,-1.5,1,0.15,1.2,0.8,1,4,Avg,02/26 07:00PM,stl,
CBB,D,-0.58,Aiden Tobiason,TEM,FAU,3-PT Made,Goblin,0.5,OVER,-0.5,0,0,0,0,0,5,Avg,02/26 07:00PM,3pm,
CBB,D,-0.58,Derrian Ford,TEM,FAU,3-PT Made,Goblin,0.5,OVER,-0.5,0,0,0,0,0,5,Avg,02/26 07:00PM,3pm,
CBB,D,-0.58,Fletcher Loyer,PUR,MSU,Points,Demon,15.5,OVER,-1.199999999999999,14.3,0.5,15.4,13.2,3,2,Elite,02/26 08:00PM,pts,
CBB,D,-0.58,Dug McDaniel,MEM,WICH,Pts+Asts,Standard,15.5,UNDER,-1.350000000000001,14.15,0.3,13.6,14.7,1,4,Above Avg,02/26 09:00PM,pa,
CBB,D,-0.59,Karon Boyd,WICH,MEM,3-PT Made,Goblin,0.5,OVER,-0.5,0,0,0,0,0,5,Avg,02/26 09:00PM,3pm,
CBB,D,-0.59,Coen Carr,MSU,PUR,Pts+Rebs,Demon,19.5,OVER,-1.300000000000001,18.2,0.4,18.4,18,2,3,Elite,02/26 08:00PM,pr,
CBB,D,-0.59,Tomislav Ivisic,ILL,MICH,Blocked Shots,Demon,1.5,OVER,-0.9,0.6,0,0.6,0.6,0,5,Elite,02/27 08:00PM,blk,
CBB,D,-0.59,Alex Condon,FLA,ARK,Rebounds,Demon,9.5,OVER,-2.6,6.9,0.3,6.8,7,2,3,Weak,02/28 08:30PM,reb,
CBB,D,-0.59,Jaxon Kohler,MSU,PUR,Pts+Rebs+Asts,Standard,20,UNDER,-1.25,18.75,0.3,19.8,17.7,2,3,Elite,02/26 08:00PM,pra,
CBB,D,-0.59,C.J. Cox,PUR,MSU,Steals,Demon,1.5,OVER,-0.85,0.65,0.05,0.6,0.7,0,5,Elite,02/26 08:00PM,stl,
CBB,D,-0.6,Isaiah Elohim,FAU,TEM,Steals,Demon,1.5,OVER,-1,0.5,0.05,0.4,0.6,0,5,Above Avg,02/26 07:00PM,stl,
CBB,D,-0.6,Curtis Givens,MEM,WICH,Rebounds,Demon,4.5,OVER,-1.6,2.9,0.35,2.8,3,2,3,Above Avg,02/26 09:00PM,reb,
CBB,D,-0.6,Julius Thedford,MEM,WICH,Steals,Demon,2.5,OVER,-1.25,1.25,0.15,1.4,1.1,1,4,Above Avg,02/26 09:00PM,stl,
CBB,D,-0.6,Kanaan Carlyle,FAU,TEM,Pts+Asts,Standard,15.5,UNDER,-1.899999999999999,13.6,0.55,13.2,14,3,2,Above Avg,02/26 07:00PM,pa,
CBB,D,-0.61,Isaiah Elohim,FAU,TEM,Points,Demon,15.5,OVER,-1.5,14,0.3,13.8,14.2,1,4,Above Avg,02/26 07:00PM,pts,
CBB,D,-0.61,Isaiah Elohim,FAU,TEM,Assists,Demon,2.5,OVER,-1.3,1.2,0.15,1.2,1.2,1,4,Above Avg,02/26 07:00PM,ast,
CBB,D,-0.61,Aiden Tobiason,TEM,FAU,Assists,Demon,3.5,OVER,-1.65,1.85,0.1,1.6,2.1,0,5,Avg,02/26 07:00PM,ast,
CBB,D,-0.61,Braden Smith,PUR,MSU,Rebounds,Demon,5.5,OVER,-1.35,4.15,0.3,4.4,3.9,2,3,Elite,02/26 08:00PM,reb,
CBB,D,-0.62,Fletcher Loyer,PUR,MSU,3-PT Made,Standard,2.5,UNDER,-2.5,0,0,0,0,0,5,Elite,02/26 08:00PM,3pm,
CBB,D,-0.62,Jordan Mason,TEM,FAU,Fantasy Score,Demon,26,OVER,-3.460000000000001,22.54,0.6,23.24,21.84,3,2,Avg,02/26 07:05PM,fantasy score,
CBB,D,-0.62,Derrian Ford,TEM,FAU,3-PT Made,Demon,1.5,OVER,-1.5,0,0,0,0,0,5,Avg,02/26 07:00PM,3pm,
CBB,D,-0.62,Aiden Tobiason,TEM,FAU,3-PT Made,Demon,1.5,OVER,-1.5,0,0,0,0,0,5,Avg,02/26 07:00PM,3pm,
CBB,D,-0.62,Jordan Mason,TEM,FAU,3-PT Made,Demon,1.5,OVER,-1.5,0,0,0,0,0,5,Avg,02/26 07:00PM,3pm,
CBB,D,-0.62,Carson Cooper,MSU,PUR,Assists,Demon,2.5,OVER,-1.35,1.15,0.2,1,1.3,1,4,Elite,02/26 08:00PM,ast,
CBB,D,-0.62,Dug McDaniel,MEM,WICH,Steals,Demon,3.5,OVER,-1.45,2.05,0.2,2,2.1,1,4,Above Avg,02/26 09:00PM,stl,
CBB,D,-0.62,Jaxon Kohler,MSU,PUR,Rebounds,Demon,10.5,OVER,-1.25,9.25,0.15,10.4,8.1,1,4,Elite,02/26 08:00PM,reb,
CBB,D,-0.62,Oscar Cluff,PUR,MSU,Pts+Rebs+Asts,Demon,15.5,OVER,-1.25,14.25,0.35,14.2,14.3,2,3,Elite,02/26 08:00PM,pra,
CBB,D,-0.63,Karon Boyd,WICH,MEM,3-PT Made,Demon,1.5,OVER,-1.5,0,0,0,0,0,5,Avg,02/26 09:00PM,3pm,
CBB,D,-0.63,Jordan Scott,MSU,PUR,Assists,Demon,2.5,OVER,-1.3,1.2,0.15,1.4,1,1,4,Elite,02/26 08:00PM,ast,
CBB,D,-0.63,Jordan Mason,TEM,FAU,Pts+Rebs+Asts,Demon,21.5,OVER,-3.300000000000001,18.2,0.6,18,18.4,3,2,Avg,02/26 07:00PM,pra,
CBB,D,-0.63,Karon Boyd,WICH,MEM,Pts+Rebs+Asts,Demon,19.5,OVER,-2.75,16.75,0.4,15.8,17.7,2,3,Avg,02/26 09:00PM,pra,
CBB,D,-0.64,Dug McDaniel,MEM,WICH,Pts+Rebs+Asts,Standard,18.5,UNDER,-1.549999999999997,16.95,0.3,16.6,17.3,1,4,Above Avg,02/26 09:00PM,pra,
CBB,D,-0.64,Kanaan Carlyle,FAU,TEM,Points,Standard,12.5,UNDER,-1.862499999999999,10.6375,0.3875,10.4,10.875,2,3,Above Avg,02/26 07:00PM,pts,
CBB,D,-0.64,C.J. Cox,PUR,MSU,Rebounds,Demon,3.5,OVER,-1.2,2.3,0.1,2,2.6,0,5,Elite,02/26 08:00PM,reb,
CBB,D,-0.64,Julius Thedford,MEM,WICH,Pts+Rebs+Asts,Demon,18.5,OVER,-1.899999999999999,16.6,0.45,17.8,15.4,3,2,Above Avg,02/26 09:00PM,pra,
CBB,D,-0.64,Coen Carr,MSU,PUR,Rebounds,Demon,7.5,OVER,-1.8,5.7,0.4,5.6,5.8,2,3,Elite,02/26 08:00PM,reb,
CBB,D,-0.64,Kanaan Carlyle,FAU,TEM,Pts+Rebs+Asts,Standard,18.5,UNDER,-2.0625,16.4375,0.55,16,16.875,3,2,Above Avg,02/26 07:00PM,pra,
CBB,D,-0.65,Kylan Boswell,ILL,MICH,Rebounds,Demon,6.5,OVER,-1.5,5,0.2,5,5,1,4,Elite,02/27 08:00PM,reb,
CBB,D,-0.65,Jordan Scott,MSU,PUR,Rebounds,Demon,4.5,OVER,-1.25,3.25,0,3.4,3.1,0,5,Elite,02/26 08:00PM,reb,
CBB,D,-0.65,Carson Cooper,MSU,PUR,Fantasy Score,Demon,25,OVER,-1.684999999999999,23.315,0.5,21.26,25.37,2,3,Elite,02/26 08:05PM,fantasy score,
CBB,D,-0.65,Curtis Givens,MEM,WICH,Pts+Rebs+Asts,Demon,19.5,OVER,-1.75,17.75,0.35,18.2,17.3,2,3,Above Avg,02/26 09:00PM,pra,
CBB,D,-0.66,Dug McDaniel,MEM,WICH,Assists,Demon,5.5,OVER,-1.65,3.85,0.2,3.8,3.9,1,4,Above Avg,02/26 09:00PM,ast,
CBB,D,-0.66,Jeremy Fears,MSU,PUR,Points,Demon,18.5,OVER,-1.450000000000003,17.05,0.3,15.4,18.7,1,4,Elite,02/26 08:00PM,pts,
CBB,D,-0.66,Jordan Scott,MSU,PUR,Pts+Rebs+Asts,Demon,16.5,OVER,-1.649999999999999,14.85,0.3,16.6,13.1,2,3,Elite,02/26 08:00PM,pra,
CBB,D,-0.66,Fletcher Loyer,PUR,MSU,Steals,Demon,1.5,OVER,-1,0.5,0,0.6,0.4,0,5,Elite,02/26 08:00PM,stl,
CBB,D,-0.67,Oscar Cluff,PUR,MSU,Rebounds,Demon,7.5,OVER,-1.550000000000001,5.949999999999999,0.3,6.4,5.5,2,3,Elite,02/26 08:00PM,reb,
CBB,D,-0.67,Carson Cooper,MSU,PUR,Pts+Rebs+Asts,Demon,20.5,OVER,-1.550000000000001,18.95,0.3,18.2,19.7,1,4,Elite,02/26 08:00PM,pra,
CBB,D,-0.67,Kanaan Carlyle,FAU,TEM,Rebounds,Demon,4.5,OVER,-1.6625,2.8375,0.1625,2.8,2.875,1,4,Above Avg,02/26 07:00PM,reb,
CBB,D,-0.67,Coen Carr,MSU,PUR,Points,Demon,14.5,OVER,-2,12.5,0.5,12.8,12.2,3,2,Elite,02/26 08:00PM,pts,
CBB,D,-0.68,Isaiah Elohim,FAU,TEM,3-PT Made,Goblin,0.5,OVER,-0.5,0,0,0,0,0,5,Above Avg,02/26 07:00PM,3pm,
CBB,D,-0.68,Trevon Brazile,ARK,FLA,3-PT Made,Demon,1.5,OVER,-1.5,0,0,0,0,0,5,Above Avg,02/28 08:30PM,3pm,
CBB,D,-0.68,Keaton Wagler,ILL,MICH,Rebounds,Demon,6.5,OVER,-1.7,4.8,0.25,4.8,4.8,1,4,Elite,02/27 08:00PM,reb,
CBB,D,-0.68,Trey Kaufman-Renn,PUR,MSU,Rebounds,Demon,11.5,OVER,-1.699999999999999,9.8,0.45,11.4,8.2,3,2,Elite,02/26 08:00PM,reb,
CBB,D,-0.68,Isaiah Elohim,FAU,TEM,Pts+Rebs+Asts,Demon,22.5,OVER,-2.050000000000001,20.45,0.45,20.4,20.5,2,3,Above Avg,02/26 07:00PM,pra,
CBB,D,-0.68,David Mirkovic,ILL,MICH,Rebounds,Demon,7.5,OVER,-1.55,5.95,0.15,5.4,6.5,0,5,Elite,02/27 08:00PM,reb,
CBB,D,-0.68,Elliot Cadeau,MICH,ILL,Points,Demon,12.5,OVER,-1.850000000000001,10.65,0.35,11.6,9.7,2,3,Elite,02/27 08:00PM,pts,
CBB,D,-0.68,Curtis Givens,MEM,WICH,3-PT Made,Goblin,0.5,OVER,-0.5,0,0,0,0,0,5,Above Avg,02/26 09:00PM,3pm,
CBB,D,-0.68,Dug McDaniel,MEM,WICH,3-PT Made,Goblin,0.5,OVER,-0.5,0,0,0,0,0,5,Above Avg,02/26 09:00PM,3pm,
CBB,D,-0.69,Aiden Tobiason,TEM,FAU,Rebounds,Demon,6.5,OVER,-2.2,4.3,0.15,4.8,3.8,1,4,Avg,02/26 07:00PM,reb,
CBB,D,-0.69,Braden Smith,PUR,MSU,Pts+Rebs+Asts,Goblin,26.5,OVER,-0.1499999999999986,26.35,0.45,25.6,27.1,2,3,Elite,02/26 08:00PM,pra,
CBB,D,-0.69,David Mirkovic,ILL,MICH,Steals,Demon,1.5,OVER,-1.15,0.35,0,0.4,0.3,0,5,Elite,02/27 08:00PM,stl,
CBB,D,-0.69,Coen Carr,MSU,PUR,Assists,Demon,2.5,OVER,-1.4,1.1,0.05,1,1.2,0,5,Elite,02/26 08:00PM,ast,
CBB,D,-0.69,Isaiah Elohim,FAU,TEM,3-PT Made,Demon,1.5,OVER,-1.5,0,0,0,0,0,5,Above Avg,02/26 07:00PM,3pm,
CBB,D,-0.69,Braden Smith,PUR,MSU,Steals,Demon,3.5,OVER,-1.45,2.05,0.15,2.2,1.9,1,4,Elite,02/26 08:00PM,stl,
CBB,D,-0.69,Dug McDaniel,MEM,WICH,Rebounds,Demon,4.5,OVER,-1.7,2.8,0.15,3,2.6,1,4,Above Avg,02/26 09:00PM,reb,
CBB,D,-0.69,Julius Thedford,MEM,WICH,3-PT Made,Demon,1.5,OVER,-1.5,0,0,0,0,0,5,Above Avg,02/26 09:00PM,3pm,
CBB,D,-0.69,Curtis Givens,MEM,WICH,3-PT Made,Demon,1.5,OVER,-1.5,0,0,0,0,0,5,Above Avg,02/26 09:00PM,3pm,
CBB,D,-0.69,Dug McDaniel,MEM,WICH,3-PT Made,Demon,1.5,OVER,-1.5,0,0,0,0,0,5,Above Avg,02/26 09:00PM,3pm,
CBB,D,-0.7,Braden Smith,PUR,MSU,Pts+Rebs,Standard,20.5,UNDER,-1.75,18.75,0.45,17.6,19.9,2,3,Elite,02/26 08:00PM,pr,
CBB,D,-0.7,Jeremy Fears,MSU,PUR,3-PT Made,Goblin,0.5,OVER,-0.5,0,0,0,0,0,5,Elite,02/26 08:00PM,3pm,
CBB,D,-0.7,Karon Boyd,WICH,MEM,Points,Demon,12.5,OVER,-2.949999999999999,9.55,0.45,8,11.1,2,3,Avg,02/26 09:00PM,pts,
CBB,D,-0.7,Yaxel Lendeborg,MICH,ILL,3-PT Made,Goblin,0.5,OVER,-0.5,0,0,0,0,0,5,Elite,02/27 08:00PM,3pm,
CBB,D,-0.7,Carson Cooper,MSU,PUR,Pts+Rebs,Demon,19.5,OVER,-1.700000000000003,17.8,0.3,17.2,18.4,1,4,Elite,02/26 08:00PM,pr,
CBB,D,-0.7,Jeremy Fears,MSU,PUR,3-PT Made,Demon,1.5,OVER,-1.5,0,0,0,0,0,5,Elite,02/26 08:00PM,3pm,
CBB,D,-0.7,Coen Carr,MSU,PUR,3-PT Made,Demon,1.5,OVER,-1.5,0,0,0,0,0,5,Elite,02/26 08:00PM,3pm,
CBB,D,-0.7,Yaxel Lendeborg,MICH,ILL,3-PT Made,Demon,1.5,OVER,-1.5,0,0,0,0,0,5,Elite,02/27 08:00PM,3pm,
CBB,D,-0.7,Julius Thedford,MEM,WICH,Rebounds,Demon,7.5,OVER,-2,5.5,0.3,5.8,5.2,2,3,Above Avg,02/26 09:00PM,reb,
CBB,D,-0.71,Jaxon Kohler,MSU,PUR,Pts+Rebs+Asts,Goblin,19.5,OVER,-0.75,18.75,0.3,19.8,17.7,2,3,Elite,02/26 08:00PM,pra,
CBB,D,-0.71,Andrej Stojakovic,ILL,MICH,3-PT Made,Demon,1.5,OVER,-1.5,0,0,0,0,0,5,Elite,02/27 08:00PM,3pm,
CBB,D,-0.71,Karon Boyd,WICH,MEM,Pts+Rebs+Asts,Demon,21.5,OVER,-4.75,16.75,0.4,15.8,17.7,2,3,Avg,02/26 09:00PM,pra,
CBB,D,-0.71,Jordan Mason,TEM,FAU,Rebounds,Demon,4.5,OVER,-2.05,2.45,0.05,2.2,2.7,0,5,Avg,02/26 07:00PM,reb,
CBB,D,-0.71,Meleek Thomas,ARK,FLA,Rebounds,Demon,7.5,OVER,-2.149999999999999,5.350000000000001,0.3,6.2,4.5,2,3,Above Avg,02/28 08:30PM,reb,
CBB,D,-0.71,Thomas Haugh,FLA,ARK,Points,Demon,19.5,OVER,-5.25,14.25,0.3,12.6,15.9,1,4,Weak,02/28 08:30PM,pts,
CBB,D,-0.72,Jaxon Kohler,MSU,PUR,Pts+Rebs+Asts,Standard,20.5,UNDER,-1.75,18.75,0.3,19.8,17.7,2,3,Elite,02/26 08:00PM,pra,
CBB,D,-0.72,Thomas Haugh,FLA,ARK,Rebounds,Demon,7.5,OVER,-3.1,4.4,0.35,4,4.8,2,3,Weak,02/28 08:30PM,reb,
CBB,D,-0.72,Carson Cooper,MSU,PUR,Rebounds,Demon,9.5,OVER,-1.800000000000001,7.699999999999999,0.2,7.8,7.6,1,4,Elite,02/26 08:00PM,reb,
CBB,D,-0.72,Jaxon Kohler,MSU,PUR,Pts+Asts,Standard,11.5,UNDER,-2,9.5,0.25,9.4,9.6,1,4,Elite,02/26 08:00PM,pa,
CBB,D,-0.73,Trey McKenney,MICH,ILL,Points,Demon,11.5,OVER,-2.5,9,0.6,8.2,9.8,3,2,Elite,02/27 08:00PM,pts,
CBB,D,-0.73,Curtis Givens,MEM,WICH,Points,Demon,13.5,OVER,-1.9,11.6,0.2,12,11.2,1,4,Above Avg,02/26 09:00PM,pts,
CBB,D,-0.73,C.J. Cox,PUR,MSU,3-PT Made,Demon,1.5,OVER,-1.5,0,0,0,0,0,5,Elite,02/26 08:00PM,3pm,
CBB,D,-0.73,C.J. Cox,PUR,MSU,3-PT Made,Goblin,0.5,OVER,-0.5,0,0,0,0,0,5,Elite,02/26 08:00PM,3pm,
CBB,D,-0.74,Jeremy Fears,MSU,PUR,Rebounds,Demon,3.5,OVER,-1.7,1.8,0.1,1.6,2,0,5,Elite,02/26 08:00PM,reb,
CBB,D,-0.74,Braden Smith,PUR,MSU,Assists,Demon,9.5,OVER,-1.899999999999999,7.600000000000001,0.35,8,7.2,2,3,Elite,02/26 08:00PM,ast,
CBB,D,-0.74,Morez Johnson,MICH,ILL,Rebounds,Demon,9.5,OVER,-1.949999999999999,7.550000000000001,0.25,7.2,7.9,1,4,Elite,02/27 08:00PM,reb,
CBB,D,-0.74,Aiden Tobiason,TEM,FAU,Pts+Rebs+Asts,Demon,24.5,OVER,-3.149999999999999,21.35,0.25,20.6,22.1,1,4,Avg,02/26 07:00PM,pra,
CBB,D,-0.74,Derrian Ford,TEM,FAU,Pts+Rebs+Asts,Demon,28.5,OVER,-3.900000000000002,24.6,0.25,24,25.2,1,4,Avg,02/26 07:00PM,pra,
CBB,D,-0.75,Aday Mara,MICH,ILL,Points,Demon,12.5,OVER,-1.65,10.85,0.05,10.2,11.5,0,5,Elite,02/27 08:00PM,pts,
CBB,D,-0.75,Aiden Tobiason,TEM,FAU,Fantasy Score,Demon,30,OVER,-3.715,26.285,0.211,24.76,27.81,1,4,Avg,02/26 07:05PM,fantasy score,
CBB,D,-0.75,Fletcher Loyer,PUR,MSU,Assists,Demon,3.5,OVER,-1.5,2,0,2.2,1.8,0,5,Elite,02/26 08:00PM,ast,
CBB,D,-0.75,Xaivian Lee,FLA,ARK,3-PT Made,Demon,2.5,OVER,-2.5,0,0,0,0,0,5,Weak,02/28 08:30PM,3pm,
CBB,D,-0.75,Thomas Haugh,FLA,ARK,3-PT Made,Demon,2.5,OVER,-2.5,0,0,0,0,0,5,Weak,02/28 08:30PM,3pm,
CBB,D,-0.75,Boogie Fland,FLA,ARK,3-PT Made,Demon,2.5,OVER,-2.5,0,0,0,0,0,5,Weak,02/28 08:30PM,3pm,
CBB,D,-0.76,Karon Boyd,WICH,MEM,Fantasy Score,Demon,26,OVER,-6.229999999999997,19.77,0.25,18.44,21.1,1,4,Avg,02/26 09:05PM,fantasy score,
CBB,D,-0.76,Jordan Mason,TEM,FAU,Pts+Rebs+Asts,Demon,23.5,OVER,-5.300000000000001,18.2,0.25,18,18.4,1,4,Avg,02/26 07:00PM,pra,
CBB,D,-0.76,Derrian Ford,TEM,FAU,Rebounds,Demon,6.5,OVER,-2.45,4.05,0.1,3.8,4.3,0,5,Avg,02/26 07:00PM,reb,
CBB,D,-0.76,Trey Kaufman-Renn,PUR,MSU,Steals,Demon,1.5,OVER,-1.3,0.2,0,0.2,0.2,0,5,Elite,02/26 08:00PM,stl,
CBB,D,-0.76,Rueben Chinyelu,FLA,ARK,Points,Demon,14.5,OVER,-5.35,9.15,0.2,8,10.3,1,4,Weak,02/28 08:30PM,pts,
CBB,D,-0.77,Coen Carr,MSU,PUR,Pts+Rebs+Asts,Demon,21.5,OVER,-2.200000000000003,19.3,0.4,19.4,19.2,2,3,Elite,02/26 08:00PM,pra,
CBB,D,-0.77,Aiden Tobiason,TEM,FAU,Pts+Rebs+Asts,Demon,26.5,OVER,-5.149999999999999,21.35,0.2,20.6,22.1,1,4,Avg,02/26 07:00PM,pra,
CBB,D,-0.77,Isaiah Elohim,FAU,TEM,Fantasy Score,Demon,27,OVER,-3,24,0.35,24.08,23.92,2,3,Above Avg,02/26 07:05PM,fantasy score,
CBB,D,-0.78,Jaxon Kohler,MSU,PUR,Assists,Demon,2.5,OVER,-1.65,0.8500000000000001,0,0.8,0.9,0,5,Elite,02/26 08:00PM,ast,
CBB,D,-0.78,Aiden Tobiason,TEM,FAU,Points,Demon,18.5,OVER,-3.300000000000001,15.2,0.25,14.2,16.2,1,4,Avg,02/26 07:00PM,pts,
CBB,D,-0.78,Xaivian Lee,FLA,ARK,Points,Demon,19.5,OVER,-6.899999999999999,12.6,0.15,14.4,10.8,1,4,Weak,02/28 08:30PM,pts,
CBB,D,-0.78,Kylan Boswell,ILL,MICH,Pts+Rebs+Asts,Demon,23.5,OVER,-2.5,21,0.4,21,21,2,3,Elite,02/27 08:00PM,pra,
CBB,D,-0.78,Boogie Fland,FLA,ARK,Points,Demon,19.5,OVER,-7.599999999999998,11.9,0.15,12.4,11.4,1,4,Weak,02/28 08:30PM,pts,
CBB,D,-0.79,Karon Boyd,WICH,MEM,Steals,Demon,2.5,OVER,-2,0.5,0,0.6,0.4,0,5,Avg,02/26 09:00PM,stl,
CBB,D,-0.79,Oscar Cluff,PUR,MSU,Points,Demon,8.5,OVER,-2.050000000000001,6.449999999999999,0.25,5.8,7.1,1,4,Elite,02/26 08:00PM,pts,
CBB,D,-0.79,Karon Boyd,WICH,MEM,Pts+Rebs+Asts,Demon,23.5,OVER,-6.75,16.75,0.2,15.8,17.7,1,4,Avg,02/26 09:00PM,pra,
CBB,D,-0.79,Isaiah Elohim,FAU,TEM,Pts+Rebs+Asts,Demon,24.5,OVER,-4.050000000000001,20.45,0.35,20.4,20.5,2,3,Above Avg,02/26 07:00PM,pra,
CBB,D,-0.79,Jordan Scott,MSU,PUR,Fantasy Score,Demon,22,OVER,-2.349999999999998,19.65,0.35,21.78,17.52,2,3,Elite,02/26 08:05PM,fantasy score,
CBB,D,-0.79,Kanaan Carlyle,FAU,TEM,Fantasy Score,Standard,21.5,UNDER,-2.489000000000001,19.011,0.55,18.76,19.262,3,2,Above Avg,02/26 07:00PM,fantasy score,
CBB,D,-0.79,Jordan Mason,TEM,FAU,Points,Demon,16.5,OVER,-4.15,12.35,0.25,12.2,12.5,1,4,Avg,02/26 07:00PM,pts,
CBB,D,-0.79,Aiden Tobiason,TEM,FAU,Points,Demon,20.5,OVER,-5.300000000000001,15.2,0.25,14.2,16.2,1,4,Avg,02/26 07:00PM,pts,
CBB,D,-0.79,Derrian Ford,TEM,FAU,Points,Demon,21.5,OVER,-3.299999999999997,18.2,0.2,17.8,18.6,1,4,Avg,02/26 07:00PM,pts,
CBB,D,-0.79,Tomislav Ivisic,ILL,MICH,Rebounds,Demon,8.5,OVER,-2.1,6.4,0.2,5.8,7,1,4,Elite,02/27 08:00PM,reb,
CBB,D,-0.8,Jordan Scott,MSU,PUR,Points,Demon,12.5,OVER,-2.1,10.4,0.15,11.8,9,1,4,Elite,02/26 08:00PM,pts,
CBB,D,-0.8,Nimari Burnett,MICH,ILL,Points,Demon,9.5,OVER,-2.25,7.25,0.2,6.2,8.3,1,4,Elite,02/27 08:00PM,pts,
CBB,D,-0.81,Trey Kaufman-Renn,PUR,MSU,Assists,Demon,4.5,OVER,-2.05,2.45,0.2,2.2,2.7,1,4,Elite,02/26 08:00PM,ast,
CBB,D,-0.81,Isaiah Elohim,FAU,TEM,Rebounds,Demon,7.5,OVER,-2.25,5.25,0.15,5.4,5.1,1,4,Above Avg,02/26 07:00PM,reb,
CBB,D,-0.81,Karon Boyd,WICH,MEM,Points,Demon,14.5,OVER,-4.949999999999999,9.55,0.25,8,11.1,1,4,Avg,02/26 09:00PM,pts,
CBB,D,-0.81,Derrian Ford,TEM,FAU,3-PT Made,Demon,2.5,OVER,-2.5,0,0,0,0,0,5,Avg,02/26 07:00PM,3pm,
CBB,D,-0.81,Aiden Tobiason,TEM,FAU,3-PT Made,Demon,2.5,OVER,-2.5,0,0,0,0,0,5,Avg,02/26 07:00PM,3pm,
CBB,D,-0.81,Curtis Givens,MEM,WICH,Pts+Rebs+Asts,Demon,21.5,OVER,-3.75,17.75,0.3,18.2,17.3,2,3,Above Avg,02/26 09:00PM,pra,
CBB,D,-0.81,Alex Condon,FLA,ARK,Points,Demon,24.5,OVER,-8.05,16.45,0.05,18.6,14.3,0,5,Weak,02/28 08:30PM,pts,
CBB,D,-0.81,Fletcher Loyer,PUR,MSU,Points,Demon,17.5,OVER,-3.199999999999999,14.3,0.5,15.4,13.2,3,2,Elite,02/26 08:00PM,pts,
CBB,D,-0.81,C.J. Cox,PUR,MSU,Pts+Rebs+Asts,Demon,12.5,OVER,-2.35,10.15,0.35,9.8,10.5,2,3,Elite,02/26 08:00PM,pra,
CBB,D,-0.81,David Mirkovic,ILL,MICH,Points,Demon,16.5,OVER,-2.299999999999999,14.2,0.35,14.4,14,2,3,Elite,02/27 08:00PM,pts,
CBB,D,-0.81,Trevon Brazile,ARK,FLA,Points,Demon,14.5,OVER,-2.299999999999999,12.2,0.1,12.4,12,0,5,Above Avg,02/28 08:30PM,pts,
CBB,D,-0.81,Karon Boyd,WICH,MEM,3-PT Made,Demon,2.5,OVER,-2.5,0,0,0,0,0,5,Avg,02/26 09:00PM,3pm,
CBB,D,-0.81,Yaxel Lendeborg,MICH,ILL,Points,Demon,16.5,OVER,-2.449999999999999,14.05,0.4,13.8,14.3,2,3,Elite,02/27 08:00PM,pts,
CBB,D,-0.81,Trey Kaufman-Renn,PUR,MSU,Pts+Rebs+Asts,Demon,28.5,OVER,-1.850000000000001,26.65,0.35,29,24.3,2,3,Elite,02/26 08:00PM,pra,
CBB,D,-0.81,Andrej Stojakovic,ILL,MICH,Rebounds,Demon,6.5,OVER,-2.300000000000001,4.199999999999999,0.25,3.8,4.6,1,4,Elite,02/27 08:00PM,reb,
CBB,D,-0.81,Derrian Ford,TEM,FAU,Fantasy Score,Demon,33.5,OVER,-6.715,26.785,0.05,26.36,27.21,0,5,Avg,02/26 07:05PM,fantasy score,
CBB,D,-0.82,Kanaan Carlyle,FAU,TEM,Points,Demon,14.5,OVER,-3.862499999999999,10.6375,0.3875,10.4,10.875,2,3,Above Avg,02/26 07:00PM,pts,
CBB,D,-0.82,Karon Boyd,WICH,MEM,Points,Demon,16.5,OVER,-6.949999999999999,9.55,0.25,8,11.1,1,4,Avg,02/26 09:00PM,pts,
CBB,D,-0.82,Derrian Ford,TEM,FAU,Points,Demon,23.5,OVER,-5.299999999999997,18.2,0.15,17.8,18.6,1,4,Avg,02/26 07:00PM,pts,
CBB,D,-0.82,Thomas Haugh,FLA,ARK,Points,Demon,24.5,OVER,-10.25,14.25,0.05,12.6,15.9,0,5,Weak,02/28 08:30PM,pts,
CBB,D,-0.82,Fletcher Loyer,PUR,MSU,Pts+Rebs+Asts,Demon,21.5,OVER,-2.800000000000001,18.7,0.35,20,17.4,2,3,Elite,02/26 08:00PM,pra,
CBB,D,-0.82,Jordan Scott,MSU,PUR,Pts+Rebs+Asts,Demon,18.5,OVER,-3.649999999999999,14.85,0.3,16.6,13.1,2,3,Elite,02/26 08:00PM,pra,
CBB,D,-0.82,Oscar Cluff,PUR,MSU,Fantasy Score,Demon,23,OVER,-3.984999999999999,19.015,0.35,19.68,18.35,2,3,Elite,02/26 08:05PM,fantasy score,
CBB,D,-0.83,Trey Kaufman-Renn,PUR,MSU,Points,Demon,16.5,OVER,-2.100000000000001,14.4,0.35,15.4,13.4,2,3,Elite,02/26 08:00PM,pts,
CBB,D,-0.83,Coen Carr,MSU,PUR,Fantasy Score,Demon,26,OVER,-3.959999999999997,22.04,0.25,21.42,22.66,1,4,Elite,02/26 08:05PM,fantasy score,
CBB,D,-0.83,Curtis Givens,MEM,WICH,Fantasy Score,Demon,26,OVER,-6.044999999999998,19.955,0.25,19.86,20.05,1,4,Above Avg,02/26 09:05PM,fantasy score,
CBB,D,-0.83,Meleek Thomas,ARK,FLA,Points,Demon,19.5,OVER,-4.149999999999999,15.35,0.3,15.8,14.9,2,3,Above Avg,02/28 08:30PM,pts,
CBB,D,-0.83,Carson Cooper,MSU,PUR,Points,Demon,12.5,OVER,-2.399999999999999,10.1,0.25,9.4,10.8,1,4,Elite,02/26 08:00PM,pts,
CBB,D,-0.83,Kanaan Carlyle,FAU,TEM,Pts+Rebs,Standard,16.5,UNDER,-3.025,13.475,0.3875,13.2,13.75,2,3,Above Avg,02/26 07:00PM,pr,
CBB,D,-0.83,Julius Thedford,MEM,WICH,Points,Demon,12.5,OVER,-2.350000000000001,10.15,0.15,11,9.3,1,4,Above Avg,02/26 09:00PM,pts,
CBB,D,-0.83,Karon Boyd,WICH,MEM,Rebounds,Demon,8.5,OVER,-2.9,5.6,0.15,6.2,5,1,4,Avg,02/26 09:00PM,reb,
CBB,D,-0.84,Fletcher Loyer,PUR,MSU,Pts+Rebs+Asts,Demon,23.5,OVER,-4.800000000000001,18.7,0.35,20,17.4,2,3,Elite,02/26 08:00PM,pra,
CBB,D,-0.84,Trey Kaufman-Renn,PUR,MSU,Pts+Rebs+Asts,Demon,29.5,OVER,-2.850000000000001,26.65,0.3,29,24.3,2,3,Elite,02/26 08:00PM,pra,
CBB,D,-0.84,Trey Kaufman-Renn,PUR,MSU,Pts+Rebs+Asts,Demon,30.5,OVER,-3.850000000000001,26.65,0.3,29,24.3,2,3,Elite,02/26 08:00PM,pra,
CBB,D,-0.84,Elliot Cadeau,MICH,ILL,Points,Demon,13.5,OVER,-2.850000000000001,10.65,0.35,11.6,9.7,2,3,Elite,02/27 08:00PM,pts,
CBB,D,-0.84,Braden Smith,PUR,MSU,Pts+Rebs+Asts,Standard,28.5,UNDER,-2.149999999999999,26.35,0.25,25.6,27.1,1,4,Elite,02/26 08:00PM,pra,
CBB,D,-0.84,Braden Smith,PUR,MSU,Rebounds,Demon,6.5,OVER,-2.35,4.15,0.3,4.4,3.9,2,3,Elite,02/26 08:00PM,reb,
CBB,D,-0.84,Xaivian Lee,FLA,ARK,3-PT Made,Demon,3.5,OVER,-3.5,0,0,0,0,0,5,Weak,02/28 08:30PM,3pm,
CBB,D,-0.84,Thomas Haugh,FLA,ARK,3-PT Made,Demon,3.5,OVER,-3.5,0,0,0,0,0,5,Weak,02/28 08:30PM,3pm,
CBB,D,-0.85,Braden Smith,PUR,MSU,Pts+Asts,Standard,24.5,UNDER,-2.300000000000001,22.2,0.3,21.2,23.2,1,4,Elite,02/26 08:00PM,pa,
CBB,D,-0.85,Jaxon Kohler,MSU,PUR,Rebounds,Demon,11.5,OVER,-2.25,9.25,0.15,10.4,8.1,1,4,Elite,02/26 08:00PM,reb,
CBB,D,-0.85,Dug McDaniel,MEM,WICH,Pts+Rebs+Asts,Demon,21.5,OVER,-4.549999999999997,16.95,0.2,16.6,17.3,1,4,Above Avg,02/26 09:00PM,pra,
CBB,D,-0.85,Elliot Cadeau,MICH,ILL,Points,Demon,14.5,OVER,-3.850000000000001,10.65,0.35,11.6,9.7,2,3,Elite,02/27 08:00PM,pts,
CBB,D,-0.85,C.J. Cox,PUR,MSU,Pts+Rebs+Asts,Demon,14.5,OVER,-4.35,10.15,0.35,9.8,10.5,2,3,Elite,02/26 08:00PM,pra,
CBB,D,-0.85,Coen Carr,MSU,PUR,Pts+Rebs+Asts,Demon,23.5,OVER,-4.200000000000003,19.3,0.2,19.4,19.2,1,4,Elite,02/26 08:00PM,pra,
CBB,D,-0.86,Isaiah Elohim,FAU,TEM,Points,Demon,17.5,OVER,-3.5,14,0.25,13.8,14.2,1,4,Above Avg,02/26 07:00PM,pts,
CBB,D,-0.86,Alex Condon,FLA,ARK,Rebounds,Demon,11.5,OVER,-4.6,6.9,0,6.8,7,0,5,Weak,02/28 08:30PM,reb,
CBB,D,-0.86,Braden Smith,PUR,MSU,Pts+Rebs+Asts,Demon,30.5,OVER,-4.149999999999999,26.35,0.25,25.6,27.1,1,4,Elite,02/26 08:00PM,pra,
CBB,D,-0.86,Rueben Chinyelu,FLA,ARK,Points,Demon,19.5,OVER,-10.35,9.15,0,8,10.3,0,5,Weak,02/28 08:30PM,pts,
CBB,D,-0.86,Jeremy Fears,MSU,PUR,Points,Demon,19.5,OVER,-2.450000000000003,17.05,0.25,15.4,18.7,1,4,Elite,02/26 08:00PM,pts,
CBB,D,-0.86,Julius Thedford,MEM,WICH,Pts+Rebs+Asts,Demon,20.5,OVER,-3.899999999999999,16.6,0.15,17.8,15.4,1,4,Above Avg,02/26 09:00PM,pra,
CBB,D,-0.87,Trevon Brazile,ARK,FLA,3-PT Made,Demon,2.5,OVER,-2.5,0,0,0,0,0,5,Above Avg,02/28 08:30PM,3pm,
CBB,D,-0.87,Meleek Thomas,ARK,FLA,3-PT Made,Demon,2.5,OVER,-2.5,0,0,0,0,0,5,Above Avg,02/28 08:30PM,3pm,
CBB,D,-0.87,Jaxon Kohler,MSU,PUR,Fantasy Score,Demon,28,OVER,-5.574999999999999,22.425,0.15,24.28,20.57,1,4,Elite,02/26 08:05PM,fantasy score,
CBB,D,-0.87,Trey Kaufman-Renn,PUR,MSU,Points,Demon,18.5,OVER,-4.100000000000001,14.4,0.35,15.4,13.4,2,3,Elite,02/26 08:00PM,pts,
CBB,D,-0.87,Jaxon Kohler,MSU,PUR,Pts+Rebs+Asts,Demon,22.5,OVER,-3.75,18.75,0.15,19.8,17.7,1,4,Elite,02/26 08:00PM,pra,
CBB,D,-0.87,Curtis Givens,MEM,WICH,Pts+Rebs+Asts,Demon,23.5,OVER,-5.75,17.75,0.15,18.2,17.3,1,4,Above Avg,02/26 09:00PM,pra,
CBB,D,-0.87,Aiden Tobiason,TEM,FAU,Rebounds,Demon,7.5,OVER,-3.2,4.3,0.15,4.8,3.8,1,4,Avg,02/26 07:00PM,reb,
CBB,D,-0.87,Braden Smith,PUR,MSU,Fantasy Score,Demon,41,OVER,-6.019999999999996,34.98,0.2,35.28,34.68,1,4,Elite,02/26 08:05PM,fantasy score,
CBB,D,-0.87,Keaton Wagler,ILL,MICH,Points,Demon,24.5,OVER,-3.850000000000001,20.65,0.25,19.4,21.9,1,4,Elite,02/27 08:00PM,pts,
CBB,D,-0.87,Jordan Mason,TEM,FAU,Points,Demon,18.5,OVER,-6.15,12.35,0.05,12.2,12.5,0,5,Avg,02/26 07:00PM,pts,
CBB,D,-0.87,Dug McDaniel,MEM,WICH,Fantasy Score,Demon,29,OVER,-5.364999999999998,23.635,0.1,23.3,23.97,0,5,Above Avg,02/26 09:05PM,fantasy score,
CBB,D,-0.87,Julius Thedford,MEM,WICH,Pts+Rebs+Asts,Demon,22.5,OVER,-5.899999999999999,16.6,0.15,17.8,15.4,1,4,Above Avg,02/26 09:00PM,pra,
CBB,D,-0.88,Jaxon Kohler,MSU,PUR,Pts+Rebs+Asts,Demon,23.5,OVER,-4.75,18.75,0.15,19.8,17.7,1,4,Elite,02/26 08:00PM,pra,
CBB,D,-0.88,Kanaan Carlyle,FAU,TEM,3-PT Made,Demon,2.5,OVER,-2.5,0,0,0,0,0,5,Above Avg,02/26 07:00PM,3pm,
CBB,D,-0.88,Isaiah Elohim,FAU,TEM,3-PT Made,Demon,2.5,OVER,-2.5,0,0,0,0,0,5,Above Avg,02/26 07:00PM,3pm,
CBB,D,-0.88,Yaxel Lendeborg,MICH,ILL,Rebounds,Demon,9.5,OVER,-2.6,6.9,0.25,6.2,7.6,1,4,Elite,02/27 08:00PM,reb,
CBB,D,-0.88,Jaxon Kohler,MSU,PUR,Pts+Rebs+Asts,Demon,24.5,OVER,-5.75,18.75,0.15,19.8,17.7,1,4,Elite,02/26 08:00PM,pra,
CBB,D,-0.88,Dug McDaniel,MEM,WICH,3-PT Made,Demon,2.5,OVER,-2.5,0,0,0,0,0,5,Above Avg,02/26 09:00PM,3pm,
CBB,D,-0.88,Curtis Givens,MEM,WICH,3-PT Made,Demon,2.5,OVER,-2.5,0,0,0,0,0,5,Above Avg,02/26 09:00PM,3pm,
CBB,D,-0.88,Oscar Cluff,PUR,MSU,Pts+Rebs+Asts,Demon,17.5,OVER,-3.25,14.25,0.2,14.2,14.3,1,4,Elite,02/26 08:00PM,pra,
CBB,D,-0.88,C.J. Cox,PUR,MSU,Points,Demon,9.5,OVER,-3.05,6.45,0.35,6.4,6.5,2,3,Elite,02/26 08:00PM,pts,
CBB,D,-0.88,Braden Smith,PUR,MSU,Points,Demon,18.5,OVER,-3.900000000000002,14.6,0.3,13.2,16,1,4,Elite,02/26 08:00PM,pts,
CBB,D,-0.89,Jordan Scott,MSU,PUR,Rebounds,Demon,5.5,OVER,-2.25,3.25,0,3.4,3.1,0,5,Elite,02/26 08:00PM,reb,
CBB,D,-0.89,Morez Johnson,MICH,ILL,Points,Demon,14.5,OVER,-2.600000000000001,11.9,0.2,11.6,12.2,1,4,Elite,02/27 08:00PM,pts,
CBB,D,-0.89,Trey Kaufman-Renn,PUR,MSU,Fantasy Score,Demon,35.5,OVER,-5.814999999999998,29.685,0.15,32.18,27.19,1,4,Elite,02/26 08:05PM,fantasy score,
CBB,D,-0.89,Jaxon Kohler,MSU,PUR,3-PT Made,Demon,2.5,OVER,-2.5,0,0,0,0,0,5,Elite,02/26 08:00PM,3pm,
CBB,D,-0.89,Jordan Scott,MSU,PUR,3-PT Made,Demon,2.5,OVER,-2.5,0,0,0,0,0,5,Elite,02/26 08:00PM,3pm,
CBB,D,-0.89,Jeremy Fears,MSU,PUR,3-PT Made,Demon,2.5,OVER,-2.5,0,0,0,0,0,5,Elite,02/26 08:00PM,3pm,
CBB,D,-0.89,Elliot Cadeau,MICH,ILL,3-PT Made,Demon,2.5,OVER,-2.5,0,0,0,0,0,5,Elite,02/27 08:00PM,3pm,
CBB,D,-0.89,Yaxel Lendeborg,MICH,ILL,3-PT Made,Demon,2.5,OVER,-2.5,0,0,0,0,0,5,Elite,02/27 08:00PM,3pm,
CBB,D,-0.89,Dug McDaniel,MEM,WICH,Points,Demon,14.5,OVER,-4.199999999999999,10.3,0.2,9.8,10.8,1,4,Above Avg,02/26 09:00PM,pts,
CBB,D,-0.89,Fletcher Loyer,PUR,MSU,Rebounds,Demon,4.5,OVER,-2.1,2.4,0,2.4,2.4,0,5,Elite,02/26 08:00PM,reb,
CBB,D,-0.89,C.J. Cox,PUR,MSU,Points,Demon,10.5,OVER,-4.05,6.45,0.35,6.4,6.5,2,3,Elite,02/26 08:00PM,pts,
CBB,D,-0.89,Oscar Cluff,PUR,MSU,Pts+Rebs+Asts,Demon,19.5,OVER,-5.25,14.25,0.2,14.2,14.3,1,4,Elite,02/26 08:00PM,pra,
CBB,D,-0.9,Trevon Brazile,ARK,FLA,Rebounds,Demon,11.5,OVER,-3.300000000000001,8.2,0.2,8,8.4,1,4,Above Avg,02/28 08:30PM,reb,
CBB,D,-0.9,Keaton Wagler,ILL,MICH,3-PT Made,Demon,2.5,OVER,-2.5,0,0,0,0,0,5,Elite,02/27 08:00PM,3pm,
CBB,D,-0.9,Kylan Boswell,ILL,MICH,3-PT Made,Demon,2.5,OVER,-2.5,0,0,0,0,0,5,Elite,02/27 08:00PM,3pm,
CBB,D,-0.9,David Mirkovic,ILL,MICH,3-PT Made,Demon,2.5,OVER,-2.5,0,0,0,0,0,5,Elite,02/27 08:00PM,3pm,
CBB,D,-0.9,C.J. Cox,PUR,MSU,Rebounds,Demon,4.5,OVER,-2.2,2.3,0.05,2,2.6,0,5,Elite,02/26 08:00PM,reb,
CBB,D,-0.9,Jaxon Kohler,MSU,PUR,Pts+Rebs,Demon,24.5,OVER,-6.600000000000001,17.9,0.15,19,16.8,1,4,Elite,02/26 08:00PM,pr,
CBB,D,-0.9,Kanaan Carlyle,FAU,TEM,Rebounds,Demon,5.5,OVER,-2.6625,2.8375,0.1625,2.8,2.875,1,4,Above Avg,02/26 07:00PM,reb,
CBB,D,-0.9,Kenyon Giles,WICH,MEM,3-PT Made,Demon,3.5,OVER,-3.5,0,0,0,0,0,5,Avg,02/26 09:00PM,3pm,
CBB,D,-0.9,Yaxel Lendeborg,MICH,ILL,Points,Demon,19.5,OVER,-5.449999999999999,14.05,0.2,13.8,14.3,1,4,Elite,02/27 08:00PM,pts,
CBB,D,-0.9,Curtis Givens,MEM,WICH,Points,Demon,15.5,OVER,-3.9,11.6,0.15,12,11.2,1,4,Above Avg,02/26 09:00PM,pts,
CBB,D,-0.91,Dug McDaniel,MEM,WICH,Points,Demon,16.5,OVER,-6.199999999999999,10.3,0.2,9.8,10.8,1,4,Above Avg,02/26 09:00PM,pts,
CBB,D,-0.91,Dug McDaniel,MEM,WICH,Pts+Rebs+Asts,Demon,23.5,OVER,-6.549999999999997,16.95,0.05,16.6,17.3,0,5,Above Avg,02/26 09:00PM,pra,
CBB,D,-0.91,L.J. Cason,MICH,ILL,Points,Demon,14.5,OVER,-3.200000000000001,11.3,0.15,13,9.6,1,4,Elite,02/27 08:00PM,pts,
CBB,D,-0.91,Derrian Ford,TEM,FAU,Rebounds,Demon,7.5,OVER,-3.45,4.05,0.05,3.8,4.3,0,5,Avg,02/26 07:00PM,reb,
CBB,D,-0.91,Andrej Stojakovic,ILL,MICH,Points,Demon,19.5,OVER,-6,13.5,0.2,14.4,12.6,1,4,Elite,02/27 08:00PM,pts,
CBB,D,-0.91,Kylan Boswell,ILL,MICH,Points,Demon,13.5,OVER,-2.300000000000001,11.2,0,11.2,11.2,0,5,Elite,02/27 08:00PM,pts,
CBB,D,-0.91,Trey Kaufman-Renn,PUR,MSU,Pts+Rebs,Demon,29.5,OVER,-5.299999999999997,24.2,0.15,26.8,21.6,1,4,Elite,02/26 08:00PM,pr,
CBB,D,-0.91,Coen Carr,MSU,PUR,Points,Demon,16.5,OVER,-4,12.5,0.15,12.8,12.2,1,4,Elite,02/26 08:00PM,pts,
CBB,D,-0.92,Braden Smith,PUR,MSU,3-PT Made,Demon,2.5,OVER,-2.5,0,0,0,0,0,5,Elite,02/26 08:00PM,3pm,
CBB,D,-0.92,C.J. Cox,PUR,MSU,3-PT Made,Demon,2.5,OVER,-2.5,0,0,0,0,0,5,Elite,02/26 08:00PM,3pm,
CBB,D,-0.92,Curtis Givens,MEM,WICH,Points,Demon,17.5,OVER,-5.9,11.6,0.15,12,11.2,1,4,Above Avg,02/26 09:00PM,pts,
CBB,D,-0.92,Jordan Scott,MSU,PUR,Points,Demon,14.5,OVER,-4.1,10.4,0.15,11.8,9,1,4,Elite,02/26 08:00PM,pts,
CBB,D,-0.92,Trey McKenney,MICH,ILL,Points,Demon,12.5,OVER,-3.5,9,0.15,8.2,9.8,1,4,Elite,02/27 08:00PM,pts,
CBB,D,-0.92,Carson Cooper,MSU,PUR,Rebounds,Demon,10.5,OVER,-2.800000000000001,7.699999999999999,0.2,7.8,7.6,1,4,Elite,02/26 08:00PM,reb,
CBB,D,-0.92,Yaxel Lendeborg,MICH,ILL,Rebounds,Demon,11.5,OVER,-4.6,6.9,0.25,6.2,7.6,1,4,Elite,02/27 08:00PM,reb,
CBB,D,-0.93,Kylan Boswell,ILL,MICH,Pts+Rebs+Asts,Demon,25.5,OVER,-4.5,21,0,21,21,0,5,Elite,02/27 08:00PM,pra,
CBB,D,-0.93,Jordan Scott,MSU,PUR,Pts+Rebs+Asts,Demon,19.5,OVER,-4.649999999999999,14.85,0,16.6,13.1,0,5,Elite,02/26 08:00PM,pra,
CBB,D,-0.93,Jaxon Kohler,MSU,PUR,Points,Demon,11.5,OVER,-2.85,8.65,0.1,8.6,8.7,0,5,Elite,02/26 08:00PM,pts,
CBB,D,-0.93,Braden Smith,PUR,MSU,Pts+Rebs+Asts,Demon,32.5,OVER,-6.149999999999999,26.35,0.05,25.6,27.1,0,5,Elite,02/26 08:00PM,pra,
CBB,D,-0.94,Tomislav Ivisic,ILL,MICH,Rebounds,Demon,9.5,OVER,-3.1,6.4,0.2,5.8,7,1,4,Elite,02/27 08:00PM,reb,
CBB,D,-0.94,Oscar Cluff,PUR,MSU,Points,Demon,9.5,OVER,-3.050000000000001,6.449999999999999,0.2,5.8,7.1,1,4,Elite,02/26 08:00PM,pts,
CBB,D,-0.94,Keaton Wagler,ILL,MICH,Rebounds,Demon,7.5,OVER,-2.7,4.8,0.15,4.8,4.8,1,4,Elite,02/27 08:00PM,reb,
CBB,D,-0.94,Aday Mara,MICH,ILL,Rebounds,Demon,9.5,OVER,-2.75,6.75,0.15,7,6.5,1,4,Elite,02/27 08:00PM,reb,
CBB,D,-0.94,David Mirkovic,ILL,MICH,Rebounds,Demon,8.5,OVER,-2.55,5.95,0.05,5.4,6.5,0,5,Elite,02/27 08:00PM,reb,
CBB,D,-0.94,Braden Smith,PUR,MSU,Assists,Demon,10.5,OVER,-2.899999999999999,7.600000000000001,0.2,8,7.2,1,4,Elite,02/26 08:00PM,ast,
CBB,D,-0.94,Oscar Cluff,PUR,MSU,Rebounds,Demon,8.5,OVER,-2.550000000000001,5.949999999999999,0.15,6.4,5.5,1,4,Elite,02/26 08:00PM,reb,
CBB,D,-0.95,Kanaan Carlyle,FAU,TEM,Points,Demon,16.5,OVER,-5.862499999999999,10.6375,0.0625,10.4,10.875,0,5,Above Avg,02/26 07:00PM,pts,
CBB,D,-0.95,Kylan Boswell,ILL,MICH,Rebounds,Demon,7.5,OVER,-2.5,5,0,5,5,0,5,Elite,02/27 08:00PM,reb,
CBB,D,-0.95,Coen Carr,MSU,PUR,Pts+Rebs,Demon,24.5,OVER,-6.300000000000001,18.2,0,18.4,18,0,5,Elite,02/26 08:00PM,pr,
CBB,D,-0.95,Aday Mara,MICH,ILL,Points,Demon,14.5,OVER,-3.65,10.85,0.05,10.2,11.5,0,5,Elite,02/27 08:00PM,pts,
CBB,D,-0.95,Dug McDaniel,MEM,WICH,Assists,Demon,6.5,OVER,-2.65,3.85,0,3.8,3.9,0,5,Above Avg,02/26 09:00PM,ast,
CBB,D,-0.95,C.J. Cox,PUR,MSU,Points,Demon,11.5,OVER,-5.05,6.45,0.2,6.4,6.5,1,4,Elite,02/26 08:00PM,pts,
CBB,D,-0.96,Morez Johnson,MICH,ILL,Points,Demon,16.5,OVER,-4.600000000000001,11.9,0.05,11.6,12.2,0,5,Elite,02/27 08:00PM,pts,
CBB,D,-0.96,Darius Acuff,ARK,FLA,3-PT Made,Demon,3.5,OVER,-3.5,0,0,0,0,0,5,Above Avg,02/28 08:30PM,3pm,
CBB,D,-0.96,Meleek Thomas,ARK,FLA,3-PT Made,Demon,3.5,OVER,-3.5,0,0,0,0,0,5,Above Avg,02/28 08:30PM,3pm,
CBB,D,-0.96,Trey Kaufman-Renn,PUR,MSU,Rebounds,Demon,12.5,OVER,-2.699999999999999,9.8,0.15,11.4,8.2,1,4,Elite,02/26 08:00PM,reb,
CBB,D,-0.96,Meleek Thomas,ARK,FLA,3-PT Made,Goblin,1.5,OVER,-1.5,0,0,0,0,0,5,Above Avg,02/28 08:30PM,3pm,
CBB,D,-0.96,C.J. Cox,PUR,MSU,Pts+Rebs+Asts,Demon,16.5,OVER,-6.35,10.15,0.05,9.8,10.5,0,5,Elite,02/26 08:00PM,pra,
CBB,D,-0.96,Thomas Haugh,FLA,ARK,Points,Standard,17.5,UNDER,-3.25,14.25,0.35,12.6,15.9,1,4,Weak,02/28 08:30PM,pts,
CBB,D,-0.96,Julius Thedford,MEM,WICH,Points,Demon,14.5,OVER,-4.350000000000001,10.15,0,11,9.3,0,5,Above Avg,02/26 09:00PM,pts,
CBB,D,-0.97,Aday Mara,MICH,ILL,Points,Demon,16.5,OVER,-5.65,10.85,0.05,10.2,11.5,0,5,Elite,02/27 08:00PM,pts,
CBB,D,-0.97,Kanaan Carlyle,FAU,TEM,3-PT Made,Demon,3.5,OVER,-3.5,0,0,0,0,0,5,Above Avg,02/26 07:00PM,3pm,
CBB,D,-0.97,Braden Smith,PUR,MSU,Points,Demon,20.5,OVER,-5.900000000000002,14.6,0.1,13.2,16,0,5,Elite,02/26 08:00PM,pts,
CBB,D,-0.97,Morez Johnson,MICH,ILL,Rebounds,Demon,11.5,OVER,-3.949999999999999,7.550000000000001,0.1,7.2,7.9,0,5,Elite,02/27 08:00PM,reb,
CBB,D,-0.97,Kanaan Carlyle,FAU,TEM,3-PT Made,Goblin,1.5,OVER,-1.5,0,0,0,0,0,5,Above Avg,02/26 07:00PM,3pm,
CBB,D,-0.98,Jaxon Kohler,MSU,PUR,Points,Demon,12.5,OVER,-3.85,8.65,0,8.6,8.7,0,5,Elite,02/26 08:00PM,pts,
CBB,D,-0.98,Julius Thedford,MEM,WICH,Points,Demon,16.5,OVER,-6.350000000000001,10.15,0,11,9.3,0,5,Above Avg,02/26 09:00PM,pts,
CBB,D,-0.98,Kylan Boswell,ILL,MICH,Points,Demon,15.5,OVER,-4.300000000000001,11.2,0,11.2,11.2,0,5,Elite,02/27 08:00PM,pts,
CBB,D,-0.98,Kanaan Carlyle,FAU,TEM,Points,Demon,18.5,OVER,-7.862499999999999,10.6375,0,10.4,10.875,0,5,Above Avg,02/26 07:00PM,pts,
CBB,D,-0.98,Fletcher Loyer,PUR,MSU,Points,Demon,19.5,OVER,-5.199999999999999,14.3,0.05,15.4,13.2,0,5,Elite,02/26 08:00PM,pts,
CBB,D,-0.98,Jordan Scott,MSU,PUR,3-PT Made,Demon,3.5,OVER,-3.5,0,0,0,0,0,5,Elite,02/26 08:00PM,3pm,
CBB,D,-0.98,Jaxon Kohler,MSU,PUR,3-PT Made,Demon,3.5,OVER,-3.5,0,0,0,0,0,5,Elite,02/26 08:00PM,3pm,
CBB,D,-0.98,Elliot Cadeau,MICH,ILL,3-PT Made,Demon,3.5,OVER,-3.5,0,0,0,0,0,5,Elite,02/27 08:00PM,3pm,
CBB,D,-0.98,Jaxon Kohler,MSU,PUR,Points,Demon,13.5,OVER,-4.85,8.65,0,8.6,8.7,0,5,Elite,02/26 08:00PM,pts,
CBB,D,-0.98,Keaton Wagler,ILL,MICH,3-PT Made,Demon,4.5,OVER,-4.5,0,0,0,0,0,5,Elite,02/27 08:00PM,3pm,
CBB,D,-0.98,David Mirkovic,ILL,MICH,3-PT Made,Demon,3.5,OVER,-3.5,0,0,0,0,0,5,Elite,02/27 08:00PM,3pm,
CBB,D,-0.98,Keaton Wagler,ILL,MICH,3-PT Made,Demon,3.5,OVER,-3.5,0,0,0,0,0,5,Elite,02/27 08:00PM,3pm,
CBB,D,-0.98,Kylan Boswell,ILL,MICH,3-PT Made,Demon,3.5,OVER,-3.5,0,0,0,0,0,5,Elite,02/27 08:00PM,3pm,
CBB,D,-0.99,Trey McKenney,MICH,ILL,Points,Demon,14.5,OVER,-5.5,9,0,8.2,9.8,0,5,Elite,02/27 08:00PM,pts,
CBB,D,-0.99,Nimari Burnett,MICH,ILL,Points,Demon,14.5,OVER,-7.25,7.25,0.05,6.2,8.3,0,5,Elite,02/27 08:00PM,pts,
CBB,D,-0.99,Kylan Boswell,ILL,MICH,Points,Demon,17.5,OVER,-6.300000000000001,11.2,0,11.2,11.2,0,5,Elite,02/27 08:00PM,pts,
CBB,D,-0.99,Morez Johnson,MICH,ILL,Points,Demon,19.5,OVER,-7.600000000000001,11.9,0,11.6,12.2,0,5,Elite,02/27 08:00PM,pts,
CBB,D,-0.99,Braden Smith,PUR,MSU,Points,Demon,22.5,OVER,-7.900000000000002,14.6,0.05,13.2,16,0,5,Elite,02/26 08:00PM,pts,
CBB,D,-1,Elliot Cadeau,MICH,ILL,3-PT Made,Goblin,1.5,OVER,-1.5,0,0,0,0,0,5,Elite,02/27 08:00PM,3pm,
CBB,D,-1,Keaton Wagler,ILL,MICH,3-PT Made,Goblin,1.5,OVER,-1.5,0,0,0,0,0,5,Elite,02/27 08:00PM,3pm,
CBB,D,-1.01,Fletcher Loyer,PUR,MSU,3-PT Made,Demon,4.5,OVER,-4.5,0,0,0,0,0,5,Elite,02/26 08:00PM,3pm,
CBB,D,-1.01,Fletcher Loyer,PUR,MSU,3-PT Made,Demon,3.5,OVER,-3.5,0,0,0,0,0,5,Elite,02/26 08:00PM,3pm,
CBB,D,-1.01,Braden Smith,PUR,MSU,3-PT Made,Demon,3.5,OVER,-3.5,0,0,0,0,0,5,Elite,02/26 08:00PM,3pm,
CBB,D,-1.03,Jordan Scott,MSU,PUR,Rebounds,Demon,6.5,OVER,-3.25,3.25,0,3.4,3.1,0,5,Elite,02/26 08:00PM,reb,
CBB,D,-1.03,Fletcher Loyer,PUR,MSU,3-PT Made,Goblin,1.5,OVER,-1.5,0,0,0,0,0,5,Elite,02/26 08:00PM,3pm,
