player,team,prop_type,actual,SOG,G,A,PTS,HIT,BS,PIM,PM,PPP,FOW,TOI
Nikita Grebenkin,PHI,PIM,6.0,0.0,0.0,0.0,0.0,,2.0,6.0,0.0,,,
Rasmus Ristolainen,PHI,Blocked Shots,5.0,0.0,0.0,0.0,0.0,,5.0,2.0,2.0,,,
Alexandre Carrier,MTL,Blocked Shots,4.0,0.0,0.0,0.0,0.0,,4.0,0.0,0.0,,,
Lane Hutson,MTL,PIM,4.0,0.0,0.0,1.0,1.0,,3.0,4.0,1.0,,,
Brandon Duhaime,WSH,PIM,4.0,0.0,0.0,0.0,0.0,,0.0,4.0,0.0,,,
Thomas Chabot,OTT,Blocked Shots,4.0,0.0,0.0,0.0,0.0,,4.0,0.0,-1.0,,,
Timothy Liljegren,WSH,Blocked Shots,4.0,0.0,0.0,0.0,0.0,,4.0,2.0,0.0,,,
Lane Hutson,MTL,Blocked Shots,3.0,0.0,0.0,1.0,1.0,,3.0,4.0,1.0,,,
Trevor Zegras,PHI,Plus/Minus,3.0,0.0,1.0,0.0,1.0,,1.0,2.0,3.0,,,
Juraj Slafkovsky,MTL,Blocked Shots,3.0,0.0,1.0,0.0,1.0,,3.0,0.0,0.0,,,
Travis Sanheim,PHI,Plus/Minus,3.0,0.0,0.0,1.0,1.0,,0.0,0.0,3.0,,,
Sean Couturier,PHI,PIM,2.0,0.0,0.0,0.0,0.0,,0.0,2.0,0.0,,,
Noah Cates,PHI,Plus/Minus,2.0,0.0,0.0,2.0,2.0,,2.0,0.0,2.0,,,
Noah Cates,PHI,Points,2.0,0.0,0.0,2.0,2.0,,2.0,0.0,2.0,,,
Travis Konecny,PHI,PIM,2.0,0.0,1.0,0.0,1.0,,0.0,2.0,1.0,,,
Noah Cates,PHI,Assists,2.0,0.0,0.0,2.0,2.0,,2.0,0.0,2.0,,,
Noah Juulsen,PHI,Blocked Shots,2.0,0.0,0.0,0.0,0.0,,2.0,0.0,1.0,,,
Trevor Zegras,PHI,PIM,2.0,0.0,1.0,0.0,1.0,,1.0,2.0,3.0,,,
Noah Cates,PHI,Blocked Shots,2.0,0.0,0.0,2.0,2.0,,2.0,0.0,2.0,,,
Owen Tippett,PHI,Points,2.0,0.0,1.0,1.0,2.0,,0.0,0.0,2.0,,,
Ivan Demidov,MTL,PIM,2.0,0.0,1.0,1.0,2.0,,0.0,2.0,0.0,,,
Nikita Grebenkin,PHI,Blocked Shots,2.0,0.0,0.0,0.0,0.0,,2.0,6.0,0.0,,,
Owen Tippett,PHI,Plus/Minus,2.0,0.0,1.0,1.0,2.0,,0.0,0.0,2.0,,,
Cam York,PHI,Blocked Shots,2.0,0.0,0.0,1.0,1.0,,2.0,0.0,1.0,,,
Carl Grundstrom,PHI,Plus/Minus,2.0,0.0,0.0,1.0,1.0,,0.0,0.0,2.0,,,
Ivan Demidov,MTL,Points,2.0,0.0,1.0,1.0,2.0,,0.0,2.0,0.0,,,
Jakob Chychrun,WSH,PIM,2.0,0.0,0.0,0.0,0.0,,0.0,2.0,-4.0,,,
Tom Wilson,WSH,PIM,2.0,0.0,0.0,0.0,0.0,,1.0,2.0,-2.0,,,
Timothy Liljegren,WSH,PIM,2.0,0.0,0.0,0.0,0.0,,4.0,2.0,0.0,,,
Kaiden Guhle,MTL,Blocked Shots,2.0,0.0,0.0,1.0,1.0,,2.0,0.0,-1.0,,,
Jayden Struble,MTL,Plus/Minus,2.0,0.0,0.0,0.0,0.0,,0.0,0.0,2.0,,,
Josh Anderson,MTL,PIM,2.0,0.0,0.0,0.0,0.0,,2.0,2.0,0.0,,,
Josh Anderson,MTL,Blocked Shots,2.0,0.0,0.0,0.0,0.0,,2.0,2.0,0.0,,,
Shane Pinto,OTT,PIM,2.0,0.0,0.0,0.0,0.0,,0.0,2.0,-2.0,,,
Drake Batherson,OTT,PIM,2.0,0.0,2.0,0.0,2.0,,1.0,2.0,1.0,,,
Kirby Dach,MTL,Blocked Shots,2.0,0.0,0.0,0.0,0.0,,2.0,0.0,0.0,,,
Rasmus Ristolainen,PHI,PIM,2.0,0.0,0.0,0.0,0.0,,5.0,2.0,2.0,,,
Rasmus Ristolainen,PHI,Plus/Minus,2.0,0.0,0.0,0.0,0.0,,5.0,2.0,2.0,,,
Dylan Cozens,OTT,PIM,2.0,0.0,0.0,0.0,0.0,,0.0,2.0,0.0,,,
Drake Batherson,OTT,Points,2.0,0.0,2.0,0.0,2.0,,1.0,2.0,1.0,,,
Michael Amadio,OTT,Blocked Shots,2.0,0.0,0.0,0.0,0.0,,2.0,0.0,-2.0,,,
Tim Stutzle,OTT,Points,2.0,0.0,0.0,2.0,2.0,,1.0,0.0,1.0,,,
Tim Stutzle,OTT,Assists,2.0,0.0,0.0,2.0,2.0,,1.0,0.0,1.0,,,
Drake Batherson,OTT,Goals,2.0,0.0,2.0,0.0,2.0,,1.0,2.0,1.0,,,
Mike Matheson,MTL,Blocked Shots,2.0,0.0,0.0,0.0,0.0,,2.0,0.0,0.0,,,
Carl Grundstrom,PHI,Points,1.0,0.0,0.0,1.0,1.0,,0.0,0.0,2.0,,,
Oliver Kapanen,MTL,Blocked Shots,1.0,0.0,0.0,0.0,0.0,,1.0,0.0,0.0,,,
Carl Grundstrom,PHI,Assists,1.0,0.0,0.0,1.0,1.0,,0.0,0.0,2.0,,,
Ivan Demidov,MTL,Goals,1.0,0.0,1.0,1.0,2.0,,0.0,2.0,0.0,,,
Phillip Danault,MTL,Blocked Shots,1.0,0.0,0.0,0.0,0.0,,1.0,0.0,0.0,,,
Jake Evans,MTL,Assists,1.0,0.0,0.0,1.0,1.0,,1.0,0.0,1.0,,,
Ivan Demidov,MTL,Assists,1.0,0.0,1.0,1.0,2.0,,0.0,2.0,0.0,,,
Cam York,PHI,Points,1.0,0.0,0.0,1.0,1.0,,2.0,0.0,1.0,,,
Travis Konecny,PHI,Plus/Minus,1.0,0.0,1.0,0.0,1.0,,0.0,2.0,1.0,,,
Cam York,PHI,Assists,1.0,0.0,0.0,1.0,1.0,,2.0,0.0,1.0,,,
Cam York,PHI,Plus/Minus,1.0,0.0,0.0,1.0,1.0,,2.0,0.0,1.0,,,
Noah Juulsen,PHI,Plus/Minus,1.0,0.0,0.0,0.0,0.0,,2.0,0.0,1.0,,,
Zack Bolduc,MTL,Plus/Minus,1.0,0.0,0.0,0.0,0.0,,0.0,0.0,1.0,,,
Alexandre Texier,MTL,Plus/Minus,1.0,0.0,1.0,0.0,1.0,,1.0,0.0,1.0,,,
Alexandre Texier,MTL,Blocked Shots,1.0,0.0,1.0,0.0,1.0,,1.0,0.0,1.0,,,
Alexandre Texier,MTL,Points,1.0,0.0,1.0,0.0,1.0,,1.0,0.0,1.0,,,
Alexandre Texier,MTL,Goals,1.0,0.0,1.0,0.0,1.0,,1.0,0.0,1.0,,,
Matt Roy,WSH,Blocked Shots,1.0,0.0,0.0,0.0,0.0,,1.0,0.0,-1.0,,,
Jamie Drysdale,PHI,Plus/Minus,1.0,0.0,1.0,0.0,1.0,,0.0,0.0,1.0,,,
Jamie Drysdale,PHI,Points,1.0,0.0,1.0,0.0,1.0,,0.0,0.0,1.0,,,
Jamie Drysdale,PHI,Goals,1.0,0.0,1.0,0.0,1.0,,0.0,0.0,1.0,,,
Trevor Zegras,PHI,Points,1.0,0.0,1.0,0.0,1.0,,1.0,2.0,3.0,,,
Trevor Zegras,PHI,Blocked Shots,1.0,0.0,1.0,0.0,1.0,,1.0,2.0,3.0,,,
Alex Bump,PHI,Points,1.0,0.0,0.0,1.0,1.0,,0.0,0.0,0.0,,,
Trevor Zegras,PHI,Goals,1.0,0.0,1.0,0.0,1.0,,1.0,2.0,3.0,,,
Alex Bump,PHI,Assists,1.0,0.0,0.0,1.0,1.0,,0.0,0.0,0.0,,,
Juraj Slafkovsky,MTL,Goals,1.0,0.0,1.0,0.0,1.0,,3.0,0.0,0.0,,,
Juraj Slafkovsky,MTL,Points,1.0,0.0,1.0,0.0,1.0,,3.0,0.0,0.0,,,
Jake Evans,MTL,Plus/Minus,1.0,0.0,0.0,1.0,1.0,,1.0,0.0,1.0,,,
Travis Konecny,PHI,Goals,1.0,0.0,1.0,0.0,1.0,,0.0,2.0,1.0,,,
Travis Konecny,PHI,Points,1.0,0.0,1.0,0.0,1.0,,0.0,2.0,1.0,,,
Christian Dvorak,PHI,Plus/Minus,1.0,0.0,0.0,1.0,1.0,,1.0,0.0,1.0,,,
Christian Dvorak,PHI,Assists,1.0,0.0,0.0,1.0,1.0,,1.0,0.0,1.0,,,
Christian Dvorak,PHI,Points,1.0,0.0,0.0,1.0,1.0,,1.0,0.0,1.0,,,
Christian Dvorak,PHI,Blocked Shots,1.0,0.0,0.0,1.0,1.0,,1.0,0.0,1.0,,,
Luke Glendening,PHI,Blocked Shots,1.0,0.0,0.0,0.0,0.0,,1.0,0.0,0.0,,,
Jake Evans,MTL,Points,1.0,0.0,0.0,1.0,1.0,,1.0,0.0,1.0,,,
Owen Tippett,PHI,Goals,1.0,0.0,1.0,1.0,2.0,,0.0,0.0,2.0,,,
Owen Tippett,PHI,Assists,1.0,0.0,1.0,1.0,2.0,,0.0,0.0,2.0,,,
Jake Evans,MTL,Blocked Shots,1.0,0.0,0.0,1.0,1.0,,1.0,0.0,1.0,,,
Alex Newhook,MTL,Points,1.0,0.0,0.0,1.0,1.0,,0.0,0.0,0.0,,,
Tom Wilson,WSH,Blocked Shots,1.0,0.0,0.0,0.0,0.0,,1.0,2.0,-2.0,,,
Trevor van Riemsdyk,WSH,Blocked Shots,1.0,0.0,0.0,0.0,0.0,,1.0,0.0,-1.0,,,
Kaiden Guhle,MTL,Assists,1.0,0.0,0.0,1.0,1.0,,2.0,0.0,-1.0,,,
Noah Dobson,MTL,Blocked Shots,1.0,0.0,0.0,0.0,0.0,,1.0,0.0,0.0,,,
Nick Jensen,OTT,Blocked Shots,1.0,0.0,0.0,0.0,0.0,,1.0,0.0,0.0,,,
Nikolas Matinpalo,OTT,Blocked Shots,1.0,0.0,0.0,0.0,0.0,,1.0,0.0,0.0,,,
Pierre-Luc Dubois,WSH,Blocked Shots,1.0,0.0,0.0,1.0,1.0,,1.0,0.0,-2.0,,,
Lane Hutson,MTL,Plus/Minus,1.0,0.0,0.0,1.0,1.0,,3.0,4.0,1.0,,,
Pierre-Luc Dubois,WSH,Points,1.0,0.0,0.0,1.0,1.0,,1.0,0.0,-2.0,,,
Ryan Leonard,WSH,Points,1.0,0.0,1.0,0.0,1.0,,0.0,0.0,-2.0,,,
Ethen Frank,WSH,Blocked Shots,1.0,0.0,0.0,0.0,0.0,,1.0,0.0,0.0,,,
Pierre-Luc Dubois,WSH,Assists,1.0,0.0,0.0,1.0,1.0,,1.0,0.0,-2.0,,,
Alex Ovechkin,WSH,Assists,1.0,0.0,0.0,1.0,1.0,,0.0,0.0,-1.0,,,
Alex Ovechkin,WSH,Points,1.0,0.0,0.0,1.0,1.0,,0.0,0.0,-1.0,,,
Connor McMichael,WSH,Blocked Shots,1.0,0.0,0.0,0.0,0.0,,1.0,0.0,-1.0,,,
Ryan Leonard,WSH,Goals,1.0,0.0,1.0,0.0,1.0,,0.0,0.0,-2.0,,,
Kaiden Guhle,MTL,Points,1.0,0.0,0.0,1.0,1.0,,2.0,0.0,-1.0,,,
Nick Suzuki,MTL,Assists,1.0,0.0,0.0,1.0,1.0,,1.0,0.0,0.0,,,
Nick Suzuki,MTL,Points,1.0,0.0,0.0,1.0,1.0,,1.0,0.0,0.0,,,
Nick Suzuki,MTL,Blocked Shots,1.0,0.0,0.0,1.0,1.0,,1.0,0.0,0.0,,,
Alex Newhook,MTL,Assists,1.0,0.0,0.0,1.0,1.0,,0.0,0.0,0.0,,,
Martin Fehervary,WSH,Blocked Shots,1.0,0.0,0.0,0.0,0.0,,1.0,0.0,0.0,,,
Claude Giroux,OTT,Assists,1.0,0.0,0.0,1.0,1.0,,0.0,0.0,1.0,,,
Brady Tkachuk,OTT,Points,1.0,0.0,0.0,1.0,1.0,,0.0,0.0,0.0,,,
Tyler Kleven,OTT,Blocked Shots,1.0,0.0,0.0,0.0,0.0,,1.0,0.0,0.0,,,
Tim Stutzle,OTT,Blocked Shots,1.0,0.0,0.0,2.0,2.0,,1.0,0.0,1.0,,,
Tim Stutzle,OTT,Plus/Minus,1.0,0.0,0.0,2.0,2.0,,1.0,0.0,1.0,,,
Brady Tkachuk,OTT,Assists,1.0,0.0,0.0,1.0,1.0,,0.0,0.0,0.0,,,
Lane Hutson,MTL,Points,1.0,0.0,0.0,1.0,1.0,,3.0,4.0,1.0,,,
Lane Hutson,MTL,Assists,1.0,0.0,0.0,1.0,1.0,,3.0,4.0,1.0,,,
Claude Giroux,OTT,Plus/Minus,1.0,0.0,0.0,1.0,1.0,,0.0,0.0,1.0,,,
Claude Giroux,OTT,Points,1.0,0.0,0.0,1.0,1.0,,0.0,0.0,1.0,,,
Drake Batherson,OTT,Plus/Minus,1.0,0.0,2.0,0.0,2.0,,1.0,2.0,1.0,,,
Drake Batherson,OTT,Blocked Shots,1.0,0.0,2.0,0.0,2.0,,1.0,2.0,1.0,,,
Travis Sanheim,PHI,Points,1.0,0.0,0.0,1.0,1.0,,0.0,0.0,3.0,,,
Travis Sanheim,PHI,Assists,1.0,0.0,0.0,1.0,1.0,,0.0,0.0,3.0,,,
Zack Bolduc,MTL,Goals,0.0,0.0,0.0,0.0,0.0,,0.0,0.0,1.0,,,
Josh Anderson,MTL,Goals,0.0,0.0,0.0,0.0,0.0,,2.0,2.0,0.0,,,
Josh Anderson,MTL,Assists,0.0,0.0,0.0,0.0,0.0,,2.0,2.0,0.0,,,
Josh Anderson,MTL,Points,0.0,0.0,0.0,0.0,0.0,,2.0,2.0,0.0,,,
Josh Anderson,MTL,Plus/Minus,0.0,0.0,0.0,0.0,0.0,,2.0,2.0,0.0,,,
Travis Sanheim,PHI,Blocked Shots,0.0,0.0,0.0,1.0,1.0,,0.0,0.0,3.0,,,
Travis Sanheim,PHI,Goals,0.0,0.0,0.0,1.0,1.0,,0.0,0.0,3.0,,,
Travis Sanheim,PHI,Shots On Goal,0.0,0.0,0.0,1.0,1.0,,0.0,0.0,3.0,,,
Rasmus Ristolainen,PHI,Points,0.0,0.0,0.0,0.0,0.0,,5.0,2.0,2.0,,,
Rasmus Ristolainen,PHI,Assists,0.0,0.0,0.0,0.0,0.0,,5.0,2.0,2.0,,,
Nick Seeler,PHI,Assists,0.0,0.0,0.0,0.0,0.0,,0.0,0.0,0.0,,,
Nick Seeler,PHI,Goals,0.0,0.0,0.0,0.0,0.0,,0.0,0.0,0.0,,,
Nick Seeler,PHI,Shots On Goal,0.0,0.0,0.0,0.0,0.0,,0.0,0.0,0.0,,,
Matvei Michkov,PHI,Points,0.0,0.0,0.0,0.0,0.0,,0.0,0.0,0.0,,,
Ivan Demidov,MTL,Blocked Shots,0.0,0.0,1.0,1.0,2.0,,0.0,2.0,0.0,,,
Ivan Demidov,MTL,Plus/Minus,0.0,0.0,1.0,1.0,2.0,,0.0,2.0,0.0,,,
Jake Evans,MTL,Shots On Goal,0.0,0.0,0.0,1.0,1.0,,1.0,0.0,1.0,,,
Jake Evans,MTL,Goals,0.0,0.0,0.0,1.0,1.0,,1.0,0.0,1.0,,,
Noah Juulsen,PHI,Points,0.0,0.0,0.0,0.0,0.0,,2.0,0.0,1.0,,,
Noah Juulsen,PHI,PIM,0.0,0.0,0.0,0.0,0.0,,2.0,0.0,1.0,,,
Rasmus Ristolainen,PHI,Shots On Goal,0.0,0.0,0.0,0.0,0.0,,5.0,2.0,2.0,,,
Rasmus Ristolainen,PHI,Goals,0.0,0.0,0.0,0.0,0.0,,5.0,2.0,2.0,,,
Matvei Michkov,PHI,Blocked Shots,0.0,0.0,0.0,0.0,0.0,,0.0,0.0,0.0,,,
Matvei Michkov,PHI,PIM,0.0,0.0,0.0,0.0,0.0,,0.0,0.0,0.0,,,
Matvei Michkov,PHI,Plus/Minus,0.0,0.0,0.0,0.0,0.0,,0.0,0.0,0.0,,,
Owen Tippett,PHI,Shots On Goal,0.0,0.0,1.0,1.0,2.0,,0.0,0.0,2.0,,,
Owen Tippett,PHI,Blocked Shots,0.0,0.0,1.0,1.0,2.0,,0.0,0.0,2.0,,,
Owen Tippett,PHI,PIM,0.0,0.0,1.0,1.0,2.0,,0.0,0.0,2.0,,,
Trevor Zegras,PHI,Shots On Goal,0.0,0.0,1.0,0.0,1.0,,1.0,2.0,3.0,,,
Warren Foegele,OTT,Shots On Goal,0.0,0.0,0.0,0.0,0.0,,0.0,0.0,0.0,,,
Warren Foegele,OTT,Goals,0.0,0.0,0.0,0.0,0.0,,0.0,0.0,0.0,,,
Warren Foegele,OTT,Assists,0.0,0.0,0.0,0.0,0.0,,0.0,0.0,0.0,,,
Warren Foegele,OTT,Points,0.0,0.0,0.0,0.0,0.0,,0.0,0.0,0.0,,,
Warren Foegele,OTT,Blocked Shots,0.0,0.0,0.0,0.0,0.0,,0.0,0.0,0.0,,,
Warren Foegele,OTT,PIM,0.0,0.0,0.0,0.0,0.0,,0.0,0.0,0.0,,,
Warren Foegele,OTT,Plus/Minus,0.0,0.0,0.0,0.0,0.0,,0.0,0.0,0.0,,,
Nick Cousins,OTT,Shots On Goal,0.0,0.0,0.0,0.0,0.0,,0.0,0.0,-2.0,,,
Nick Cousins,OTT,Goals,0.0,0.0,0.0,0.0,0.0,,0.0,0.0,-2.0,,,
Nick Cousins,OTT,Assists,0.0,0.0,0.0,0.0,0.0,,0.0,0.0,-2.0,,,
Nick Cousins,OTT,Points,0.0,0.0,0.0,0.0,0.0,,0.0,0.0,-2.0,,,
Nick Cousins,OTT,Blocked Shots,0.0,0.0,0.0,0.0,0.0,,0.0,0.0,-2.0,,,
Nick Cousins,OTT,PIM,0.0,0.0,0.0,0.0,0.0,,0.0,0.0,-2.0,,,
Dylan Cozens,OTT,Shots On Goal,0.0,0.0,0.0,0.0,0.0,,0.0,2.0,0.0,,,
Dylan Cozens,OTT,Goals,0.0,0.0,0.0,0.0,0.0,,0.0,2.0,0.0,,,
Dylan Cozens,OTT,Assists,0.0,0.0,0.0,0.0,0.0,,0.0,2.0,0.0,,,
Ridly Greig,OTT,Goals,0.0,0.0,0.0,0.0,0.0,,0.0,0.0,0.0,,,
Ridly Greig,OTT,Assists,0.0,0.0,0.0,0.0,0.0,,0.0,0.0,0.0,,,
Ridly Greig,OTT,Points,0.0,0.0,0.0,0.0,0.0,,0.0,0.0,0.0,,,
Ridly Greig,OTT,Blocked Shots,0.0,0.0,0.0,0.0,0.0,,0.0,0.0,0.0,,,
Ridly Greig,OTT,PIM,0.0,0.0,0.0,0.0,0.0,,0.0,0.0,0.0,,,
Ridly Greig,OTT,Plus/Minus,0.0,0.0,0.0,0.0,0.0,,0.0,0.0,0.0,,,
Shane Pinto,OTT,Shots On Goal,0.0,0.0,0.0,0.0,0.0,,0.0,2.0,-2.0,,,
Shane Pinto,OTT,Goals,0.0,0.0,0.0,0.0,0.0,,0.0,2.0,-2.0,,,
Dylan Cozens,OTT,Plus/Minus,0.0,0.0,0.0,0.0,0.0,,0.0,2.0,0.0,,,
Lars Eller,OTT,Shots On Goal,0.0,0.0,0.0,0.0,0.0,,0.0,0.0,0.0,,,
Lars Eller,OTT,Goals,0.0,0.0,0.0,0.0,0.0,,0.0,0.0,0.0,,,
Lars Eller,OTT,Assists,0.0,0.0,0.0,0.0,0.0,,0.0,0.0,0.0,,,
Lars Eller,OTT,Points,0.0,0.0,0.0,0.0,0.0,,0.0,0.0,0.0,,,
Lars Eller,OTT,Blocked Shots,0.0,0.0,0.0,0.0,0.0,,0.0,0.0,0.0,,,
Lars Eller,OTT,PIM,0.0,0.0,0.0,0.0,0.0,,0.0,0.0,0.0,,,
Lars Eller,OTT,Plus/Minus,0.0,0.0,0.0,0.0,0.0,,0.0,0.0,0.0,,,
Brady Tkachuk,OTT,Goals,0.0,0.0,0.0,1.0,1.0,,0.0,0.0,0.0,,,
Claude Giroux,OTT,Shots On Goal,0.0,0.0,0.0,1.0,1.0,,0.0,0.0,1.0,,,
Claude Giroux,OTT,Goals,0.0,0.0,0.0,1.0,1.0,,0.0,0.0,1.0,,,
Jayden Struble,MTL,PIM,0.0,0.0,0.0,0.0,0.0,,0.0,0.0,2.0,,,
Michael Amadio,OTT,Shots On Goal,0.0,0.0,0.0,0.0,0.0,,2.0,0.0,-2.0,,,
Michael Amadio,OTT,Goals,0.0,0.0,0.0,0.0,0.0,,2.0,0.0,-2.0,,,
Michael Amadio,OTT,Assists,0.0,0.0,0.0,0.0,0.0,,2.0,0.0,-2.0,,,
Michael Amadio,OTT,Points,0.0,0.0,0.0,0.0,0.0,,2.0,0.0,-2.0,,,
Michael Amadio,OTT,PIM,0.0,0.0,0.0,0.0,0.0,,2.0,0.0,-2.0,,,
Drake Batherson,OTT,Shots On Goal,0.0,0.0,2.0,0.0,2.0,,1.0,2.0,1.0,,,
Drake Batherson,OTT,Assists,0.0,0.0,2.0,0.0,2.0,,1.0,2.0,1.0,,,
Lane Hutson,MTL,Shots On Goal,0.0,0.0,0.0,1.0,1.0,,3.0,4.0,1.0,,,
Lane Hutson,MTL,Goals,0.0,0.0,0.0,1.0,1.0,,3.0,4.0,1.0,,,
Claude Giroux,OTT,Blocked Shots,0.0,0.0,0.0,1.0,1.0,,0.0,0.0,1.0,,,
Claude Giroux,OTT,PIM,0.0,0.0,0.0,1.0,1.0,,0.0,0.0,1.0,,,
Ridly Greig,OTT,Shots On Goal,0.0,0.0,0.0,0.0,0.0,,0.0,0.0,0.0,,,
Fabian Zetterlund,OTT,Points,0.0,0.0,0.0,0.0,0.0,,0.0,0.0,0.0,,,
Fabian Zetterlund,OTT,Blocked Shots,0.0,0.0,0.0,0.0,0.0,,0.0,0.0,0.0,,,
Fabian Zetterlund,OTT,PIM,0.0,0.0,0.0,0.0,0.0,,0.0,0.0,0.0,,,
Fabian Zetterlund,OTT,Plus/Minus,0.0,0.0,0.0,0.0,0.0,,0.0,0.0,0.0,,,
Thomas Chabot,OTT,Shots On Goal,0.0,0.0,0.0,0.0,0.0,,4.0,0.0,-1.0,,,
Thomas Chabot,OTT,Goals,0.0,0.0,0.0,0.0,0.0,,4.0,0.0,-1.0,,,
Thomas Chabot,OTT,Assists,0.0,0.0,0.0,0.0,0.0,,4.0,0.0,-1.0,,,
Thomas Chabot,OTT,Points,0.0,0.0,0.0,0.0,0.0,,4.0,0.0,-1.0,,,
Thomas Chabot,OTT,PIM,0.0,0.0,0.0,0.0,0.0,,4.0,0.0,-1.0,,,
Shane Pinto,OTT,Assists,0.0,0.0,0.0,0.0,0.0,,0.0,2.0,-2.0,,,
Shane Pinto,OTT,Points,0.0,0.0,0.0,0.0,0.0,,0.0,2.0,-2.0,,,
Shane Pinto,OTT,Blocked Shots,0.0,0.0,0.0,0.0,0.0,,0.0,2.0,-2.0,,,
Tim Stutzle,OTT,Shots On Goal,0.0,0.0,0.0,2.0,2.0,,1.0,0.0,1.0,,,
Tim Stutzle,OTT,Goals,0.0,0.0,0.0,2.0,2.0,,1.0,0.0,1.0,,,
Tim Stutzle,OTT,PIM,0.0,0.0,0.0,2.0,2.0,,1.0,0.0,1.0,,,
Brady Tkachuk,OTT,Shots On Goal,0.0,0.0,0.0,1.0,1.0,,0.0,0.0,0.0,,,
Nick Jensen,OTT,Points,0.0,0.0,0.0,0.0,0.0,,1.0,0.0,0.0,,,
Nick Jensen,OTT,PIM,0.0,0.0,0.0,0.0,0.0,,1.0,0.0,0.0,,,
Nick Jensen,OTT,Plus/Minus,0.0,0.0,0.0,0.0,0.0,,1.0,0.0,0.0,,,
Tyler Kleven,OTT,Shots On Goal,0.0,0.0,0.0,0.0,0.0,,1.0,0.0,0.0,,,
Tyler Kleven,OTT,Goals,0.0,0.0,0.0,0.0,0.0,,1.0,0.0,0.0,,,
Tyler Kleven,OTT,Assists,0.0,0.0,0.0,0.0,0.0,,1.0,0.0,0.0,,,
Tyler Kleven,OTT,Points,0.0,0.0,0.0,0.0,0.0,,1.0,0.0,0.0,,,
Tyler Kleven,OTT,PIM,0.0,0.0,0.0,0.0,0.0,,1.0,0.0,0.0,,,
Tyler Kleven,OTT,Plus/Minus,0.0,0.0,0.0,0.0,0.0,,1.0,0.0,0.0,,,
Nikolas Matinpalo,OTT,Shots On Goal,0.0,0.0,0.0,0.0,0.0,,1.0,0.0,0.0,,,
Brady Tkachuk,OTT,Blocked Shots,0.0,0.0,0.0,1.0,1.0,,0.0,0.0,0.0,,,
Brady Tkachuk,OTT,PIM,0.0,0.0,0.0,1.0,1.0,,0.0,0.0,0.0,,,
Brady Tkachuk,OTT,Plus/Minus,0.0,0.0,0.0,1.0,1.0,,0.0,0.0,0.0,,,
Fabian Zetterlund,OTT,Shots On Goal,0.0,0.0,0.0,0.0,0.0,,0.0,0.0,0.0,,,
Fabian Zetterlund,OTT,Goals,0.0,0.0,0.0,0.0,0.0,,0.0,0.0,0.0,,,
Fabian Zetterlund,OTT,Assists,0.0,0.0,0.0,0.0,0.0,,0.0,0.0,0.0,,,
Nikolas Matinpalo,OTT,Points,0.0,0.0,0.0,0.0,0.0,,1.0,0.0,0.0,,,
Nikolas Matinpalo,OTT,PIM,0.0,0.0,0.0,0.0,0.0,,1.0,0.0,0.0,,,
Nikolas Matinpalo,OTT,Plus/Minus,0.0,0.0,0.0,0.0,0.0,,1.0,0.0,0.0,,,
Jordan Spence,OTT,Shots On Goal,0.0,0.0,0.0,0.0,0.0,,0.0,0.0,0.0,,,
Jordan Spence,OTT,Goals,0.0,0.0,0.0,0.0,0.0,,0.0,0.0,0.0,,,
Jordan Spence,OTT,Assists,0.0,0.0,0.0,0.0,0.0,,0.0,0.0,0.0,,,
Jordan Spence,OTT,Points,0.0,0.0,0.0,0.0,0.0,,0.0,0.0,0.0,,,
Jordan Spence,OTT,Blocked Shots,0.0,0.0,0.0,0.0,0.0,,0.0,0.0,0.0,,,
Jordan Spence,OTT,PIM,0.0,0.0,0.0,0.0,0.0,,0.0,0.0,0.0,,,
Jordan Spence,OTT,Plus/Minus,0.0,0.0,0.0,0.0,0.0,,0.0,0.0,0.0,,,
Artem Zub,OTT,Shots On Goal,0.0,0.0,0.0,0.0,0.0,,0.0,0.0,-1.0,,,
Artem Zub,OTT,Goals,0.0,0.0,0.0,0.0,0.0,,0.0,0.0,-1.0,,,
Artem Zub,OTT,Assists,0.0,0.0,0.0,0.0,0.0,,0.0,0.0,-1.0,,,
Nick Jensen,OTT,Shots On Goal,0.0,0.0,0.0,0.0,0.0,,1.0,0.0,0.0,,,
Nick Jensen,OTT,Goals,0.0,0.0,0.0,0.0,0.0,,1.0,0.0,0.0,,,
Nick Jensen,OTT,Assists,0.0,0.0,0.0,0.0,0.0,,1.0,0.0,0.0,,,
Pierre-Luc Dubois,WSH,Shots On Goal,0.0,0.0,0.0,1.0,1.0,,1.0,0.0,-2.0,,,
Pierre-Luc Dubois,WSH,Goals,0.0,0.0,0.0,1.0,1.0,,1.0,0.0,-2.0,,,
Nikolas Matinpalo,OTT,Goals,0.0,0.0,0.0,0.0,0.0,,1.0,0.0,0.0,,,
Mike Matheson,MTL,Shots On Goal,0.0,0.0,0.0,0.0,0.0,,2.0,0.0,0.0,,,
Mike Matheson,MTL,Goals,0.0,0.0,0.0,0.0,0.0,,2.0,0.0,0.0,,,
Mike Matheson,MTL,Assists,0.0,0.0,0.0,0.0,0.0,,2.0,0.0,0.0,,,
Mike Matheson,MTL,Points,0.0,0.0,0.0,0.0,0.0,,2.0,0.0,0.0,,,
Mike Matheson,MTL,PIM,0.0,0.0,0.0,0.0,0.0,,2.0,0.0,0.0,,,
Mike Matheson,MTL,Plus/Minus,0.0,0.0,0.0,0.0,0.0,,2.0,0.0,0.0,,,
Jayden Struble,MTL,Shots On Goal,0.0,0.0,0.0,0.0,0.0,,0.0,0.0,2.0,,,
Alexandre Carrier,MTL,PIM,0.0,0.0,0.0,0.0,0.0,,4.0,0.0,0.0,,,
Alexandre Carrier,MTL,Plus/Minus,0.0,0.0,0.0,0.0,0.0,,4.0,0.0,0.0,,,
Noah Dobson,MTL,Shots On Goal,0.0,0.0,0.0,0.0,0.0,,1.0,0.0,0.0,,,
Noah Dobson,MTL,Goals,0.0,0.0,0.0,0.0,0.0,,1.0,0.0,0.0,,,
Noah Dobson,MTL,Assists,0.0,0.0,0.0,0.0,0.0,,1.0,0.0,0.0,,,
Nikolas Matinpalo,OTT,Assists,0.0,0.0,0.0,0.0,0.0,,1.0,0.0,0.0,,,
Ethen Frank,WSH,Shots On Goal,0.0,0.0,0.0,0.0,0.0,,1.0,0.0,0.0,,,
Ethen Frank,WSH,Goals,0.0,0.0,0.0,0.0,0.0,,1.0,0.0,0.0,,,
Ethen Frank,WSH,Assists,0.0,0.0,0.0,0.0,0.0,,1.0,0.0,0.0,,,
Ethen Frank,WSH,Points,0.0,0.0,0.0,0.0,0.0,,1.0,0.0,0.0,,,
Ethen Frank,WSH,PIM,0.0,0.0,0.0,0.0,0.0,,1.0,0.0,0.0,,,
Ethen Frank,WSH,Plus/Minus,0.0,0.0,0.0,0.0,0.0,,1.0,0.0,0.0,,,
Artem Zub,OTT,Points,0.0,0.0,0.0,0.0,0.0,,0.0,0.0,-1.0,,,
Artem Zub,OTT,Blocked Shots,0.0,0.0,0.0,0.0,0.0,,0.0,0.0,-1.0,,,
Artem Zub,OTT,PIM,0.0,0.0,0.0,0.0,0.0,,0.0,0.0,-1.0,,,
Anthony Beauvillier,WSH,Shots On Goal,0.0,0.0,0.0,0.0,0.0,,0.0,0.0,0.0,,,
Anthony Beauvillier,WSH,Goals,0.0,0.0,0.0,0.0,0.0,,0.0,0.0,0.0,,,
Anthony Beauvillier,WSH,Assists,0.0,0.0,0.0,0.0,0.0,,0.0,0.0,0.0,,,
Anthony Beauvillier,WSH,Points,0.0,0.0,0.0,0.0,0.0,,0.0,0.0,0.0,,,
Anthony Beauvillier,WSH,Blocked Shots,0.0,0.0,0.0,0.0,0.0,,0.0,0.0,0.0,,,
Anthony Beauvillier,WSH,PIM,0.0,0.0,0.0,0.0,0.0,,0.0,0.0,0.0,,,
Anthony Beauvillier,WSH,Plus/Minus,0.0,0.0,0.0,0.0,0.0,,0.0,0.0,0.0,,,
Hendrix Lapierre,WSH,Blocked Shots,0.0,0.0,0.0,0.0,0.0,,0.0,0.0,0.0,,,
Hendrix Lapierre,WSH,PIM,0.0,0.0,0.0,0.0,0.0,,0.0,0.0,0.0,,,
Hendrix Lapierre,WSH,Plus/Minus,0.0,0.0,0.0,0.0,0.0,,0.0,0.0,0.0,,,
Ryan Leonard,WSH,Shots On Goal,0.0,0.0,1.0,0.0,1.0,,0.0,0.0,-2.0,,,
Ryan Leonard,WSH,Assists,0.0,0.0,1.0,0.0,1.0,,0.0,0.0,-2.0,,,
Ryan Leonard,WSH,Blocked Shots,0.0,0.0,1.0,0.0,1.0,,0.0,0.0,-2.0,,,
Ryan Leonard,WSH,PIM,0.0,0.0,1.0,0.0,1.0,,0.0,0.0,-2.0,,,
Connor McMichael,WSH,Shots On Goal,0.0,0.0,0.0,0.0,0.0,,1.0,0.0,-1.0,,,
Connor McMichael,WSH,Goals,0.0,0.0,0.0,0.0,0.0,,1.0,0.0,-1.0,,,
Pierre-Luc Dubois,WSH,PIM,0.0,0.0,0.0,1.0,1.0,,1.0,0.0,-2.0,,,
Brandon Duhaime,WSH,Shots On Goal,0.0,0.0,0.0,0.0,0.0,,0.0,4.0,0.0,,,
Brandon Duhaime,WSH,Goals,0.0,0.0,0.0,0.0,0.0,,0.0,4.0,0.0,,,
Brandon Duhaime,WSH,Assists,0.0,0.0,0.0,0.0,0.0,,0.0,4.0,0.0,,,
Brandon Duhaime,WSH,Points,0.0,0.0,0.0,0.0,0.0,,0.0,4.0,0.0,,,
Brandon Duhaime,WSH,Blocked Shots,0.0,0.0,0.0,0.0,0.0,,0.0,4.0,0.0,,,
Brandon Duhaime,WSH,Plus/Minus,0.0,0.0,0.0,0.0,0.0,,0.0,4.0,0.0,,,
Dylan Strome,WSH,PIM,0.0,0.0,0.0,0.0,0.0,,0.0,0.0,-3.0,,,
Connor McMichael,WSH,Assists,0.0,0.0,0.0,0.0,0.0,,1.0,0.0,-1.0,,,
Connor McMichael,WSH,Points,0.0,0.0,0.0,0.0,0.0,,1.0,0.0,-1.0,,,
Connor McMichael,WSH,PIM,0.0,0.0,0.0,0.0,0.0,,1.0,0.0,-1.0,,,
Alex Ovechkin,WSH,Shots On Goal,0.0,0.0,0.0,1.0,1.0,,0.0,0.0,-1.0,,,
Alex Ovechkin,WSH,Goals,0.0,0.0,0.0,1.0,1.0,,0.0,0.0,-1.0,,,
Alex Ovechkin,WSH,Blocked Shots,0.0,0.0,0.0,1.0,1.0,,0.0,0.0,-1.0,,,
Alex Ovechkin,WSH,PIM,0.0,0.0,0.0,1.0,1.0,,0.0,0.0,-1.0,,,
Aliaksei Protas,WSH,Shots On Goal,0.0,0.0,0.0,0.0,0.0,,0.0,0.0,-2.0,,,
Aliaksei Protas,WSH,Goals,0.0,0.0,0.0,0.0,0.0,,0.0,0.0,-2.0,,,
Aliaksei Protas,WSH,Assists,0.0,0.0,0.0,0.0,0.0,,0.0,0.0,-2.0,,,
Aliaksei Protas,WSH,Points,0.0,0.0,0.0,0.0,0.0,,0.0,0.0,-2.0,,,
Hendrix Lapierre,WSH,Shots On Goal,0.0,0.0,0.0,0.0,0.0,,0.0,0.0,0.0,,,
Hendrix Lapierre,WSH,Goals,0.0,0.0,0.0,0.0,0.0,,0.0,0.0,0.0,,,
Hendrix Lapierre,WSH,Assists,0.0,0.0,0.0,0.0,0.0,,0.0,0.0,0.0,,,
Hendrix Lapierre,WSH,Points,0.0,0.0,0.0,0.0,0.0,,0.0,0.0,0.0,,,
Justin Sourdif,WSH,PIM,0.0,0.0,0.0,0.0,0.0,,0.0,0.0,0.0,,,
Justin Sourdif,WSH,Plus/Minus,0.0,0.0,0.0,0.0,0.0,,0.0,0.0,0.0,,,
Dylan Strome,WSH,Shots On Goal,0.0,0.0,0.0,0.0,0.0,,0.0,0.0,-3.0,,,
Dylan Strome,WSH,Goals,0.0,0.0,0.0,0.0,0.0,,0.0,0.0,-3.0,,,
Noah Dobson,MTL,Points,0.0,0.0,0.0,0.0,0.0,,1.0,0.0,0.0,,,
Noah Dobson,MTL,PIM,0.0,0.0,0.0,0.0,0.0,,1.0,0.0,0.0,,,
Noah Dobson,MTL,Plus/Minus,0.0,0.0,0.0,0.0,0.0,,1.0,0.0,0.0,,,
Kaiden Guhle,MTL,Shots On Goal,0.0,0.0,0.0,1.0,1.0,,2.0,0.0,-1.0,,,
Kaiden Guhle,MTL,Goals,0.0,0.0,0.0,1.0,1.0,,2.0,0.0,-1.0,,,
Kaiden Guhle,MTL,PIM,0.0,0.0,0.0,1.0,1.0,,2.0,0.0,-1.0,,,
Nick Suzuki,MTL,PIM,0.0,0.0,0.0,1.0,1.0,,1.0,0.0,0.0,,,
Nick Suzuki,MTL,Plus/Minus,0.0,0.0,0.0,1.0,1.0,,1.0,0.0,0.0,,,
Alexandre Texier,MTL,Shots On Goal,0.0,0.0,1.0,0.0,1.0,,1.0,0.0,1.0,,,
Dylan Strome,WSH,Assists,0.0,0.0,0.0,0.0,0.0,,0.0,0.0,-3.0,,,
Dylan Strome,WSH,Points,0.0,0.0,0.0,0.0,0.0,,0.0,0.0,-3.0,,,
Dylan Strome,WSH,Blocked Shots,0.0,0.0,0.0,0.0,0.0,,0.0,0.0,-3.0,,,
Tom Wilson,WSH,Goals,0.0,0.0,0.0,0.0,0.0,,1.0,2.0,-2.0,,,
Tom Wilson,WSH,Assists,0.0,0.0,0.0,0.0,0.0,,1.0,2.0,-2.0,,,
Tom Wilson,WSH,Points,0.0,0.0,0.0,0.0,0.0,,1.0,2.0,-2.0,,,
Jakob Chychrun,WSH,Shots On Goal,0.0,0.0,0.0,0.0,0.0,,0.0,2.0,-4.0,,,
Jakob Chychrun,WSH,Goals,0.0,0.0,0.0,0.0,0.0,,0.0,2.0,-4.0,,,
Jakob Chychrun,WSH,Assists,0.0,0.0,0.0,0.0,0.0,,0.0,2.0,-4.0,,,
Jakob Chychrun,WSH,Points,0.0,0.0,0.0,0.0,0.0,,0.0,2.0,-4.0,,,
Jakob Chychrun,WSH,Blocked Shots,0.0,0.0,0.0,0.0,0.0,,0.0,2.0,-4.0,,,
Martin Fehervary,WSH,Shots On Goal,0.0,0.0,0.0,0.0,0.0,,1.0,0.0,0.0,,,
Aliaksei Protas,WSH,Blocked Shots,0.0,0.0,0.0,0.0,0.0,,0.0,0.0,-2.0,,,
Aliaksei Protas,WSH,PIM,0.0,0.0,0.0,0.0,0.0,,0.0,0.0,-2.0,,,
Justin Sourdif,WSH,Shots On Goal,0.0,0.0,0.0,0.0,0.0,,0.0,0.0,0.0,,,
Justin Sourdif,WSH,Goals,0.0,0.0,0.0,0.0,0.0,,0.0,0.0,0.0,,,
Justin Sourdif,WSH,Assists,0.0,0.0,0.0,0.0,0.0,,0.0,0.0,0.0,,,
Justin Sourdif,WSH,Points,0.0,0.0,0.0,0.0,0.0,,0.0,0.0,0.0,,,
Justin Sourdif,WSH,Blocked Shots,0.0,0.0,0.0,0.0,0.0,,0.0,0.0,0.0,,,
Trevor van Riemsdyk,WSH,Assists,0.0,0.0,0.0,0.0,0.0,,1.0,0.0,-1.0,,,
Trevor van Riemsdyk,WSH,Points,0.0,0.0,0.0,0.0,0.0,,1.0,0.0,-1.0,,,
Martin Fehervary,WSH,Goals,0.0,0.0,0.0,0.0,0.0,,1.0,0.0,0.0,,,
Martin Fehervary,WSH,Assists,0.0,0.0,0.0,0.0,0.0,,1.0,0.0,0.0,,,
Martin Fehervary,WSH,Points,0.0,0.0,0.0,0.0,0.0,,1.0,0.0,0.0,,,
Martin Fehervary,WSH,PIM,0.0,0.0,0.0,0.0,0.0,,1.0,0.0,0.0,,,
Martin Fehervary,WSH,Plus/Minus,0.0,0.0,0.0,0.0,0.0,,1.0,0.0,0.0,,,
Timothy Liljegren,WSH,Shots On Goal,0.0,0.0,0.0,0.0,0.0,,4.0,2.0,0.0,,,
Timothy Liljegren,WSH,Goals,0.0,0.0,0.0,0.0,0.0,,4.0,2.0,0.0,,,
Timothy Liljegren,WSH,Assists,0.0,0.0,0.0,0.0,0.0,,4.0,2.0,0.0,,,
Timothy Liljegren,WSH,Points,0.0,0.0,0.0,0.0,0.0,,4.0,2.0,0.0,,,
Timothy Liljegren,WSH,Plus/Minus,0.0,0.0,0.0,0.0,0.0,,4.0,2.0,0.0,,,
Matt Roy,WSH,Shots On Goal,0.0,0.0,0.0,0.0,0.0,,1.0,0.0,-1.0,,,
Matt Roy,WSH,Goals,0.0,0.0,0.0,0.0,0.0,,1.0,0.0,-1.0,,,
Matt Roy,WSH,Assists,0.0,0.0,0.0,0.0,0.0,,1.0,0.0,-1.0,,,
Tom Wilson,WSH,Shots On Goal,0.0,0.0,0.0,0.0,0.0,,1.0,2.0,-2.0,,,
Rasmus Sandin,WSH,Assists,0.0,0.0,0.0,0.0,0.0,,0.0,0.0,-1.0,,,
Alexandre Texier,MTL,Assists,0.0,0.0,1.0,0.0,1.0,,1.0,0.0,1.0,,,
Alexandre Texier,MTL,PIM,0.0,0.0,1.0,0.0,1.0,,1.0,0.0,1.0,,,
Alexandre Carrier,MTL,Shots On Goal,0.0,0.0,0.0,0.0,0.0,,4.0,0.0,0.0,,,
Alexandre Carrier,MTL,Goals,0.0,0.0,0.0,0.0,0.0,,4.0,0.0,0.0,,,
Alexandre Carrier,MTL,Assists,0.0,0.0,0.0,0.0,0.0,,4.0,0.0,0.0,,,
Alexandre Carrier,MTL,Points,0.0,0.0,0.0,0.0,0.0,,4.0,0.0,0.0,,,
Alex Newhook,MTL,Shots On Goal,0.0,0.0,0.0,1.0,1.0,,0.0,0.0,0.0,,,
Alex Newhook,MTL,Goals,0.0,0.0,0.0,1.0,1.0,,0.0,0.0,0.0,,,
Alex Newhook,MTL,Blocked Shots,0.0,0.0,0.0,1.0,1.0,,0.0,0.0,0.0,,,
Alex Newhook,MTL,PIM,0.0,0.0,0.0,1.0,1.0,,0.0,0.0,0.0,,,
Rasmus Sandin,WSH,Points,0.0,0.0,0.0,0.0,0.0,,0.0,0.0,-1.0,,,
Rasmus Sandin,WSH,Blocked Shots,0.0,0.0,0.0,0.0,0.0,,0.0,0.0,-1.0,,,
Rasmus Sandin,WSH,PIM,0.0,0.0,0.0,0.0,0.0,,0.0,0.0,-1.0,,,
Trevor van Riemsdyk,WSH,Shots On Goal,0.0,0.0,0.0,0.0,0.0,,1.0,0.0,-1.0,,,
Trevor van Riemsdyk,WSH,Goals,0.0,0.0,0.0,0.0,0.0,,1.0,0.0,-1.0,,,
Alex Bump,PHI,Goals,0.0,0.0,0.0,1.0,1.0,,0.0,0.0,0.0,,,
Alex Bump,PHI,Blocked Shots,0.0,0.0,0.0,1.0,1.0,,0.0,0.0,0.0,,,
Alex Bump,PHI,PIM,0.0,0.0,0.0,1.0,1.0,,0.0,0.0,0.0,,,
Alex Bump,PHI,Plus/Minus,0.0,0.0,0.0,1.0,1.0,,0.0,0.0,0.0,,,
Trevor Zegras,PHI,Assists,0.0,0.0,1.0,0.0,1.0,,1.0,2.0,3.0,,,
Jamie Drysdale,PHI,Shots On Goal,0.0,0.0,1.0,0.0,1.0,,0.0,0.0,1.0,,,
Jamie Drysdale,PHI,Assists,0.0,0.0,1.0,0.0,1.0,,0.0,0.0,1.0,,,
Jamie Drysdale,PHI,Blocked Shots,0.0,0.0,1.0,0.0,1.0,,0.0,0.0,1.0,,,
Jamie Drysdale,PHI,PIM,0.0,0.0,1.0,0.0,1.0,,0.0,0.0,1.0,,,
Noah Juulsen,PHI,Shots On Goal,0.0,0.0,0.0,0.0,0.0,,2.0,0.0,1.0,,,
Noah Juulsen,PHI,Goals,0.0,0.0,0.0,0.0,0.0,,2.0,0.0,1.0,,,
Noah Juulsen,PHI,Assists,0.0,0.0,0.0,0.0,0.0,,2.0,0.0,1.0,,,
Matt Roy,WSH,Points,0.0,0.0,0.0,0.0,0.0,,1.0,0.0,-1.0,,,
Matt Roy,WSH,PIM,0.0,0.0,0.0,0.0,0.0,,1.0,0.0,-1.0,,,
Rasmus Sandin,WSH,Shots On Goal,0.0,0.0,0.0,0.0,0.0,,0.0,0.0,-1.0,,,
Rasmus Sandin,WSH,Goals,0.0,0.0,0.0,0.0,0.0,,0.0,0.0,-1.0,,,
Sean Couturier,PHI,Goals,0.0,0.0,0.0,0.0,0.0,,0.0,2.0,0.0,,,
Sean Couturier,PHI,Assists,0.0,0.0,0.0,0.0,0.0,,0.0,2.0,0.0,,,
Sean Couturier,PHI,Points,0.0,0.0,0.0,0.0,0.0,,0.0,2.0,0.0,,,
Sean Couturier,PHI,Blocked Shots,0.0,0.0,0.0,0.0,0.0,,0.0,2.0,0.0,,,
Sean Couturier,PHI,Plus/Minus,0.0,0.0,0.0,0.0,0.0,,0.0,2.0,0.0,,,
Christian Dvorak,PHI,Shots On Goal,0.0,0.0,0.0,1.0,1.0,,1.0,0.0,1.0,,,
Christian Dvorak,PHI,Goals,0.0,0.0,0.0,1.0,1.0,,1.0,0.0,1.0,,,
Trevor van Riemsdyk,WSH,PIM,0.0,0.0,0.0,0.0,0.0,,1.0,0.0,-1.0,,,
Denver Barkey,PHI,Shots On Goal,0.0,0.0,0.0,0.0,0.0,,0.0,0.0,0.0,,,
Denver Barkey,PHI,Goals,0.0,0.0,0.0,0.0,0.0,,0.0,0.0,0.0,,,
Denver Barkey,PHI,Assists,0.0,0.0,0.0,0.0,0.0,,0.0,0.0,0.0,,,
Denver Barkey,PHI,Points,0.0,0.0,0.0,0.0,0.0,,0.0,0.0,0.0,,,
Denver Barkey,PHI,Blocked Shots,0.0,0.0,0.0,0.0,0.0,,0.0,0.0,0.0,,,
Denver Barkey,PHI,PIM,0.0,0.0,0.0,0.0,0.0,,0.0,0.0,0.0,,,
Denver Barkey,PHI,Plus/Minus,0.0,0.0,0.0,0.0,0.0,,0.0,0.0,0.0,,,
Alex Bump,PHI,Shots On Goal,0.0,0.0,0.0,1.0,1.0,,0.0,0.0,0.0,,,
Noah Cates,PHI,Shots On Goal,0.0,0.0,0.0,2.0,2.0,,2.0,0.0,2.0,,,
Noah Cates,PHI,Goals,0.0,0.0,0.0,2.0,2.0,,2.0,0.0,2.0,,,
Alex Newhook,MTL,Plus/Minus,0.0,0.0,0.0,1.0,1.0,,0.0,0.0,0.0,,,
Juraj Slafkovsky,MTL,Shots On Goal,0.0,0.0,1.0,0.0,1.0,,3.0,0.0,0.0,,,
Juraj Slafkovsky,MTL,Assists,0.0,0.0,1.0,0.0,1.0,,3.0,0.0,0.0,,,
Juraj Slafkovsky,MTL,PIM,0.0,0.0,1.0,0.0,1.0,,3.0,0.0,0.0,,,
Juraj Slafkovsky,MTL,Plus/Minus,0.0,0.0,1.0,0.0,1.0,,3.0,0.0,0.0,,,
Nick Suzuki,MTL,Shots On Goal,0.0,0.0,0.0,1.0,1.0,,1.0,0.0,0.0,,,
Nick Suzuki,MTL,Goals,0.0,0.0,0.0,1.0,1.0,,1.0,0.0,0.0,,,
Jake Evans,MTL,PIM,0.0,0.0,0.0,1.0,1.0,,1.0,0.0,1.0,,,
Brendan Gallagher,MTL,Shots On Goal,0.0,0.0,0.0,0.0,0.0,,0.0,0.0,0.0,,,
Brendan Gallagher,MTL,Goals,0.0,0.0,0.0,0.0,0.0,,0.0,0.0,0.0,,,
Brendan Gallagher,MTL,Assists,0.0,0.0,0.0,0.0,0.0,,0.0,0.0,0.0,,,
Brendan Gallagher,MTL,Points,0.0,0.0,0.0,0.0,0.0,,0.0,0.0,0.0,,,
Noah Cates,PHI,PIM,0.0,0.0,0.0,2.0,2.0,,2.0,0.0,2.0,,,
Sean Couturier,PHI,Shots On Goal,0.0,0.0,0.0,0.0,0.0,,0.0,2.0,0.0,,,
Carl Grundstrom,PHI,Blocked Shots,0.0,0.0,0.0,1.0,1.0,,0.0,0.0,2.0,,,
Carl Grundstrom,PHI,PIM,0.0,0.0,0.0,1.0,1.0,,0.0,0.0,2.0,,,
Travis Konecny,PHI,Shots On Goal,0.0,0.0,1.0,0.0,1.0,,0.0,2.0,1.0,,,
Travis Konecny,PHI,Assists,0.0,0.0,1.0,0.0,1.0,,0.0,2.0,1.0,,,
Travis Konecny,PHI,Blocked Shots,0.0,0.0,1.0,0.0,1.0,,0.0,2.0,1.0,,,
Christian Dvorak,PHI,PIM,0.0,0.0,0.0,1.0,1.0,,1.0,0.0,1.0,,,
Luke Glendening,PHI,Shots On Goal,0.0,0.0,0.0,0.0,0.0,,1.0,0.0,0.0,,,
Luke Glendening,PHI,Goals,0.0,0.0,0.0,0.0,0.0,,1.0,0.0,0.0,,,
Luke Glendening,PHI,Assists,0.0,0.0,0.0,0.0,0.0,,1.0,0.0,0.0,,,
Luke Glendening,PHI,Points,0.0,0.0,0.0,0.0,0.0,,1.0,0.0,0.0,,,
Luke Glendening,PHI,PIM,0.0,0.0,0.0,0.0,0.0,,1.0,0.0,0.0,,,
Luke Glendening,PHI,Plus/Minus,0.0,0.0,0.0,0.0,0.0,,1.0,0.0,0.0,,,
Nikita Grebenkin,PHI,Shots On Goal,0.0,0.0,0.0,0.0,0.0,,2.0,6.0,0.0,,,
Nikita Grebenkin,PHI,Goals,0.0,0.0,0.0,0.0,0.0,,2.0,6.0,0.0,,,
Nikita Grebenkin,PHI,Assists,0.0,0.0,0.0,0.0,0.0,,2.0,6.0,0.0,,,
Nikita Grebenkin,PHI,Points,0.0,0.0,0.0,0.0,0.0,,2.0,6.0,0.0,,,
Nikita Grebenkin,PHI,Plus/Minus,0.0,0.0,0.0,0.0,0.0,,2.0,6.0,0.0,,,
Carl Grundstrom,PHI,Shots On Goal,0.0,0.0,0.0,1.0,1.0,,0.0,0.0,2.0,,,
Carl Grundstrom,PHI,Goals,0.0,0.0,0.0,1.0,1.0,,0.0,0.0,2.0,,,
Brendan Gallagher,MTL,Blocked Shots,0.0,0.0,0.0,0.0,0.0,,0.0,0.0,0.0,,,
Brendan Gallagher,MTL,PIM,0.0,0.0,0.0,0.0,0.0,,0.0,0.0,0.0,,,
Brendan Gallagher,MTL,Plus/Minus,0.0,0.0,0.0,0.0,0.0,,0.0,0.0,0.0,,,
Oliver Kapanen,MTL,Shots On Goal,0.0,0.0,0.0,0.0,0.0,,1.0,0.0,0.0,,,
Oliver Kapanen,MTL,Goals,0.0,0.0,0.0,0.0,0.0,,1.0,0.0,0.0,,,
Oliver Kapanen,MTL,Assists,0.0,0.0,0.0,0.0,0.0,,1.0,0.0,0.0,,,
Oliver Kapanen,MTL,Points,0.0,0.0,0.0,0.0,0.0,,1.0,0.0,0.0,,,
Oliver Kapanen,MTL,PIM,0.0,0.0,0.0,0.0,0.0,,1.0,0.0,0.0,,,
Oliver Kapanen,MTL,Plus/Minus,0.0,0.0,0.0,0.0,0.0,,1.0,0.0,0.0,,,
Phillip Danault,MTL,Points,0.0,0.0,0.0,0.0,0.0,,1.0,0.0,0.0,,,
Phillip Danault,MTL,PIM,0.0,0.0,0.0,0.0,0.0,,1.0,0.0,0.0,,,
Phillip Danault,MTL,Plus/Minus,0.0,0.0,0.0,0.0,0.0,,1.0,0.0,0.0,,,
Ivan Demidov,MTL,Shots On Goal,0.0,0.0,1.0,1.0,2.0,,0.0,2.0,0.0,,,
Travis Sanheim,PHI,PIM,0.0,0.0,0.0,1.0,1.0,,0.0,0.0,3.0,,,
Zack Bolduc,MTL,Assists,0.0,0.0,0.0,0.0,0.0,,0.0,0.0,1.0,,,
Zack Bolduc,MTL,Points,0.0,0.0,0.0,0.0,0.0,,0.0,0.0,1.0,,,
Zack Bolduc,MTL,Blocked Shots,0.0,0.0,0.0,0.0,0.0,,0.0,0.0,1.0,,,
Zack Bolduc,MTL,PIM,0.0,0.0,0.0,0.0,0.0,,0.0,0.0,1.0,,,
Nick Seeler,PHI,Points,0.0,0.0,0.0,0.0,0.0,,0.0,0.0,0.0,,,
Nick Seeler,PHI,Blocked Shots,0.0,0.0,0.0,0.0,0.0,,0.0,0.0,0.0,,,
Nick Seeler,PHI,PIM,0.0,0.0,0.0,0.0,0.0,,0.0,0.0,0.0,,,
Nick Seeler,PHI,Plus/Minus,0.0,0.0,0.0,0.0,0.0,,0.0,0.0,0.0,,,
Cam York,PHI,Shots On Goal,0.0,0.0,0.0,1.0,1.0,,2.0,0.0,1.0,,,
Cam York,PHI,Goals,0.0,0.0,0.0,1.0,1.0,,2.0,0.0,1.0,,,
Cam York,PHI,PIM,0.0,0.0,0.0,1.0,1.0,,2.0,0.0,1.0,,,
Zack Bolduc,MTL,Shots On Goal,0.0,0.0,0.0,0.0,0.0,,0.0,0.0,1.0,,,
Matvei Michkov,PHI,Shots On Goal,0.0,0.0,0.0,0.0,0.0,,0.0,0.0,0.0,,,
Matvei Michkov,PHI,Goals,0.0,0.0,0.0,0.0,0.0,,0.0,0.0,0.0,,,
Matvei Michkov,PHI,Assists,0.0,0.0,0.0,0.0,0.0,,0.0,0.0,0.0,,,
Dylan Cozens,OTT,Points,0.0,0.0,0.0,0.0,0.0,,0.0,2.0,0.0,,,
Dylan Cozens,OTT,Blocked Shots,0.0,0.0,0.0,0.0,0.0,,0.0,2.0,0.0,,,
Jayden Struble,MTL,Goals,0.0,0.0,0.0,0.0,0.0,,0.0,0.0,2.0,,,
Jayden Struble,MTL,Assists,0.0,0.0,0.0,0.0,0.0,,0.0,0.0,2.0,,,
Jayden Struble,MTL,Points,0.0,0.0,0.0,0.0,0.0,,0.0,0.0,2.0,,,
Jayden Struble,MTL,Blocked Shots,0.0,0.0,0.0,0.0,0.0,,0.0,0.0,2.0,,,
Josh Anderson,MTL,Shots On Goal,0.0,0.0,0.0,0.0,0.0,,2.0,2.0,0.0,,,
Kirby Dach,MTL,Shots On Goal,0.0,0.0,0.0,0.0,0.0,,2.0,0.0,0.0,,,
Kirby Dach,MTL,Goals,0.0,0.0,0.0,0.0,0.0,,2.0,0.0,0.0,,,
Kirby Dach,MTL,Assists,0.0,0.0,0.0,0.0,0.0,,2.0,0.0,0.0,,,
Kirby Dach,MTL,Points,0.0,0.0,0.0,0.0,0.0,,2.0,0.0,0.0,,,
Kirby Dach,MTL,PIM,0.0,0.0,0.0,0.0,0.0,,2.0,0.0,0.0,,,
Kirby Dach,MTL,Plus/Minus,0.0,0.0,0.0,0.0,0.0,,2.0,0.0,0.0,,,
Phillip Danault,MTL,Shots On Goal,0.0,0.0,0.0,0.0,0.0,,1.0,0.0,0.0,,,
Phillip Danault,MTL,Goals,0.0,0.0,0.0,0.0,0.0,,1.0,0.0,0.0,,,
Phillip Danault,MTL,Assists,0.0,0.0,0.0,0.0,0.0,,1.0,0.0,0.0,,,
Trevor van Riemsdyk,WSH,Plus/Minus,-1.0,0.0,0.0,0.0,0.0,,1.0,0.0,-1.0,,,
Matt Roy,WSH,Plus/Minus,-1.0,0.0,0.0,0.0,0.0,,1.0,0.0,-1.0,,,
Rasmus Sandin,WSH,Plus/Minus,-1.0,0.0,0.0,0.0,0.0,,0.0,0.0,-1.0,,,
Connor McMichael,WSH,Plus/Minus,-1.0,0.0,0.0,0.0,0.0,,1.0,0.0,-1.0,,,
Alex Ovechkin,WSH,Plus/Minus,-1.0,0.0,0.0,1.0,1.0,,0.0,0.0,-1.0,,,
Artem Zub,OTT,Plus/Minus,-1.0,0.0,0.0,0.0,0.0,,0.0,0.0,-1.0,,,
Kaiden Guhle,MTL,Plus/Minus,-1.0,0.0,0.0,1.0,1.0,,2.0,0.0,-1.0,,,
Thomas Chabot,OTT,Plus/Minus,-1.0,0.0,0.0,0.0,0.0,,4.0,0.0,-1.0,,,
Aliaksei Protas,WSH,Plus/Minus,-2.0,0.0,0.0,0.0,0.0,,0.0,0.0,-2.0,,,
Ryan Leonard,WSH,Plus/Minus,-2.0,0.0,1.0,0.0,1.0,,0.0,0.0,-2.0,,,
Shane Pinto,OTT,Plus/Minus,-2.0,0.0,0.0,0.0,0.0,,0.0,2.0,-2.0,,,
Tom Wilson,WSH,Plus/Minus,-2.0,0.0,0.0,0.0,0.0,,1.0,2.0,-2.0,,,
Pierre-Luc Dubois,WSH,Plus/Minus,-2.0,0.0,0.0,1.0,1.0,,1.0,0.0,-2.0,,,
Nick Cousins,OTT,Plus/Minus,-2.0,0.0,0.0,0.0,0.0,,0.0,0.0,-2.0,,,
Michael Amadio,OTT,Plus/Minus,-2.0,0.0,0.0,0.0,0.0,,2.0,0.0,-2.0,,,
Dylan Strome,WSH,Plus/Minus,-3.0,0.0,0.0,0.0,0.0,,0.0,0.0,-3.0,,,
Jakob Chychrun,WSH,Plus/Minus,-4.0,0.0,0.0,0.0,0.0,,0.0,2.0,-4.0,,,
