proj_id,player_id,cbb_player_key,player,player_norm,team_abbr,opp_team_abbr,pp_team,pp_opp_team,pos,prop_type,prop_norm,pick_type,line,start_time,pp_game_id,league_id,team,stat_type,odds_type,team_id,espn_athlete_id,status,stat_status,games_used,stat_g1,stat_g2,stat_g3,stat_g4,stat_g5,stat_g6,stat_g7,stat_g8,stat_g9,stat_g10,stat_last5_avg,stat_last10_avg,stat_season_avg,min_last5_avg,min_season_avg,line_hits_over_5,line_hits_under_5,line_hits_push_5,line_hit_rate_over_5,line_hit_rate_under_5,line_hit_rate_over_ou_5,line_hit_rate_under_ou_5,line_hits_over_10,line_hits_under_10,line_hits_push_10,line_hit_rate_over_10,line_hit_rate_under_10,line_hit_rate_over_ou_10,line_hit_rate_under_ou_10,model_dir_5
10048853,219002,jeremy fears|MSU,Jeremy Fears,jeremy fears,MSU,OSU,MSU,OSU,G,Pts+Rebs+Asts,pra,Demon,35.5,2026-02-22T13:00:00.000-05:00,129749,20,MSU,Pts+Rebs+Asts,demon,127,,NO_ATHLETE_MATCH,NO_BOX_HISTORY,,,,,,,,,,,,,,,,,,,,,,,,,,,,,,,
10050124,219002,jeremy fears|MSU,Jeremy Fears,jeremy fears,MSU,OSU,MSU,OSU,G,Fantasy Score,fantasy,Standard,35.5,2026-02-22T13:00:00.000-05:00,129749,20,MSU,Fantasy Score,standard,127,,NO_ATHLETE_MATCH,NO_BOX_HISTORY,,,,,,,,,,,,,,,,,,,,,,,,,,,,,,,
10048851,219002,jeremy fears|MSU,Jeremy Fears,jeremy fears,MSU,OSU,MSU,OSU,G,Pts+Rebs+Asts,pra,Demon,33.5,2026-02-22T13:00:00.000-05:00,129749,20,MSU,Pts+Rebs+Asts,demon,127,,NO_ATHLETE_MATCH,NO_BOX_HISTORY,,,,,,,,,,,,,,,,,,,,,,,,,,,,,,,
10048852,219002,jeremy fears|MSU,Jeremy Fears,jeremy fears,MSU,OSU,MSU,OSU,G,Pts+Rebs+Asts,pra,Demon,31.5,2026-02-22T13:00:00.000-05:00,129749,20,MSU,Pts+Rebs+Asts,demon,127,,NO_ATHLETE_MATCH,NO_BOX_HISTORY,,,,,,,,,,,,,,,,,,,,,,,,,,,,,,,
10050125,88130,bruce thornton|OSU,Bruce Thornton,bruce thornton,OSU,MSU,OSU,MSU,G,Fantasy Score,fantasy,Standard,31.5,2026-02-22T13:00:00.000-05:00,129749,20,OSU,Fantasy Score,standard,194,,NO_ATHLETE_MATCH,OK,10.0,47.8,48.3,39.2,29.200000000000003,25.1,27.8,27.9,24.799999999999997,46.9,31.6,37.92,34.86,34.86,34.8,36.2,3.0,2.0,0.0,0.6,0.4,0.6,0.4,5.0,5.0,0.0,0.5,0.5,0.5,0.5,OVER
10048850,219002,jeremy fears|MSU,Jeremy Fears,jeremy fears,MSU,OSU,MSU,OSU,G,Pts+Rebs+Asts,pra,Standard,29.5,2026-02-22T13:00:00.000-05:00,129749,20,MSU,Pts+Rebs+Asts,standard,127,,NO_ATHLETE_MATCH,NO_BOX_HISTORY,,,,,,,,,,,,,,,,,,,,,,,,,,,,,,,
10048854,219002,jeremy fears|MSU,Jeremy Fears,jeremy fears,MSU,OSU,MSU,OSU,G,Pts+Rebs+Asts,pra,Goblin,27.5,2026-02-22T13:00:00.000-05:00,129749,20,MSU,Pts+Rebs+Asts,goblin,127,,NO_ATHLETE_MATCH,NO_BOX_HISTORY,,,,,,,,,,,,,,,,,,,,,,,,,,,,,,,
10049242,88130,bruce thornton|OSU,Bruce Thornton,bruce thornton,OSU,MSU,OSU,MSU,G,Pts+Rebs+Asts,pra,Standard,27.5,2026-02-22T13:00:00.000-05:00,129749,20,OSU,Pts+Rebs+Asts,standard,194,,NO_ATHLETE_MATCH,OK,10.0,44.0,35.0,35.0,26.0,23.0,24.0,16.0,21.0,33.0,31.0,32.6,28.8,28.8,34.8,36.2,3.0,2.0,0.0,0.6,0.4,0.6,0.4,5.0,5.0,0.0,0.5,0.5,0.5,0.5,OVER
10048848,219002,jeremy fears|MSU,Jeremy Fears,jeremy fears,MSU,OSU,MSU,OSU,G,Pts+Asts,pa,Standard,26.5,2026-02-22T13:00:00.000-05:00,129749,20,MSU,Pts+Asts,standard,127,,NO_ATHLETE_MATCH,NO_BOX_HISTORY,,,,,,,,,,,,,,,,,,,,,,,,,,,,,,,
10050123,126548,jaxon kohler|MSU,Jaxon Kohler,jaxon kohler,MSU,OSU,MSU,OSU,F,Fantasy Score,fantasy,Standard,26.5,2026-02-22T13:00:00.000-05:00,129749,20,MSU,Fantasy Score,standard,127,,NO_ATHLETE_MATCH,OK,10.0,26.0,17.4,36.7,21.299999999999997,21.5,13.8,19.6,10.0,19.4,34.0,24.58,21.97,21.97,30.8,27.8,1.0,4.0,0.0,0.2,0.8,0.2,0.8,2.0,8.0,0.0,0.2,0.8,0.2,0.8,UNDER
10048725,88130,bruce thornton|OSU,Bruce Thornton,bruce thornton,OSU,MSU,OSU,MSU,G,Points,pts,Demon,24.5,2026-02-22T13:00:00.000-05:00,129749,20,OSU,Points,demon,194,,NO_ATHLETE_MATCH,OK,10.0,27.0,28.0,21.0,16.0,17.0,18.0,9.0,10.0,23.0,21.0,21.8,19.0,19.0,34.8,36.2,2.0,3.0,0.0,0.4,0.6,0.4,0.6,2.0,8.0,0.0,0.2,0.8,0.2,0.8,UNDER
10048727,88130,bruce thornton|OSU,Bruce Thornton,bruce thornton,OSU,MSU,OSU,MSU,G,Pts+Rebs,pr,Standard,23.5,2026-02-22T13:00:00.000-05:00,129749,20,OSU,Pts+Rebs,standard,194,,NO_ATHLETE_MATCH,OK,10.0,36.0,32.0,27.0,22.0,20.0,22.0,11.0,19.0,30.0,29.0,27.4,24.8,24.8,34.8,36.2,3.0,2.0,0.0,0.6,0.4,0.6,0.4,5.0,5.0,0.0,0.5,0.5,0.5,0.5,OVER
10048846,219002,jeremy fears|MSU,Jeremy Fears,jeremy fears,MSU,OSU,MSU,OSU,G,Points,pts,Demon,23.5,2026-02-22T13:00:00.000-05:00,129749,20,MSU,Points,demon,127,,NO_ATHLETE_MATCH,NO_BOX_HISTORY,,,,,,,,,,,,,,,,,,,,,,,,,,,,,,,
10050122,224757,coen carr|MSU,Coen Carr,coen carr,MSU,OSU,MSU,OSU,F,Fantasy Score,fantasy,Standard,23.0,2026-02-22T13:00:00.000-05:00,129749,20,MSU,Fantasy Score,standard,127,,NO_ATHLETE_MATCH,OK,10.0,29.6,21.6,18.6,25.2,23.4,27.1,17.1,35.1,16.8,8.6,23.68,22.31,22.31,31.4,29.0,3.0,2.0,0.0,0.6,0.4,0.6,0.4,5.0,5.0,0.0,0.5,0.5,0.5,0.5,OVER
10048723,88130,bruce thornton|OSU,Bruce Thornton,bruce thornton,OSU,MSU,OSU,MSU,G,Points,pts,Demon,22.5,2026-02-22T13:00:00.000-05:00,129749,20,OSU,Points,demon,194,,NO_ATHLETE_MATCH,OK,10.0,27.0,28.0,21.0,16.0,17.0,18.0,9.0,10.0,23.0,21.0,21.8,19.0,19.0,34.8,36.2,2.0,3.0,0.0,0.4,0.6,0.4,0.6,3.0,7.0,0.0,0.3,0.7,0.3,0.7,UNDER
10049279,88130,bruce thornton|OSU,Bruce Thornton,bruce thornton,OSU,MSU,OSU,MSU,G,Pts+Asts,pa,Standard,22.5,2026-02-22T13:00:00.000-05:00,129749,20,OSU,Pts+Asts,standard,194,,NO_ATHLETE_MATCH,OK,10.0,35.0,31.0,29.0,20.0,20.0,20.0,14.0,12.0,26.0,23.0,27.0,23.0,23.0,34.8,36.2,3.0,2.0,0.0,0.6,0.4,0.6,0.4,5.0,5.0,0.0,0.5,0.5,0.5,0.5,OVER
10050121,232618,carson cooper|MSU,Carson Cooper,carson cooper,MSU,OSU,MSU,OSU,C,Fantasy Score,fantasy,Standard,22.0,2026-02-22T13:00:00.000-05:00,129749,20,MSU,Fantasy Score,standard,127,,NO_ATHLETE_MATCH,OK,10.0,25.4,14.6,23.1,6.5,9.9,33.8,34.1,41.9,27.7,23.9,15.9,24.09,24.09,25.4,27.6,2.0,3.0,0.0,0.4,0.6,0.4,0.6,7.0,3.0,0.0,0.7,0.3,0.7,0.3,UNDER
10050126,220721,devin royal|OSU,Devin Royal,devin royal,OSU,MSU,OSU,MSU,F,Fantasy Score,fantasy,Standard,22.0,2026-02-22T13:00:00.000-05:00,129749,20,OSU,Fantasy Score,standard,194,,NO_ATHLETE_MATCH,OK,10.0,36.5,9.0,32.9,27.2,14.600000000000001,22.2,19.1,5.7,21.0,31.299999999999997,24.04,21.95,21.95,33.0,33.9,3.0,2.0,0.0,0.6,0.4,0.6,0.4,5.0,5.0,0.0,0.5,0.5,0.5,0.5,OVER
10048768,280519,christoph tilly|OSU,Christoph Tilly,christoph tilly,OSU,MSU,OSU,MSU,C,Pts+Rebs+Asts,pra,Demon,21.5,2026-02-22T13:00:00.000-05:00,129749,20,OSU,Pts+Rebs+Asts,demon,194,,NO_ATHLETE_MATCH,OK,10.0,9.0,16.0,12.0,16.0,23.0,4.0,23.0,18.0,15.0,13.0,15.2,14.9,14.9,25.0,25.5,1.0,4.0,0.0,0.2,0.8,0.2,0.8,2.0,8.0,0.0,0.2,0.8,0.2,0.8,UNDER
10048844,219002,jeremy fears|MSU,Jeremy Fears,jeremy fears,MSU,OSU,MSU,OSU,G,Points,pts,Demon,21.5,2026-02-22T13:00:00.000-05:00,129749,20,MSU,Points,demon,127,,NO_ATHLETE_MATCH,NO_BOX_HISTORY,,,,,,,,,,,,,,,,,,,,,,,,,,,,,,,
10049240,126548,jaxon kohler|MSU,Jaxon Kohler,jaxon kohler,MSU,OSU,MSU,OSU,F,Pts+Rebs+Asts,pra,Standard,21.5,2026-02-22T13:00:00.000-05:00,129749,20,MSU,Pts+Rebs+Asts,standard,127,,NO_ATHLETE_MATCH,OK,10.0,21.0,12.0,28.0,19.0,18.0,16.0,19.0,9.0,16.0,26.0,19.6,18.4,18.4,30.8,27.8,1.0,4.0,0.0,0.2,0.8,0.2,0.8,2.0,8.0,0.0,0.2,0.8,0.2,0.8,UNDER
10048724,88130,bruce thornton|OSU,Bruce Thornton,bruce thornton,OSU,MSU,OSU,MSU,G,Points,pts,Demon,20.5,2026-02-22T13:00:00.000-05:00,129749,20,OSU,Points,demon,194,,NO_ATHLETE_MATCH,OK,10.0,27.0,28.0,21.0,16.0,17.0,18.0,9.0,10.0,23.0,21.0,21.8,19.0,19.0,34.8,36.2,3.0,2.0,0.0,0.6,0.4,0.6,0.4,5.0,5.0,0.0,0.5,0.5,0.5,0.5,OVER
10048828,126548,jaxon kohler|MSU,Jaxon Kohler,jaxon kohler,MSU,OSU,MSU,OSU,F,Pts+Rebs,pr,Standard,20.5,2026-02-22T13:00:00.000-05:00,129749,20,MSU,Pts+Rebs,standard,127,,NO_ATHLETE_MATCH,OK,10.0,19.0,12.0,27.0,18.0,17.0,16.0,19.0,7.0,14.0,26.0,18.6,17.5,17.5,30.8,27.8,1.0,4.0,0.0,0.2,0.8,0.2,0.8,2.0,8.0,0.0,0.2,0.8,0.2,0.8,UNDER
10048849,219002,jeremy fears|MSU,Jeremy Fears,jeremy fears,MSU,OSU,MSU,OSU,G,Pts+Rebs,pr,Standard,20.5,2026-02-22T13:00:00.000-05:00,129749,20,MSU,Pts+Rebs,standard,127,,NO_ATHLETE_MATCH,NO_BOX_HISTORY,,,,,,,,,,,,,,,,,,,,,,,,,,,,,,,
10048767,280519,christoph tilly|OSU,Christoph Tilly,christoph tilly,OSU,MSU,OSU,MSU,C,Pts+Rebs+Asts,pra,Demon,19.5,2026-02-22T13:00:00.000-05:00,129749,20,OSU,Pts+Rebs+Asts,demon,194,,NO_ATHLETE_MATCH,OK,10.0,9.0,16.0,12.0,16.0,23.0,4.0,23.0,18.0,15.0,13.0,15.2,14.9,14.9,25.0,25.5,1.0,4.0,0.0,0.2,0.8,0.2,0.8,2.0,8.0,0.0,0.2,0.8,0.2,0.8,UNDER
10048804,220721,devin royal|OSU,Devin Royal,devin royal,OSU,MSU,OSU,MSU,F,Points,pts,Demon,19.5,2026-02-22T13:00:00.000-05:00,129749,20,OSU,Points,demon,194,,NO_ATHLETE_MATCH,OK,10.0,25.0,4.0,19.0,15.0,7.0,16.0,14.0,4.0,16.0,22.0,14.0,14.2,14.2,33.0,33.9,1.0,4.0,0.0,0.2,0.8,0.2,0.8,2.0,8.0,0.0,0.2,0.8,0.2,0.8,UNDER
10048845,219002,jeremy fears|MSU,Jeremy Fears,jeremy fears,MSU,OSU,MSU,OSU,G,Points,pts,Demon,19.5,2026-02-22T13:00:00.000-05:00,129749,20,MSU,Points,demon,127,,NO_ATHLETE_MATCH,NO_BOX_HISTORY,,,,,,,,,,,,,,,,,,,,,,,,,,,,,,,
10049239,224757,coen carr|MSU,Coen Carr,coen carr,MSU,OSU,MSU,OSU,F,Pts+Rebs+Asts,pra,Standard,19.5,2026-02-22T13:00:00.000-05:00,129749,20,MSU,Pts+Rebs+Asts,standard,127,,NO_ATHLETE_MATCH,OK,10.0,21.0,22.0,16.0,24.0,17.0,22.0,18.0,26.0,12.0,9.0,20.0,18.7,18.7,31.4,29.0,3.0,2.0,0.0,0.6,0.4,0.6,0.4,5.0,5.0,0.0,0.5,0.5,0.5,0.5,OVER
10048784,224757,coen carr|MSU,Coen Carr,coen carr,MSU,OSU,MSU,OSU,F,Points,pts,Demon,18.5,2026-02-22T13:00:00.000-05:00,129749,20,MSU,Points,demon,127,,NO_ATHLETE_MATCH,OK,10.0,16.0,19.0,8.0,16.0,10.0,13.0,14.0,15.0,6.0,6.0,13.8,12.3,12.3,31.4,29.0,1.0,4.0,0.0,0.2,0.8,0.2,0.8,1.0,9.0,0.0,0.1,0.9,0.1,0.9,UNDER
10048786,224757,coen carr|MSU,Coen Carr,coen carr,MSU,OSU,MSU,OSU,F,Pts+Rebs,pr,Standard,18.5,2026-02-22T13:00:00.000-05:00,129749,20,MSU,Pts+Rebs,standard,127,,NO_ATHLETE_MATCH,OK,10.0,19.0,22.0,16.0,22.0,17.0,21.0,17.0,23.0,10.0,9.0,19.2,17.6,17.6,31.4,29.0,3.0,2.0,0.0,0.6,0.4,0.6,0.4,5.0,5.0,0.0,0.5,0.5,0.5,0.5,OVER
10048722,88130,bruce thornton|OSU,Bruce Thornton,bruce thornton,OSU,MSU,OSU,MSU,G,Points,pts,Standard,18.0,2026-02-22T13:00:00.000-05:00,129749,20,OSU,Points,standard,194,,NO_ATHLETE_MATCH,OK,10.0,27.0,28.0,21.0,16.0,17.0,18.0,9.0,10.0,23.0,21.0,21.8,19.0,19.0,34.8,36.2,3.0,2.0,0.0,0.6,0.4,0.6,0.4,5.0,4.0,1.0,0.5,0.4,0.556,0.444,OVER
10048766,280519,christoph tilly|OSU,Christoph Tilly,christoph tilly,OSU,MSU,OSU,MSU,C,Pts+Rebs+Asts,pra,Demon,17.5,2026-02-22T13:00:00.000-05:00,129749,20,OSU,Pts+Rebs+Asts,demon,194,,NO_ATHLETE_MATCH,OK,10.0,9.0,16.0,12.0,16.0,23.0,4.0,23.0,18.0,15.0,13.0,15.2,14.9,14.9,25.0,25.5,1.0,4.0,0.0,0.2,0.8,0.2,0.8,3.0,7.0,0.0,0.3,0.7,0.3,0.7,UNDER
10048802,220721,devin royal|OSU,Devin Royal,devin royal,OSU,MSU,OSU,MSU,F,Points,pts,Demon,17.5,2026-02-22T13:00:00.000-05:00,129749,20,OSU,Points,demon,194,,NO_ATHLETE_MATCH,OK,10.0,25.0,4.0,19.0,15.0,7.0,16.0,14.0,4.0,16.0,22.0,14.0,14.2,14.2,33.0,33.9,2.0,3.0,0.0,0.4,0.6,0.4,0.6,3.0,7.0,0.0,0.3,0.7,0.3,0.7,UNDER
10048843,219002,jeremy fears|MSU,Jeremy Fears,jeremy fears,MSU,OSU,MSU,OSU,G,Points,pts,Standard,17.5,2026-02-22T13:00:00.000-05:00,129749,20,MSU,Points,standard,127,,NO_ATHLETE_MATCH,NO_BOX_HISTORY,,,,,,,,,,,,,,,,,,,,,,,,,,,,,,,
10049238,232618,carson cooper|MSU,Carson Cooper,carson cooper,MSU,OSU,MSU,OSU,C,Pts+Rebs+Asts,pra,Standard,17.5,2026-02-22T13:00:00.000-05:00,129749,20,MSU,Pts+Rebs+Asts,standard,127,,NO_ATHLETE_MATCH,OK,10.0,19.0,14.0,18.0,6.0,9.0,28.0,23.0,27.0,19.0,17.0,13.2,18.0,18.0,25.4,27.6,2.0,3.0,0.0,0.4,0.6,0.4,0.6,6.0,4.0,0.0,0.6,0.4,0.6,0.4,UNDER
10048726,88130,bruce thornton|OSU,Bruce Thornton,bruce thornton,OSU,MSU,OSU,MSU,G,Points,pts,Goblin,16.5,2026-02-22T13:00:00.000-05:00,129749,20,OSU,Points,goblin,194,,NO_ATHLETE_MATCH,OK,10.0,27.0,28.0,21.0,16.0,17.0,18.0,9.0,10.0,23.0,21.0,21.8,19.0,19.0,34.8,36.2,4.0,1.0,0.0,0.8,0.2,0.8,0.2,7.0,3.0,0.0,0.7,0.3,0.7,0.3,OVER
10048743,232618,carson cooper|MSU,Carson Cooper,carson cooper,MSU,OSU,MSU,OSU,C,Pts+Rebs,pr,Standard,16.5,2026-02-22T13:00:00.000-05:00,129749,20,MSU,Pts+Rebs,standard,127,,NO_ATHLETE_MATCH,OK,10.0,19.0,14.0,17.0,5.0,8.0,26.0,22.0,26.0,16.0,14.0,12.6,16.7,16.7,25.4,27.6,2.0,3.0,0.0,0.4,0.6,0.4,0.6,5.0,5.0,0.0,0.5,0.5,0.5,0.5,UNDER
10048782,224757,coen carr|MSU,Coen Carr,coen carr,MSU,OSU,MSU,OSU,F,Points,pts,Demon,16.5,2026-02-22T13:00:00.000-05:00,129749,20,MSU,Points,demon,127,,NO_ATHLETE_MATCH,OK,10.0,16.0,19.0,8.0,16.0,10.0,13.0,14.0,15.0,6.0,6.0,13.8,12.3,12.3,31.4,29.0,1.0,4.0,0.0,0.2,0.8,0.2,0.8,1.0,9.0,0.0,0.1,0.9,0.1,0.9,UNDER
10048765,280519,christoph tilly|OSU,Christoph Tilly,christoph tilly,OSU,MSU,OSU,MSU,C,Pts+Rebs+Asts,pra,Standard,15.5,2026-02-22T13:00:00.000-05:00,129749,20,OSU,Pts+Rebs+Asts,standard,194,,NO_ATHLETE_MATCH,OK,10.0,9.0,16.0,12.0,16.0,23.0,4.0,23.0,18.0,15.0,13.0,15.2,14.9,14.9,25.0,25.5,3.0,2.0,0.0,0.6,0.4,0.6,0.4,5.0,5.0,0.0,0.5,0.5,0.5,0.5,OVER
10048824,126548,jaxon kohler|MSU,Jaxon Kohler,jaxon kohler,MSU,OSU,MSU,OSU,F,Points,pts,Demon,15.5,2026-02-22T13:00:00.000-05:00,129749,20,MSU,Points,demon,127,,NO_ATHLETE_MATCH,OK,10.0,9.0,5.0,11.0,9.0,12.0,12.0,11.0,2.0,7.0,16.0,9.2,9.4,9.4,30.8,27.8,0.0,5.0,0.0,0.0,1.0,0.0,1.0,1.0,9.0,0.0,0.1,0.9,0.1,0.9,UNDER
10048847,219002,jeremy fears|MSU,Jeremy Fears,jeremy fears,MSU,OSU,MSU,OSU,G,Points,pts,Goblin,15.5,2026-02-22T13:00:00.000-05:00,129749,20,MSU,Points,goblin,127,,NO_ATHLETE_MATCH,NO_BOX_HISTORY,,,,,,,,,,,,,,,,,,,,,,,,,,,,,,,
10049246,220721,devin royal|OSU,Devin Royal,devin royal,OSU,MSU,OSU,MSU,F,Pts+Asts,pa,Standard,15.0,2026-02-22T13:00:00.000-05:00,129749,20,OSU,Pts+Asts,standard,194,,NO_ATHLETE_MATCH,OK,10.0,28.0,4.0,20.0,15.0,11.0,16.0,15.0,5.0,18.0,23.0,15.6,15.5,15.5,33.0,33.9,2.0,2.0,1.0,0.4,0.4,0.5,0.5,5.0,3.0,2.0,0.5,0.3,0.625,0.375,OVER
10049280,220721,devin royal|OSU,Devin Royal,devin royal,OSU,MSU,OSU,MSU,F,Pts+Asts,pa,Standard,15.0,2026-02-22T13:00:00.000-05:00,129749,20,OSU,Pts+Asts,standard,194,,NO_ATHLETE_MATCH,OK,10.0,28.0,4.0,20.0,15.0,11.0,16.0,15.0,5.0,18.0,23.0,15.6,15.5,15.5,33.0,33.9,2.0,2.0,1.0,0.4,0.4,0.5,0.5,5.0,3.0,2.0,0.5,0.3,0.625,0.375,OVER
10048783,224757,coen carr|MSU,Coen Carr,coen carr,MSU,OSU,MSU,OSU,F,Points,pts,Demon,14.5,2026-02-22T13:00:00.000-05:00,129749,20,MSU,Points,demon,127,,NO_ATHLETE_MATCH,OK,10.0,16.0,19.0,8.0,16.0,10.0,13.0,14.0,15.0,6.0,6.0,13.8,12.3,12.3,31.4,29.0,3.0,2.0,0.0,0.6,0.4,0.6,0.4,4.0,6.0,0.0,0.4,0.6,0.4,0.6,OVER
10048822,126548,jaxon kohler|MSU,Jaxon Kohler,jaxon kohler,MSU,OSU,MSU,OSU,F,Points,pts,Demon,14.5,2026-02-22T13:00:00.000-05:00,129749,20,MSU,Points,demon,127,,NO_ATHLETE_MATCH,OK,10.0,9.0,5.0,11.0,9.0,12.0,12.0,11.0,2.0,7.0,16.0,9.2,9.4,9.4,30.8,27.8,0.0,5.0,0.0,0.0,1.0,0.0,1.0,1.0,9.0,0.0,0.1,0.9,0.1,0.9,UNDER
10049241,297324,jordan scott|MSU,Jordan Scott,jordan scott,MSU,OSU,MSU,OSU,F,Pts+Rebs+Asts,pra,Standard,14.5,2026-02-22T13:00:00.000-05:00,129749,20,MSU,Pts+Rebs+Asts,standard,127,,NO_ATHLETE_MATCH,OK,10.0,16.0,15.0,14.0,19.0,15.0,11.0,13.0,0.0,9.0,16.0,15.8,12.8,12.8,26.8,22.3,4.0,1.0,0.0,0.8,0.2,0.8,0.2,5.0,5.0,0.0,0.5,0.5,0.5,0.5,OVER
10049278,224757,coen carr|MSU,Coen Carr,coen carr,MSU,OSU,MSU,OSU,F,Pts+Asts,pa,Standard,14.5,2026-02-22T13:00:00.000-05:00,129749,20,MSU,Pts+Asts,standard,127,,NO_ATHLETE_MATCH,OK,10.0,18.0,19.0,8.0,18.0,10.0,14.0,15.0,18.0,8.0,6.0,14.6,13.4,13.4,31.4,29.0,3.0,2.0,0.0,0.6,0.4,0.6,0.4,5.0,5.0,0.0,0.5,0.5,0.5,0.5,OVER
10048801,220721,devin royal|OSU,Devin Royal,devin royal,OSU,MSU,OSU,MSU,F,Points,pts,Standard,14.0,2026-02-22T13:00:00.000-05:00,129749,20,OSU,Points,standard,194,,NO_ATHLETE_MATCH,OK,10.0,25.0,4.0,19.0,15.0,7.0,16.0,14.0,4.0,16.0,22.0,14.0,14.2,14.2,33.0,33.9,3.0,2.0,0.0,0.6,0.4,0.6,0.4,6.0,3.0,1.0,0.6,0.3,0.667,0.333,OVER
10048761,280519,christoph tilly|OSU,Christoph Tilly,christoph tilly,OSU,MSU,OSU,MSU,C,Points,pts,Demon,13.5,2026-02-22T13:00:00.000-05:00,129749,20,OSU,Points,demon,194,,NO_ATHLETE_MATCH,OK,10.0,2.0,11.0,9.0,10.0,19.0,0.0,17.0,11.0,6.0,8.0,10.2,9.3,9.3,25.0,25.5,1.0,4.0,0.0,0.2,0.8,0.2,0.8,2.0,8.0,0.0,0.2,0.8,0.2,0.8,UNDER
10048764,280519,christoph tilly|OSU,Christoph Tilly,christoph tilly,OSU,MSU,OSU,MSU,C,Pts+Rebs,pr,Standard,13.5,2026-02-22T13:00:00.000-05:00,129749,20,OSU,Pts+Rebs,standard,194,,NO_ATHLETE_MATCH,OK,10.0,6.0,14.0,11.0,13.0,22.0,3.0,21.0,16.0,10.0,12.0,13.2,12.8,12.8,25.0,25.5,2.0,3.0,0.0,0.4,0.6,0.4,0.6,4.0,6.0,0.0,0.4,0.6,0.4,0.6,UNDER
10048769,280519,christoph tilly|OSU,Christoph Tilly,christoph tilly,OSU,MSU,OSU,MSU,C,Pts+Rebs+Asts,pra,Goblin,13.5,2026-02-22T13:00:00.000-05:00,129749,20,OSU,Pts+Rebs+Asts,goblin,194,,NO_ATHLETE_MATCH,OK,10.0,9.0,16.0,12.0,16.0,23.0,4.0,23.0,18.0,15.0,13.0,15.2,14.9,14.9,25.0,25.5,3.0,2.0,0.0,0.6,0.4,0.6,0.4,6.0,4.0,0.0,0.6,0.4,0.6,0.4,OVER
10048823,126548,jaxon kohler|MSU,Jaxon Kohler,jaxon kohler,MSU,OSU,MSU,OSU,F,Points,pts,Demon,13.5,2026-02-22T13:00:00.000-05:00,129749,20,MSU,Points,demon,127,,NO_ATHLETE_MATCH,OK,10.0,9.0,5.0,11.0,9.0,12.0,12.0,11.0,2.0,7.0,16.0,9.2,9.4,9.4,30.8,27.8,0.0,5.0,0.0,0.0,1.0,0.0,1.0,1.0,9.0,0.0,0.1,0.9,0.1,0.9,UNDER
10048741,232618,carson cooper|MSU,Carson Cooper,carson cooper,MSU,OSU,MSU,OSU,C,Points,pts,Demon,12.5,2026-02-22T13:00:00.000-05:00,129749,20,MSU,Points,demon,127,,NO_ATHLETE_MATCH,OK,10.0,12.0,6.0,9.0,0.0,6.0,12.0,14.0,19.0,10.0,7.0,6.6,9.5,9.5,25.4,27.6,0.0,5.0,0.0,0.0,1.0,0.0,1.0,2.0,8.0,0.0,0.2,0.8,0.2,0.8,UNDER
10048760,280519,christoph tilly|OSU,Christoph Tilly,christoph tilly,OSU,MSU,OSU,MSU,C,Points,pts,Demon,12.5,2026-02-22T13:00:00.000-05:00,129749,20,OSU,Points,demon,194,,NO_ATHLETE_MATCH,OK,10.0,2.0,11.0,9.0,10.0,19.0,0.0,17.0,11.0,6.0,8.0,10.2,9.3,9.3,25.0,25.5,1.0,4.0,0.0,0.2,0.8,0.2,0.8,2.0,8.0,0.0,0.2,0.8,0.2,0.8,UNDER
10048781,224757,coen carr|MSU,Coen Carr,coen carr,MSU,OSU,MSU,OSU,F,Points,pts,Standard,12.5,2026-02-22T13:00:00.000-05:00,129749,20,MSU,Points,standard,127,,NO_ATHLETE_MATCH,OK,10.0,16.0,19.0,8.0,16.0,10.0,13.0,14.0,15.0,6.0,6.0,13.8,12.3,12.3,31.4,29.0,3.0,2.0,0.0,0.6,0.4,0.6,0.4,6.0,4.0,0.0,0.6,0.4,0.6,0.4,OVER
10048821,126548,jaxon kohler|MSU,Jaxon Kohler,jaxon kohler,MSU,OSU,MSU,OSU,F,Points,pts,Standard,12.5,2026-02-22T13:00:00.000-05:00,129749,20,MSU,Points,standard,127,,NO_ATHLETE_MATCH,OK,10.0,9.0,5.0,11.0,9.0,12.0,12.0,11.0,2.0,7.0,16.0,9.2,9.4,9.4,30.8,27.8,0.0,5.0,0.0,0.0,1.0,0.0,1.0,1.0,9.0,0.0,0.1,0.9,0.1,0.9,UNDER
10048869,297324,jordan scott|MSU,Jordan Scott,jordan scott,MSU,OSU,MSU,OSU,F,Points,pts,Demon,12.5,2026-02-22T13:00:00.000-05:00,129749,20,MSU,Points,demon,127,,NO_ATHLETE_MATCH,OK,10.0,11.0,11.0,10.0,15.0,10.0,7.0,8.0,0.0,6.0,11.0,11.4,8.9,8.9,26.8,22.3,1.0,4.0,0.0,0.2,0.8,0.2,0.8,1.0,9.0,0.0,0.1,0.9,0.1,0.9,UNDER
10052332,297324,jordan scott|MSU,Jordan Scott,jordan scott,MSU,OSU,MSU,OSU,F,Pts+Rebs,pr,Goblin,12.5,2026-02-22T13:00:00.000-05:00,129749,20,MSU,Pts+Rebs,goblin,127,,NO_ATHLETE_MATCH,OK,10.0,14.0,15.0,14.0,17.0,14.0,11.0,11.0,0.0,9.0,14.0,14.8,11.9,11.9,26.8,22.3,5.0,0.0,0.0,1.0,0.0,1.0,0.0,6.0,4.0,0.0,0.6,0.4,0.6,0.4,OVER
10048704,290367,amare bynum|OSU,Amare Bynum,amare bynum,OSU,MSU,OSU,MSU,F,Points,pts,Demon,11.5,2026-02-22T13:00:00.000-05:00,129749,20,OSU,Points,demon,194,,NO_ATHLETE_MATCH,OK,10.0,13.0,15.0,11.0,5.0,5.0,18.0,15.0,5.0,0.0,7.0,9.8,9.4,9.4,32.6,31.2,2.0,3.0,0.0,0.4,0.6,0.4,0.6,4.0,6.0,0.0,0.4,0.6,0.4,0.6,UNDER
10048740,232618,carson cooper|MSU,Carson Cooper,carson cooper,MSU,OSU,MSU,OSU,C,Points,pts,Demon,11.5,2026-02-22T13:00:00.000-05:00,129749,20,MSU,Points,demon,127,,NO_ATHLETE_MATCH,OK,10.0,12.0,6.0,9.0,0.0,6.0,12.0,14.0,19.0,10.0,7.0,6.6,9.5,9.5,25.4,27.6,1.0,4.0,0.0,0.2,0.8,0.2,0.8,4.0,6.0,0.0,0.4,0.6,0.4,0.6,UNDER
10048759,280519,christoph tilly|OSU,Christoph Tilly,christoph tilly,OSU,MSU,OSU,MSU,C,Points,pts,Demon,11.5,2026-02-22T13:00:00.000-05:00,129749,20,OSU,Points,demon,194,,NO_ATHLETE_MATCH,OK,10.0,2.0,11.0,9.0,10.0,19.0,0.0,17.0,11.0,6.0,8.0,10.2,9.3,9.3,25.0,25.5,1.0,4.0,0.0,0.2,0.8,0.2,0.8,2.0,8.0,0.0,0.2,0.8,0.2,0.8,UNDER
10048763,280519,christoph tilly|OSU,Christoph Tilly,christoph tilly,OSU,MSU,OSU,MSU,C,Pts+Asts,pa,Standard,11.5,2026-02-22T13:00:00.000-05:00,129749,20,OSU,Pts+Asts,standard,194,,NO_ATHLETE_MATCH,OK,10.0,5.0,13.0,10.0,13.0,20.0,1.0,19.0,13.0,11.0,9.0,12.2,11.4,11.4,25.0,25.5,3.0,2.0,0.0,0.6,0.4,0.6,0.4,5.0,5.0,0.0,0.5,0.5,0.5,0.5,OVER
10048805,220721,devin royal|OSU,Devin Royal,devin royal,OSU,MSU,OSU,MSU,F,Points,pts,Goblin,11.5,2026-02-22T13:00:00.000-05:00,129749,20,OSU,Points,goblin,194,,NO_ATHLETE_MATCH,OK,10.0,25.0,4.0,19.0,15.0,7.0,16.0,14.0,4.0,16.0,22.0,14.0,14.2,14.2,33.0,33.9,3.0,2.0,0.0,0.6,0.4,0.6,0.4,7.0,3.0,0.0,0.7,0.3,0.7,0.3,OVER
10048830,126548,jaxon kohler|MSU,Jaxon Kohler,jaxon kohler,MSU,OSU,MSU,OSU,F,Rebounds,reb,Demon,11.5,2026-02-22T13:00:00.000-05:00,129749,20,MSU,Rebounds,demon,127,,NO_ATHLETE_MATCH,OK,10.0,10.0,7.0,16.0,9.0,5.0,4.0,8.0,5.0,7.0,10.0,9.4,8.1,8.1,30.8,27.8,1.0,4.0,0.0,0.2,0.8,0.2,0.8,1.0,9.0,0.0,0.1,0.9,0.1,0.9,UNDER
10048841,219002,jeremy fears|MSU,Jeremy Fears,jeremy fears,MSU,OSU,MSU,OSU,G,Assists,ast,Demon,11.5,2026-02-22T13:00:00.000-05:00,129749,20,MSU,Assists,demon,127,,NO_ATHLETE_MATCH,NO_BOX_HISTORY,,,,,,,,,,,,,,,,,,,,,,,,,,,,,,,
10048859,219002,jeremy fears|MSU,Jeremy Fears,jeremy fears,MSU,OSU,MSU,OSU,G,Rebs+Asts,ra,Standard,11.5,2026-02-22T13:00:00.000-05:00,129749,20,MSU,Rebs+Asts,standard,127,,NO_ATHLETE_MATCH,NO_BOX_HISTORY,,,,,,,,,,,,,,,,,,,,,,,,,,,,,,,
10048868,297324,jordan scott|MSU,Jordan Scott,jordan scott,MSU,OSU,MSU,OSU,F,Points,pts,Demon,11.5,2026-02-22T13:00:00.000-05:00,129749,20,MSU,Points,demon,127,,NO_ATHLETE_MATCH,OK,10.0,11.0,11.0,10.0,15.0,10.0,7.0,8.0,0.0,6.0,11.0,11.4,8.9,8.9,26.8,22.3,1.0,4.0,0.0,0.2,0.8,0.2,0.8,1.0,9.0,0.0,0.1,0.9,0.1,0.9,UNDER
10048739,232618,carson cooper|MSU,Carson Cooper,carson cooper,MSU,OSU,MSU,OSU,C,Points,pts,Demon,10.5,2026-02-22T13:00:00.000-05:00,129749,20,MSU,Points,demon,127,,NO_ATHLETE_MATCH,OK,10.0,12.0,6.0,9.0,0.0,6.0,12.0,14.0,19.0,10.0,7.0,6.6,9.5,9.5,25.4,27.6,1.0,4.0,0.0,0.2,0.8,0.2,0.8,4.0,6.0,0.0,0.4,0.6,0.4,0.6,UNDER
10048747,232618,carson cooper|MSU,Carson Cooper,carson cooper,MSU,OSU,MSU,OSU,C,Rebounds,reb,Demon,10.5,2026-02-22T13:00:00.000-05:00,129749,20,MSU,Rebounds,demon,127,,NO_ATHLETE_MATCH,OK,10.0,7.0,8.0,8.0,5.0,2.0,14.0,8.0,7.0,6.0,7.0,6.0,7.2,7.2,25.4,27.6,0.0,5.0,0.0,0.0,1.0,0.0,1.0,1.0,9.0,0.0,0.1,0.9,0.1,0.9,UNDER
10048785,224757,coen carr|MSU,Coen Carr,coen carr,MSU,OSU,MSU,OSU,F,Points,pts,Goblin,10.5,2026-02-22T13:00:00.000-05:00,129749,20,MSU,Points,goblin,127,,NO_ATHLETE_MATCH,OK,10.0,16.0,19.0,8.0,16.0,10.0,13.0,14.0,15.0,6.0,6.0,13.8,12.3,12.3,31.4,29.0,3.0,2.0,0.0,0.6,0.4,0.6,0.4,6.0,4.0,0.0,0.6,0.4,0.6,0.4,OVER
10048827,126548,jaxon kohler|MSU,Jaxon Kohler,jaxon kohler,MSU,OSU,MSU,OSU,F,Points,pts,Goblin,10.5,2026-02-22T13:00:00.000-05:00,129749,20,MSU,Points,goblin,127,,NO_ATHLETE_MATCH,OK,10.0,9.0,5.0,11.0,9.0,12.0,12.0,11.0,2.0,7.0,16.0,9.2,9.4,9.4,30.8,27.8,2.0,3.0,0.0,0.4,0.6,0.4,0.6,5.0,5.0,0.0,0.5,0.5,0.5,0.5,UNDER
10048829,126548,jaxon kohler|MSU,Jaxon Kohler,jaxon kohler,MSU,OSU,MSU,OSU,F,Rebounds,reb,Demon,10.5,2026-02-22T13:00:00.000-05:00,129749,20,MSU,Rebounds,demon,127,,NO_ATHLETE_MATCH,OK,10.0,10.0,7.0,16.0,9.0,5.0,4.0,8.0,5.0,7.0,10.0,9.4,8.1,8.1,30.8,27.8,1.0,4.0,0.0,0.2,0.8,0.2,0.8,1.0,9.0,0.0,0.1,0.9,0.1,0.9,UNDER
10048839,219002,jeremy fears|MSU,Jeremy Fears,jeremy fears,MSU,OSU,MSU,OSU,G,Assists,ast,Demon,10.5,2026-02-22T13:00:00.000-05:00,129749,20,MSU,Assists,demon,127,,NO_ATHLETE_MATCH,NO_BOX_HISTORY,,,,,,,,,,,,,,,,,,,,,,,,,,,,,,,
10048870,297324,jordan scott|MSU,Jordan Scott,jordan scott,MSU,OSU,MSU,OSU,F,Points,pts,Demon,10.5,2026-02-22T13:00:00.000-05:00,129749,20,MSU,Points,demon,127,,NO_ATHLETE_MATCH,OK,10.0,11.0,11.0,10.0,15.0,10.0,7.0,8.0,0.0,6.0,11.0,11.4,8.9,8.9,26.8,22.3,3.0,2.0,0.0,0.6,0.4,0.6,0.4,4.0,6.0,0.0,0.4,0.6,0.4,0.6,OVER
10048746,232618,carson cooper|MSU,Carson Cooper,carson cooper,MSU,OSU,MSU,OSU,C,Rebounds,reb,Demon,9.5,2026-02-22T13:00:00.000-05:00,129749,20,MSU,Rebounds,demon,127,,NO_ATHLETE_MATCH,OK,10.0,7.0,8.0,8.0,5.0,2.0,14.0,8.0,7.0,6.0,7.0,6.0,7.2,7.2,25.4,27.6,0.0,5.0,0.0,0.0,1.0,0.0,1.0,1.0,9.0,0.0,0.1,0.9,0.1,0.9,UNDER
10048758,280519,christoph tilly|OSU,Christoph Tilly,christoph tilly,OSU,MSU,OSU,MSU,C,Points,pts,Standard,9.5,2026-02-22T13:00:00.000-05:00,129749,20,OSU,Points,standard,194,,NO_ATHLETE_MATCH,OK,10.0,2.0,11.0,9.0,10.0,19.0,0.0,17.0,11.0,6.0,8.0,10.2,9.3,9.3,25.0,25.5,3.0,2.0,0.0,0.6,0.4,0.6,0.4,5.0,5.0,0.0,0.5,0.5,0.5,0.5,OVER
10048826,126548,jaxon kohler|MSU,Jaxon Kohler,jaxon kohler,MSU,OSU,MSU,OSU,F,Points,pts,Goblin,9.5,2026-02-22T13:00:00.000-05:00,129749,20,MSU,Points,goblin,127,,NO_ATHLETE_MATCH,OK,10.0,9.0,5.0,11.0,9.0,12.0,12.0,11.0,2.0,7.0,16.0,9.2,9.4,9.4,30.8,27.8,2.0,3.0,0.0,0.4,0.6,0.4,0.6,5.0,5.0,0.0,0.5,0.5,0.5,0.5,UNDER
10048831,126548,jaxon kohler|MSU,Jaxon Kohler,jaxon kohler,MSU,OSU,MSU,OSU,F,Rebounds,reb,Demon,9.5,2026-02-22T13:00:00.000-05:00,129749,20,MSU,Rebounds,demon,127,,NO_ATHLETE_MATCH,OK,10.0,10.0,7.0,16.0,9.0,5.0,4.0,8.0,5.0,7.0,10.0,9.4,8.1,8.1,30.8,27.8,2.0,3.0,0.0,0.4,0.6,0.4,0.6,3.0,7.0,0.0,0.3,0.7,0.3,0.7,UNDER
10048840,219002,jeremy fears|MSU,Jeremy Fears,jeremy fears,MSU,OSU,MSU,OSU,G,Assists,ast,Demon,9.5,2026-02-22T13:00:00.000-05:00,129749,20,MSU,Assists,demon,127,,NO_ATHLETE_MATCH,NO_BOX_HISTORY,,,,,,,,,,,,,,,,,,,,,,,,,,,,,,,
10048867,297324,jordan scott|MSU,Jordan Scott,jordan scott,MSU,OSU,MSU,OSU,F,Points,pts,Standard,9.0,2026-02-22T13:00:00.000-05:00,129749,20,MSU,Points,standard,127,,NO_ATHLETE_MATCH,OK,10.0,11.0,11.0,10.0,15.0,10.0,7.0,8.0,0.0,6.0,11.0,11.4,8.9,8.9,26.8,22.3,5.0,0.0,0.0,1.0,0.0,1.0,0.0,6.0,4.0,0.0,0.6,0.4,0.6,0.4,OVER
10049230,219002,jeremy fears|MSU,Jeremy Fears,jeremy fears,MSU,OSU,MSU,OSU,G,Assists,ast,Standard,9.0,2026-02-22T13:00:00.000-05:00,129749,20,MSU,Assists,standard,127,,NO_ATHLETE_MATCH,NO_BOX_HISTORY,,,,,,,,,,,,,,,,,,,,,,,,,,,,,,,
10049315,88130,bruce thornton|OSU,Bruce Thornton,bruce thornton,OSU,MSU,OSU,MSU,G,Rebs+Asts,ra,Standard,9.0,2026-02-22T13:00:00.000-05:00,129749,20,OSU,Rebs+Asts,standard,194,,NO_ATHLETE_MATCH,OK,10.0,17.0,7.0,14.0,10.0,6.0,6.0,7.0,11.0,10.0,10.0,10.8,9.8,9.8,34.8,36.2,3.0,2.0,0.0,0.6,0.4,0.6,0.4,6.0,4.0,0.0,0.6,0.4,0.6,0.4,OVER
10048366,232618,carson cooper|MSU,Carson Cooper,carson cooper,MSU,OSU,MSU,OSU,C,Points,pts,Standard,8.5,2026-02-22T13:00:00.000-05:00,129749,20,MSU,Points,standard,127,,NO_ATHLETE_MATCH,OK,10.0,12.0,6.0,9.0,0.0,6.0,12.0,14.0,19.0,10.0,7.0,6.6,9.5,9.5,25.4,27.6,2.0,3.0,0.0,0.4,0.6,0.4,0.6,6.0,4.0,0.0,0.6,0.4,0.6,0.4,UNDER
10048730,88130,bruce thornton|OSU,Bruce Thornton,bruce thornton,OSU,MSU,OSU,MSU,G,Rebounds,reb,Demon,8.5,2026-02-22T13:00:00.000-05:00,129749,20,OSU,Rebounds,demon,194,,NO_ATHLETE_MATCH,OK,10.0,9.0,4.0,6.0,6.0,3.0,4.0,2.0,9.0,7.0,8.0,5.6,5.8,5.8,34.8,36.2,1.0,4.0,0.0,0.2,0.8,0.2,0.8,2.0,8.0,0.0,0.2,0.8,0.2,0.8,UNDER
10048745,232618,carson cooper|MSU,Carson Cooper,carson cooper,MSU,OSU,MSU,OSU,C,Rebounds,reb,Demon,8.5,2026-02-22T13:00:00.000-05:00,129749,20,MSU,Rebounds,demon,127,,NO_ATHLETE_MATCH,OK,10.0,7.0,8.0,8.0,5.0,2.0,14.0,8.0,7.0,6.0,7.0,6.0,7.2,7.2,25.4,27.6,0.0,5.0,0.0,0.0,1.0,0.0,1.0,1.0,9.0,0.0,0.1,0.9,0.1,0.9,UNDER
10048762,280519,christoph tilly|OSU,Christoph Tilly,christoph tilly,OSU,MSU,OSU,MSU,C,Points,pts,Goblin,8.5,2026-02-22T13:00:00.000-05:00,129749,20,OSU,Points,goblin,194,,NO_ATHLETE_MATCH,OK,10.0,2.0,11.0,9.0,10.0,19.0,0.0,17.0,11.0,6.0,8.0,10.2,9.3,9.3,25.0,25.5,4.0,1.0,0.0,0.8,0.2,0.8,0.2,6.0,4.0,0.0,0.6,0.4,0.6,0.4,OVER
10048790,224757,coen carr|MSU,Coen Carr,coen carr,MSU,OSU,MSU,OSU,F,Rebounds,reb,Demon,8.5,2026-02-22T13:00:00.000-05:00,129749,20,MSU,Rebounds,demon,127,,NO_ATHLETE_MATCH,OK,10.0,3.0,3.0,8.0,6.0,7.0,8.0,3.0,8.0,4.0,3.0,5.4,5.3,5.3,31.4,29.0,0.0,5.0,0.0,0.0,1.0,0.0,1.0,0.0,10.0,0.0,0.0,1.0,0.0,1.0,UNDER
10048814,220721,devin royal|OSU,Devin Royal,devin royal,OSU,MSU,OSU,MSU,F,Rebounds,reb,Demon,8.5,2026-02-22T13:00:00.000-05:00,129749,20,OSU,Rebounds,demon,194,,NO_ATHLETE_MATCH,OK,10.0,5.0,5.0,7.0,6.0,3.0,6.0,3.0,1.0,5.0,9.0,5.2,5.0,5.0,33.0,33.9,0.0,5.0,0.0,0.0,1.0,0.0,1.0,1.0,9.0,0.0,0.1,0.9,0.1,0.9,UNDER
10048825,126548,jaxon kohler|MSU,Jaxon Kohler,jaxon kohler,MSU,OSU,MSU,OSU,F,Points,pts,Goblin,8.5,2026-02-22T13:00:00.000-05:00,129749,20,MSU,Points,goblin,127,,NO_ATHLETE_MATCH,OK,10.0,9.0,5.0,11.0,9.0,12.0,12.0,11.0,2.0,7.0,16.0,9.2,9.4,9.4,30.8,27.8,4.0,1.0,0.0,0.8,0.2,0.8,0.2,7.0,3.0,0.0,0.7,0.3,0.7,0.3,OVER
10052260,126548,jaxon kohler|MSU,Jaxon Kohler,jaxon kohler,MSU,OSU,MSU,OSU,F,Rebounds,reb,Goblin,8.5,2026-02-22T13:00:00.000-05:00,129749,20,MSU,Rebounds,goblin,127,,NO_ATHLETE_MATCH,OK,10.0,10.0,7.0,16.0,9.0,5.0,4.0,8.0,5.0,7.0,10.0,9.4,8.1,8.1,30.8,27.8,3.0,2.0,0.0,0.6,0.4,0.6,0.4,4.0,6.0,0.0,0.4,0.6,0.4,0.6,OVER
10048729,88130,bruce thornton|OSU,Bruce Thornton,bruce thornton,OSU,MSU,OSU,MSU,G,Rebounds,reb,Demon,7.5,2026-02-22T13:00:00.000-05:00,129749,20,OSU,Rebounds,demon,194,,NO_ATHLETE_MATCH,OK,10.0,9.0,4.0,6.0,6.0,3.0,4.0,2.0,9.0,7.0,8.0,5.6,5.8,5.8,34.8,36.2,1.0,4.0,0.0,0.2,0.8,0.2,0.8,3.0,7.0,0.0,0.3,0.7,0.3,0.7,UNDER
10048742,232618,carson cooper|MSU,Carson Cooper,carson cooper,MSU,OSU,MSU,OSU,C,Points,pts,Goblin,7.5,2026-02-22T13:00:00.000-05:00,129749,20,MSU,Points,goblin,127,,NO_ATHLETE_MATCH,OK,10.0,12.0,6.0,9.0,0.0,6.0,12.0,14.0,19.0,10.0,7.0,6.6,9.5,9.5,25.4,27.6,2.0,3.0,0.0,0.4,0.6,0.4,0.6,6.0,4.0,0.0,0.6,0.4,0.6,0.4,UNDER
10048744,232618,carson cooper|MSU,Carson Cooper,carson cooper,MSU,OSU,MSU,OSU,C,Rebounds,reb,Standard,7.5,2026-02-22T13:00:00.000-05:00,129749,20,MSU,Rebounds,standard,127,,NO_ATHLETE_MATCH,OK,10.0,7.0,8.0,8.0,5.0,2.0,14.0,8.0,7.0,6.0,7.0,6.0,7.2,7.2,25.4,27.6,2.0,3.0,0.0,0.4,0.6,0.4,0.6,4.0,6.0,0.0,0.4,0.6,0.4,0.6,UNDER
10048789,224757,coen carr|MSU,Coen Carr,coen carr,MSU,OSU,MSU,OSU,F,Rebounds,reb,Demon,7.5,2026-02-22T13:00:00.000-05:00,129749,20,MSU,Rebounds,demon,127,,NO_ATHLETE_MATCH,OK,10.0,3.0,3.0,8.0,6.0,7.0,8.0,3.0,8.0,4.0,3.0,5.4,5.3,5.3,31.4,29.0,1.0,4.0,0.0,0.2,0.8,0.2,0.8,3.0,7.0,0.0,0.3,0.7,0.3,0.7,UNDER
10048813,220721,devin royal|OSU,Devin Royal,devin royal,OSU,MSU,OSU,MSU,F,Rebounds,reb,Demon,7.5,2026-02-22T13:00:00.000-05:00,129749,20,OSU,Rebounds,demon,194,,NO_ATHLETE_MATCH,OK,10.0,5.0,5.0,7.0,6.0,3.0,6.0,3.0,1.0,5.0,9.0,5.2,5.0,5.0,33.0,33.9,0.0,5.0,0.0,0.0,1.0,0.0,1.0,1.0,9.0,0.0,0.1,0.9,0.1,0.9,UNDER
10048832,126548,jaxon kohler|MSU,Jaxon Kohler,jaxon kohler,MSU,OSU,MSU,OSU,F,Rebounds,reb,Goblin,7.5,2026-02-22T13:00:00.000-05:00,129749,20,MSU,Rebounds,goblin,127,,NO_ATHLETE_MATCH,OK,10.0,10.0,7.0,16.0,9.0,5.0,4.0,8.0,5.0,7.0,10.0,9.4,8.1,8.1,30.8,27.8,3.0,2.0,0.0,0.6,0.4,0.6,0.4,5.0,5.0,0.0,0.5,0.5,0.5,0.5,OVER
10048842,219002,jeremy fears|MSU,Jeremy Fears,jeremy fears,MSU,OSU,MSU,OSU,G,Assists,ast,Goblin,7.5,2026-02-22T13:00:00.000-05:00,129749,20,MSU,Assists,goblin,127,,NO_ATHLETE_MATCH,NO_BOX_HISTORY,,,,,,,,,,,,,,,,,,,,,,,,,,,,,,,
10048871,297324,jordan scott|MSU,Jordan Scott,jordan scott,MSU,OSU,MSU,OSU,F,Points,pts,Goblin,7.5,2026-02-22T13:00:00.000-05:00,129749,20,MSU,Points,goblin,127,,NO_ATHLETE_MATCH,OK,10.0,11.0,11.0,10.0,15.0,10.0,7.0,8.0,0.0,6.0,11.0,11.4,8.9,8.9,26.8,22.3,5.0,0.0,0.0,1.0,0.0,1.0,0.0,7.0,3.0,0.0,0.7,0.3,0.7,0.3,OVER
10048728,88130,bruce thornton|OSU,Bruce Thornton,bruce thornton,OSU,MSU,OSU,MSU,G,Rebounds,reb,Demon,6.5,2026-02-22T13:00:00.000-05:00,129749,20,OSU,Rebounds,demon,194,,NO_ATHLETE_MATCH,OK,10.0,9.0,4.0,6.0,6.0,3.0,4.0,2.0,9.0,7.0,8.0,5.6,5.8,5.8,34.8,36.2,1.0,4.0,0.0,0.2,0.8,0.2,0.8,4.0,6.0,0.0,0.4,0.6,0.4,0.6,UNDER
10048748,232618,carson cooper|MSU,Carson Cooper,carson cooper,MSU,OSU,MSU,OSU,C,Rebounds,reb,Goblin,6.5,2026-02-22T13:00:00.000-05:00,129749,20,MSU,Rebounds,goblin,127,,NO_ATHLETE_MATCH,OK,10.0,7.0,8.0,8.0,5.0,2.0,14.0,8.0,7.0,6.0,7.0,6.0,7.2,7.2,25.4,27.6,3.0,2.0,0.0,0.6,0.4,0.6,0.4,7.0,3.0,0.0,0.7,0.3,0.7,0.3,OVER
10048772,280519,christoph tilly|OSU,Christoph Tilly,christoph tilly,OSU,MSU,OSU,MSU,C,Rebounds,reb,Demon,6.5,2026-02-22T13:00:00.000-05:00,129749,20,OSU,Rebounds,demon,194,,NO_ATHLETE_MATCH,OK,10.0,4.0,3.0,2.0,3.0,3.0,3.0,4.0,5.0,4.0,4.0,3.0,3.5,3.5,25.0,25.5,0.0,5.0,0.0,0.0,1.0,0.0,1.0,0.0,10.0,0.0,0.0,1.0,0.0,1.0,UNDER
10048788,224757,coen carr|MSU,Coen Carr,coen carr,MSU,OSU,MSU,OSU,F,Rebounds,reb,Demon,6.5,2026-02-22T13:00:00.000-05:00,129749,20,MSU,Rebounds,demon,127,,NO_ATHLETE_MATCH,OK,10.0,3.0,3.0,8.0,6.0,7.0,8.0,3.0,8.0,4.0,3.0,5.4,5.3,5.3,31.4,29.0,2.0,3.0,0.0,0.4,0.6,0.4,0.6,4.0,6.0,0.0,0.4,0.6,0.4,0.6,UNDER
10048812,220721,devin royal|OSU,Devin Royal,devin royal,OSU,MSU,OSU,MSU,F,Rebounds,reb,Demon,6.5,2026-02-22T13:00:00.000-05:00,129749,20,OSU,Rebounds,demon,194,,NO_ATHLETE_MATCH,OK,10.0,5.0,5.0,7.0,6.0,3.0,6.0,3.0,1.0,5.0,9.0,5.2,5.0,5.0,33.0,33.9,1.0,4.0,0.0,0.2,0.8,0.2,0.8,2.0,8.0,0.0,0.2,0.8,0.2,0.8,UNDER
10048874,297324,jordan scott|MSU,Jordan Scott,jordan scott,MSU,OSU,MSU,OSU,F,Rebounds,reb,Demon,6.5,2026-02-22T13:00:00.000-05:00,129749,20,MSU,Rebounds,demon,127,,NO_ATHLETE_MATCH,OK,10.0,3.0,4.0,4.0,2.0,4.0,4.0,3.0,0.0,3.0,3.0,3.4,3.0,3.0,26.8,22.3,0.0,5.0,0.0,0.0,1.0,0.0,1.0,0.0,10.0,0.0,0.0,1.0,0.0,1.0,UNDER
10048770,280519,christoph tilly|OSU,Christoph Tilly,christoph tilly,OSU,MSU,OSU,MSU,C,Rebounds,reb,Demon,5.5,2026-02-22T13:00:00.000-05:00,129749,20,OSU,Rebounds,demon,194,,NO_ATHLETE_MATCH,OK,10.0,4.0,3.0,2.0,3.0,3.0,3.0,4.0,5.0,4.0,4.0,3.0,3.5,3.5,25.0,25.5,0.0,5.0,0.0,0.0,1.0,0.0,1.0,0.0,10.0,0.0,0.0,1.0,0.0,1.0,UNDER
10048774,280519,christoph tilly|OSU,Christoph Tilly,christoph tilly,OSU,MSU,OSU,MSU,C,Rebs+Asts,ra,Goblin,5.5,2026-02-22T13:00:00.000-05:00,129749,20,OSU,Rebs+Asts,goblin,194,,NO_ATHLETE_MATCH,OK,10.0,7.0,5.0,3.0,6.0,4.0,4.0,6.0,7.0,9.0,5.0,5.0,5.6,5.6,25.0,25.5,2.0,3.0,0.0,0.4,0.6,0.4,0.6,5.0,5.0,0.0,0.5,0.5,0.5,0.5,UNDER
10048787,224757,coen carr|MSU,Coen Carr,coen carr,MSU,OSU,MSU,OSU,F,Rebounds,reb,Standard,5.5,2026-02-22T13:00:00.000-05:00,129749,20,MSU,Rebounds,standard,127,,NO_ATHLETE_MATCH,OK,10.0,3.0,3.0,8.0,6.0,7.0,8.0,3.0,8.0,4.0,3.0,5.4,5.3,5.3,31.4,29.0,3.0,2.0,0.0,0.6,0.4,0.6,0.4,5.0,5.0,0.0,0.5,0.5,0.5,0.5,OVER
10048872,297324,jordan scott|MSU,Jordan Scott,jordan scott,MSU,OSU,MSU,OSU,F,Rebounds,reb,Demon,5.5,2026-02-22T13:00:00.000-05:00,129749,20,MSU,Rebounds,demon,127,,NO_ATHLETE_MATCH,OK,10.0,3.0,4.0,4.0,2.0,4.0,4.0,3.0,0.0,3.0,3.0,3.4,3.0,3.0,26.8,22.3,0.0,5.0,0.0,0.0,1.0,0.0,1.0,0.0,10.0,0.0,0.0,1.0,0.0,1.0,UNDER
10048731,88130,bruce thornton|OSU,Bruce Thornton,bruce thornton,OSU,MSU,OSU,MSU,G,Rebounds,reb,Goblin,4.5,2026-02-22T13:00:00.000-05:00,129749,20,OSU,Rebounds,goblin,194,,NO_ATHLETE_MATCH,OK,10.0,9.0,4.0,6.0,6.0,3.0,4.0,2.0,9.0,7.0,8.0,5.6,5.8,5.8,34.8,36.2,3.0,2.0,0.0,0.6,0.4,0.6,0.4,6.0,4.0,0.0,0.6,0.4,0.6,0.4,OVER
10048771,280519,christoph tilly|OSU,Christoph Tilly,christoph tilly,OSU,MSU,OSU,MSU,C,Rebounds,reb,Demon,4.5,2026-02-22T13:00:00.000-05:00,129749,20,OSU,Rebounds,demon,194,,NO_ATHLETE_MATCH,OK,10.0,4.0,3.0,2.0,3.0,3.0,3.0,4.0,5.0,4.0,4.0,3.0,3.5,3.5,25.0,25.5,0.0,5.0,0.0,0.0,1.0,0.0,1.0,1.0,9.0,0.0,0.1,0.9,0.1,0.9,UNDER
10048791,224757,coen carr|MSU,Coen Carr,coen carr,MSU,OSU,MSU,OSU,F,Rebounds,reb,Goblin,4.5,2026-02-22T13:00:00.000-05:00,129749,20,MSU,Rebounds,goblin,127,,NO_ATHLETE_MATCH,OK,10.0,3.0,3.0,8.0,6.0,7.0,8.0,3.0,8.0,4.0,3.0,5.4,5.3,5.3,31.4,29.0,3.0,2.0,0.0,0.6,0.4,0.6,0.4,5.0,5.0,0.0,0.5,0.5,0.5,0.5,OVER
10048815,220721,devin royal|OSU,Devin Royal,devin royal,OSU,MSU,OSU,MSU,F,Rebounds,reb,Goblin,4.5,2026-02-22T13:00:00.000-05:00,129749,20,OSU,Rebounds,goblin,194,,NO_ATHLETE_MATCH,OK,10.0,5.0,5.0,7.0,6.0,3.0,6.0,3.0,1.0,5.0,9.0,5.2,5.0,5.0,33.0,33.9,4.0,1.0,0.0,0.8,0.2,0.8,0.2,7.0,3.0,0.0,0.7,0.3,0.7,0.3,OVER
10048857,219002,jeremy fears|MSU,Jeremy Fears,jeremy fears,MSU,OSU,MSU,OSU,G,Rebounds,reb,Demon,4.5,2026-02-22T13:00:00.000-05:00,129749,20,MSU,Rebounds,demon,127,,NO_ATHLETE_MATCH,NO_BOX_HISTORY,,,,,,,,,,,,,,,,,,,,,,,,,,,,,,,
10048873,297324,jordan scott|MSU,Jordan Scott,jordan scott,MSU,OSU,MSU,OSU,F,Rebounds,reb,Demon,4.5,2026-02-22T13:00:00.000-05:00,129749,20,MSU,Rebounds,demon,127,,NO_ATHLETE_MATCH,OK,10.0,3.0,4.0,4.0,2.0,4.0,4.0,3.0,0.0,3.0,3.0,3.4,3.0,3.0,26.8,22.3,0.0,5.0,0.0,0.0,1.0,0.0,1.0,0.0,10.0,0.0,0.0,1.0,0.0,1.0,UNDER
10049170,290367,amare bynum|OSU,Amare Bynum,amare bynum,OSU,MSU,OSU,MSU,F,Rebounds,reb,Standard,4.0,2026-02-22T13:00:00.000-05:00,129749,20,OSU,Rebounds,standard,194,,NO_ATHLETE_MATCH,OK,10.0,6.0,6.0,3.0,0.0,2.0,8.0,5.0,2.0,5.0,5.0,3.4,4.2,4.2,32.6,31.2,2.0,3.0,0.0,0.4,0.6,0.4,0.6,6.0,4.0,0.0,0.6,0.4,0.6,0.4,UNDER
10049171,280519,christoph tilly|OSU,Christoph Tilly,christoph tilly,OSU,MSU,OSU,MSU,C,Rebounds,reb,Standard,4.0,2026-02-22T13:00:00.000-05:00,129749,20,OSU,Rebounds,standard,194,,NO_ATHLETE_MATCH,OK,10.0,4.0,3.0,2.0,3.0,3.0,3.0,4.0,5.0,4.0,4.0,3.0,3.5,3.5,25.0,25.5,0.0,4.0,1.0,0.0,0.8,0.0,1.0,1.0,5.0,4.0,0.1,0.5,0.167,0.833,UNDER
10048721,88130,bruce thornton|OSU,Bruce Thornton,bruce thornton,OSU,MSU,OSU,MSU,G,3-PT Made,3pm,Demon,3.5,2026-02-22T13:00:00.000-05:00,129749,20,OSU,3-PT Made,demon,194,,NO_ATHLETE_MATCH,OK,10.0,0.0,0.0,0.0,0.0,0.0,0.0,0.0,0.0,0.0,0.0,0.0,0.0,0.0,34.8,36.2,0.0,5.0,0.0,0.0,1.0,0.0,1.0,0.0,10.0,0.0,0.0,1.0,0.0,1.0,UNDER
10048754,280519,christoph tilly|OSU,Christoph Tilly,christoph tilly,OSU,MSU,OSU,MSU,C,Assists,ast,Demon,3.5,2026-02-22T13:00:00.000-05:00,129749,20,OSU,Assists,demon,194,,NO_ATHLETE_MATCH,OK,10.0,3.0,2.0,1.0,3.0,1.0,1.0,2.0,2.0,5.0,1.0,2.0,2.1,2.1,25.0,25.5,0.0,5.0,0.0,0.0,1.0,0.0,1.0,1.0,9.0,0.0,0.1,0.9,0.1,0.9,UNDER
10048773,280519,christoph tilly|OSU,Christoph Tilly,christoph tilly,OSU,MSU,OSU,MSU,C,Rebounds,reb,Goblin,3.5,2026-02-22T13:00:00.000-05:00,129749,20,OSU,Rebounds,goblin,194,,NO_ATHLETE_MATCH,OK,10.0,4.0,3.0,2.0,3.0,3.0,3.0,4.0,5.0,4.0,4.0,3.0,3.5,3.5,25.0,25.5,1.0,4.0,0.0,0.2,0.8,0.2,0.8,5.0,5.0,0.0,0.5,0.5,0.5,0.5,UNDER
10048856,219002,jeremy fears|MSU,Jeremy Fears,jeremy fears,MSU,OSU,MSU,OSU,G,Rebounds,reb,Demon,3.5,2026-02-22T13:00:00.000-05:00,129749,20,MSU,Rebounds,demon,127,,NO_ATHLETE_MATCH,NO_BOX_HISTORY,,,,,,,,,,,,,,,,,,,,,,,,,,,,,,,
10048875,297324,jordan scott|MSU,Jordan Scott,jordan scott,MSU,OSU,MSU,OSU,F,Rebounds,reb,Goblin,3.5,2026-02-22T13:00:00.000-05:00,129749,20,MSU,Rebounds,goblin,127,,NO_ATHLETE_MATCH,OK,10.0,3.0,4.0,4.0,2.0,4.0,4.0,3.0,0.0,3.0,3.0,3.4,3.0,3.0,26.8,22.3,3.0,2.0,0.0,0.6,0.4,0.6,0.4,4.0,6.0,0.0,0.4,0.6,0.4,0.6,OVER
10048720,88130,bruce thornton|OSU,Bruce Thornton,bruce thornton,OSU,MSU,OSU,MSU,G,3-PT Made,3pm,Demon,2.5,2026-02-22T13:00:00.000-05:00,129749,20,OSU,3-PT Made,demon,194,,NO_ATHLETE_MATCH,OK,10.0,0.0,0.0,0.0,0.0,0.0,0.0,0.0,0.0,0.0,0.0,0.0,0.0,0.0,34.8,36.2,0.0,5.0,0.0,0.0,1.0,0.0,1.0,0.0,10.0,0.0,0.0,1.0,0.0,1.0,UNDER
10048733,88130,bruce thornton|OSU,Bruce Thornton,bruce thornton,OSU,MSU,OSU,MSU,G,Steals,stl,Demon,2.5,2026-02-22T13:00:00.000-05:00,129749,20,OSU,Steals,demon,194,,NO_ATHLETE_MATCH,OK,10.0,0.0,3.0,1.0,0.0,0.0,1.0,3.0,1.0,4.0,0.0,0.8,1.3,1.3,34.8,36.2,1.0,4.0,0.0,0.2,0.8,0.2,0.8,3.0,7.0,0.0,0.3,0.7,0.3,0.7,UNDER
10048737,232618,carson cooper|MSU,Carson Cooper,carson cooper,MSU,OSU,MSU,OSU,C,Blocked Shots,blk,Demon,2.5,2026-02-22T13:00:00.000-05:00,129749,20,MSU,Blocked Shots,demon,127,,NO_ATHLETE_MATCH,OK,10.0,2.0,0.0,1.0,0.0,1.0,2.0,0.0,4.0,0.0,1.0,0.8,1.1,1.1,25.4,27.6,0.0,5.0,0.0,0.0,1.0,0.0,1.0,1.0,9.0,0.0,0.1,0.9,0.1,0.9,UNDER
10048753,280519,christoph tilly|OSU,Christoph Tilly,christoph tilly,OSU,MSU,OSU,MSU,C,Assists,ast,Demon,2.5,2026-02-22T13:00:00.000-05:00,129749,20,OSU,Assists,demon,194,,NO_ATHLETE_MATCH,OK,10.0,3.0,2.0,1.0,3.0,1.0,1.0,2.0,2.0,5.0,1.0,2.0,2.1,2.1,25.0,25.5,2.0,3.0,0.0,0.4,0.6,0.4,0.6,3.0,7.0,0.0,0.3,0.7,0.3,0.7,UNDER
10048818,126548,jaxon kohler|MSU,Jaxon Kohler,jaxon kohler,MSU,OSU,MSU,OSU,F,3-PT Made,3pm,Demon,2.5,2026-02-22T13:00:00.000-05:00,129749,20,MSU,3-PT Made,demon,127,,NO_ATHLETE_MATCH,OK,10.0,0.0,0.0,0.0,0.0,0.0,0.0,0.0,0.0,0.0,0.0,0.0,0.0,0.0,30.8,27.8,0.0,5.0,0.0,0.0,1.0,0.0,1.0,0.0,10.0,0.0,0.0,1.0,0.0,1.0,UNDER
10048837,219002,jeremy fears|MSU,Jeremy Fears,jeremy fears,MSU,OSU,MSU,OSU,G,3-PT Made,3pm,Demon,2.5,2026-02-22T13:00:00.000-05:00,129749,20,MSU,3-PT Made,demon,127,,NO_ATHLETE_MATCH,NO_BOX_HISTORY,,,,,,,,,,,,,,,,,,,,,,,,,,,,,,,
10048855,219002,jeremy fears|MSU,Jeremy Fears,jeremy fears,MSU,OSU,MSU,OSU,G,Rebounds,reb,Standard,2.5,2026-02-22T13:00:00.000-05:00,129749,20,MSU,Rebounds,standard,127,,NO_ATHLETE_MATCH,NO_BOX_HISTORY,,,,,,,,,,,,,,,,,,,,,,,,,,,,,,,
10048861,219002,jeremy fears|MSU,Jeremy Fears,jeremy fears,MSU,OSU,MSU,OSU,G,Steals,stl,Demon,2.5,2026-02-22T13:00:00.000-05:00,129749,20,MSU,Steals,demon,127,,NO_ATHLETE_MATCH,NO_BOX_HISTORY,,,,,,,,,,,,,,,,,,,,,,,,,,,,,,,
10048864,297324,jordan scott|MSU,Jordan Scott,jordan scott,MSU,OSU,MSU,OSU,F,3-PT Made,3pm,Demon,2.5,2026-02-22T13:00:00.000-05:00,129749,20,MSU,3-PT Made,demon,127,,NO_ATHLETE_MATCH,OK,10.0,0.0,0.0,0.0,0.0,0.0,0.0,0.0,0.0,0.0,0.0,0.0,0.0,0.0,26.8,22.3,0.0,5.0,0.0,0.0,1.0,0.0,1.0,0.0,10.0,0.0,0.0,1.0,0.0,1.0,UNDER
10050470,280519,christoph tilly|OSU,Christoph Tilly,christoph tilly,OSU,MSU,OSU,MSU,C,Rebounds,reb,Goblin,2.5,2026-02-22T13:00:00.000-05:00,129749,20,OSU,Rebounds,goblin,194,,NO_ATHLETE_MATCH,OK,10.0,4.0,3.0,2.0,3.0,3.0,3.0,4.0,5.0,4.0,4.0,3.0,3.5,3.5,25.0,25.5,4.0,1.0,0.0,0.8,0.2,0.8,0.2,9.0,1.0,0.0,0.9,0.1,0.9,0.1,OVER
10048732,88130,bruce thornton|OSU,Bruce Thornton,bruce thornton,OSU,MSU,OSU,MSU,G,Steals,stl,Demon,1.5,2026-02-22T13:00:00.000-05:00,129749,20,OSU,Steals,demon,194,,NO_ATHLETE_MATCH,OK,10.0,0.0,3.0,1.0,0.0,0.0,1.0,3.0,1.0,4.0,0.0,0.8,1.3,1.3,34.8,36.2,1.0,4.0,0.0,0.2,0.8,0.2,0.8,3.0,7.0,0.0,0.3,0.7,0.3,0.7,UNDER
10048735,88130,bruce thornton|OSU,Bruce Thornton,bruce thornton,OSU,MSU,OSU,MSU,G,Turnovers,tov,Goblin,1.5,2026-02-22T13:00:00.000-05:00,129749,20,OSU,Turnovers,goblin,194,,NO_ATHLETE_MATCH,OK,10.0,2.0,1.0,4.0,3.0,0.0,1.0,0.0,2.0,1.0,2.0,2.0,1.6,1.6,34.8,36.2,3.0,2.0,0.0,0.6,0.4,0.6,0.4,5.0,5.0,0.0,0.5,0.5,0.5,0.5,OVER
10048736,232618,carson cooper|MSU,Carson Cooper,carson cooper,MSU,OSU,MSU,OSU,C,Blocked Shots,blk,Demon,1.5,2026-02-22T13:00:00.000-05:00,129749,20,MSU,Blocked Shots,demon,127,,NO_ATHLETE_MATCH,OK,10.0,2.0,0.0,1.0,0.0,1.0,2.0,0.0,4.0,0.0,1.0,0.8,1.1,1.1,25.4,27.6,1.0,4.0,0.0,0.2,0.8,0.2,0.8,3.0,7.0,0.0,0.3,0.7,0.3,0.7,UNDER
10048750,232618,carson cooper|MSU,Carson Cooper,carson cooper,MSU,OSU,MSU,OSU,C,Steals,stl,Demon,1.5,2026-02-22T13:00:00.000-05:00,129749,20,MSU,Steals,demon,127,,NO_ATHLETE_MATCH,OK,10.0,1.0,0.0,0.0,0.0,0.0,0.0,3.0,1.0,2.0,1.0,0.2,0.8,0.8,25.4,27.6,0.0,5.0,0.0,0.0,1.0,0.0,1.0,2.0,8.0,0.0,0.2,0.8,0.2,0.8,UNDER
10048751,232618,carson cooper|MSU,Carson Cooper,carson cooper,MSU,OSU,MSU,OSU,C,Turnovers,tov,Standard,1.5,2026-02-22T13:00:00.000-05:00,129749,20,MSU,Turnovers,standard,127,,NO_ATHLETE_MATCH,OK,10.0,4.0,1.0,0.0,1.0,3.0,4.0,0.0,2.0,0.0,2.0,1.8,1.7,1.7,25.4,27.6,2.0,3.0,0.0,0.4,0.6,0.4,0.6,5.0,5.0,0.0,0.5,0.5,0.5,0.5,UNDER
10048752,280519,christoph tilly|OSU,Christoph Tilly,christoph tilly,OSU,MSU,OSU,MSU,C,3-PT Made,3pm,Demon,1.5,2026-02-22T13:00:00.000-05:00,129749,20,OSU,3-PT Made,demon,194,,NO_ATHLETE_MATCH,OK,10.0,0.0,0.0,0.0,0.0,0.0,0.0,0.0,0.0,0.0,0.0,0.0,0.0,0.0,25.0,25.5,0.0,5.0,0.0,0.0,1.0,0.0,1.0,0.0,10.0,0.0,0.0,1.0,0.0,1.0,UNDER
10048755,280519,christoph tilly|OSU,Christoph Tilly,christoph tilly,OSU,MSU,OSU,MSU,C,Assists,ast,Goblin,1.5,2026-02-22T13:00:00.000-05:00,129749,20,OSU,Assists,goblin,194,,NO_ATHLETE_MATCH,OK,10.0,3.0,2.0,1.0,3.0,1.0,1.0,2.0,2.0,5.0,1.0,2.0,2.1,2.1,25.0,25.5,3.0,2.0,0.0,0.6,0.4,0.6,0.4,6.0,4.0,0.0,0.6,0.4,0.6,0.4,OVER
10048757,280519,christoph tilly|OSU,Christoph Tilly,christoph tilly,OSU,MSU,OSU,MSU,C,Blocked Shots,blk,Demon,1.5,2026-02-22T13:00:00.000-05:00,129749,20,OSU,Blocked Shots,demon,194,,NO_ATHLETE_MATCH,OK,10.0,0.0,2.0,2.0,0.0,1.0,0.0,0.0,0.0,0.0,0.0,1.0,0.5,0.5,25.0,25.5,2.0,3.0,0.0,0.4,0.6,0.4,0.6,2.0,8.0,0.0,0.2,0.8,0.2,0.8,UNDER
10048775,280519,christoph tilly|OSU,Christoph Tilly,christoph tilly,OSU,MSU,OSU,MSU,C,Steals,stl,Demon,1.5,2026-02-22T13:00:00.000-05:00,129749,20,OSU,Steals,demon,194,,NO_ATHLETE_MATCH,OK,10.0,0.0,1.0,0.0,1.0,1.0,1.0,2.0,1.0,0.0,0.0,0.6,0.7,0.7,25.0,25.5,0.0,5.0,0.0,0.0,1.0,0.0,1.0,1.0,9.0,0.0,0.1,0.9,0.1,0.9,UNDER
10048776,280519,christoph tilly|OSU,Christoph Tilly,christoph tilly,OSU,MSU,OSU,MSU,C,Turnovers,tov,Demon,1.5,2026-02-22T13:00:00.000-05:00,129749,20,OSU,Turnovers,demon,194,,NO_ATHLETE_MATCH,OK,10.0,1.0,0.0,2.0,2.0,2.0,0.0,3.0,1.0,1.0,1.0,1.4,1.3,1.3,25.0,25.5,3.0,2.0,0.0,0.6,0.4,0.6,0.4,4.0,6.0,0.0,0.4,0.6,0.4,0.6,OVER
10048777,224757,coen carr|MSU,Coen Carr,coen carr,MSU,OSU,MSU,OSU,F,3-PT Made,3pm,Demon,1.5,2026-02-22T13:00:00.000-05:00,129749,20,MSU,3-PT Made,demon,127,,NO_ATHLETE_MATCH,OK,10.0,0.0,0.0,0.0,0.0,0.0,0.0,0.0,0.0,0.0,0.0,0.0,0.0,0.0,31.4,29.0,0.0,5.0,0.0,0.0,1.0,0.0,1.0,0.0,10.0,0.0,0.0,1.0,0.0,1.0,UNDER
10048779,224757,coen carr|MSU,Coen Carr,coen carr,MSU,OSU,MSU,OSU,F,Blocked Shots,blk,Demon,1.5,2026-02-22T13:00:00.000-05:00,129749,20,MSU,Blocked Shots,demon,127,,NO_ATHLETE_MATCH,OK,10.0,2.0,0.0,1.0,0.0,1.0,1.0,0.0,2.0,1.0,0.0,0.8,0.8,0.8,31.4,29.0,1.0,4.0,0.0,0.2,0.8,0.2,0.8,2.0,8.0,0.0,0.2,0.8,0.2,0.8,UNDER
10048793,224757,coen carr|MSU,Coen Carr,coen carr,MSU,OSU,MSU,OSU,F,Steals,stl,Demon,1.5,2026-02-22T13:00:00.000-05:00,129749,20,MSU,Steals,demon,127,,NO_ATHLETE_MATCH,OK,10.0,1.0,0.0,0.0,0.0,1.0,0.0,0.0,0.0,0.0,0.0,0.4,0.2,0.2,31.4,29.0,0.0,5.0,0.0,0.0,1.0,0.0,1.0,0.0,10.0,0.0,0.0,1.0,0.0,1.0,UNDER
10048794,224757,coen carr|MSU,Coen Carr,coen carr,MSU,OSU,MSU,OSU,F,Turnovers,tov,Demon,1.5,2026-02-22T13:00:00.000-05:00,129749,20,MSU,Turnovers,demon,127,,NO_ATHLETE_MATCH,OK,10.0,2.0,1.0,2.0,1.0,1.0,0.0,2.0,0.0,0.0,1.0,1.4,1.0,1.0,31.4,29.0,2.0,3.0,0.0,0.4,0.6,0.4,0.6,3.0,7.0,0.0,0.3,0.7,0.3,0.7,UNDER
10048795,220721,devin royal|OSU,Devin Royal,devin royal,OSU,MSU,OSU,MSU,F,3-PT Made,3pm,Demon,1.5,2026-02-22T13:00:00.000-05:00,129749,20,OSU,3-PT Made,demon,194,,NO_ATHLETE_MATCH,OK,10.0,0.0,0.0,0.0,0.0,0.0,0.0,0.0,0.0,0.0,0.0,0.0,0.0,0.0,33.0,33.9,0.0,5.0,0.0,0.0,1.0,0.0,1.0,0.0,10.0,0.0,0.0,1.0,0.0,1.0,UNDER
10048817,126548,jaxon kohler|MSU,Jaxon Kohler,jaxon kohler,MSU,OSU,MSU,OSU,F,3-PT Made,3pm,Demon,1.5,2026-02-22T13:00:00.000-05:00,129749,20,MSU,3-PT Made,demon,127,,NO_ATHLETE_MATCH,OK,10.0,0.0,0.0,0.0,0.0,0.0,0.0,0.0,0.0,0.0,0.0,0.0,0.0,0.0,30.8,27.8,0.0,5.0,0.0,0.0,1.0,0.0,1.0,0.0,10.0,0.0,0.0,1.0,0.0,1.0,UNDER
10048820,126548,jaxon kohler|MSU,Jaxon Kohler,jaxon kohler,MSU,OSU,MSU,OSU,F,Blocked Shots,blk,Demon,1.5,2026-02-22T13:00:00.000-05:00,129749,20,MSU,Blocked Shots,demon,127,,NO_ATHLETE_MATCH,OK,10.0,0.0,2.0,1.0,0.0,1.0,0.0,0.0,0.0,1.0,0.0,0.8,0.5,0.5,30.8,27.8,1.0,4.0,0.0,0.2,0.8,0.2,0.8,1.0,9.0,0.0,0.1,0.9,0.1,0.9,UNDER
10048834,126548,jaxon kohler|MSU,Jaxon Kohler,jaxon kohler,MSU,OSU,MSU,OSU,F,Steals,stl,Demon,1.5,2026-02-22T13:00:00.000-05:00,129749,20,MSU,Steals,demon,127,,NO_ATHLETE_MATCH,OK,10.0,1.0,0.0,1.0,0.0,0.0,0.0,0.0,0.0,0.0,2.0,0.4,0.4,0.4,30.8,27.8,0.0,5.0,0.0,0.0,1.0,0.0,1.0,1.0,9.0,0.0,0.1,0.9,0.1,0.9,UNDER
10048835,126548,jaxon kohler|MSU,Jaxon Kohler,jaxon kohler,MSU,OSU,MSU,OSU,F,Turnovers,tov,Demon,1.5,2026-02-22T13:00:00.000-05:00,129749,20,MSU,Turnovers,demon,127,,NO_ATHLETE_MATCH,OK,10.0,1.0,2.0,1.0,0.0,1.0,3.0,1.0,1.0,2.0,0.0,1.0,1.2,1.2,30.8,27.8,1.0,4.0,0.0,0.2,0.8,0.2,0.8,3.0,7.0,0.0,0.3,0.7,0.3,0.7,UNDER
10048836,219002,jeremy fears|MSU,Jeremy Fears,jeremy fears,MSU,OSU,MSU,OSU,G,3-PT Made,3pm,Demon,1.5,2026-02-22T13:00:00.000-05:00,129749,20,MSU,3-PT Made,demon,127,,NO_ATHLETE_MATCH,NO_BOX_HISTORY,,,,,,,,,,,,,,,,,,,,,,,,,,,,,,,
10048858,219002,jeremy fears|MSU,Jeremy Fears,jeremy fears,MSU,OSU,MSU,OSU,G,Rebounds,reb,Goblin,1.5,2026-02-22T13:00:00.000-05:00,129749,20,MSU,Rebounds,goblin,127,,NO_ATHLETE_MATCH,NO_BOX_HISTORY,,,,,,,,,,,,,,,,,,,,,,,,,,,,,,,
10048860,219002,jeremy fears|MSU,Jeremy Fears,jeremy fears,MSU,OSU,MSU,OSU,G,Steals,stl,Demon,1.5,2026-02-22T13:00:00.000-05:00,129749,20,MSU,Steals,demon,127,,NO_ATHLETE_MATCH,NO_BOX_HISTORY,,,,,,,,,,,,,,,,,,,,,,,,,,,,,,,
10048863,219002,jeremy fears|MSU,Jeremy Fears,jeremy fears,MSU,OSU,MSU,OSU,G,Turnovers,tov,Goblin,1.5,2026-02-22T13:00:00.000-05:00,129749,20,MSU,Turnovers,goblin,127,,NO_ATHLETE_MATCH,NO_BOX_HISTORY,,,,,,,,,,,,,,,,,,,,,,,,,,,,,,,
10048865,297324,jordan scott|MSU,Jordan Scott,jordan scott,MSU,OSU,MSU,OSU,F,3-PT Made,3pm,Demon,1.5,2026-02-22T13:00:00.000-05:00,129749,20,MSU,3-PT Made,demon,127,,NO_ATHLETE_MATCH,OK,10.0,0.0,0.0,0.0,0.0,0.0,0.0,0.0,0.0,0.0,0.0,0.0,0.0,0.0,26.8,22.3,0.0,5.0,0.0,0.0,1.0,0.0,1.0,0.0,10.0,0.0,0.0,1.0,0.0,1.0,UNDER
10048876,297324,jordan scott|MSU,Jordan Scott,jordan scott,MSU,OSU,MSU,OSU,F,Steals,stl,Demon,1.5,2026-02-22T13:00:00.000-05:00,129749,20,MSU,Steals,demon,127,,NO_ATHLETE_MATCH,OK,10.0,0.0,2.0,1.0,2.0,2.0,1.0,1.0,0.0,0.0,2.0,1.4,1.1,1.1,26.8,22.3,3.0,2.0,0.0,0.6,0.4,0.6,0.4,4.0,6.0,0.0,0.4,0.6,0.4,0.6,OVER
10048734,88130,bruce thornton|OSU,Bruce Thornton,bruce thornton,OSU,MSU,OSU,MSU,G,Steals,stl,Goblin,0.5,2026-02-22T13:00:00.000-05:00,129749,20,OSU,Steals,goblin,194,,NO_ATHLETE_MATCH,OK,10.0,0.0,3.0,1.0,0.0,0.0,1.0,3.0,1.0,4.0,0.0,0.8,1.3,1.3,34.8,36.2,2.0,3.0,0.0,0.4,0.6,0.4,0.6,6.0,4.0,0.0,0.6,0.4,0.6,0.4,UNDER
10048738,232618,carson cooper|MSU,Carson Cooper,carson cooper,MSU,OSU,MSU,OSU,C,Blocked Shots,blk,Goblin,0.5,2026-02-22T13:00:00.000-05:00,129749,20,MSU,Blocked Shots,goblin,127,,NO_ATHLETE_MATCH,OK,10.0,2.0,0.0,1.0,0.0,1.0,2.0,0.0,4.0,0.0,1.0,0.8,1.1,1.1,25.4,27.6,3.0,2.0,0.0,0.6,0.4,0.6,0.4,6.0,4.0,0.0,0.6,0.4,0.6,0.4,OVER
10048749,232618,carson cooper|MSU,Carson Cooper,carson cooper,MSU,OSU,MSU,OSU,C,Steals,stl,Demon,0.5,2026-02-22T13:00:00.000-05:00,129749,20,MSU,Steals,demon,127,,NO_ATHLETE_MATCH,OK,10.0,1.0,0.0,0.0,0.0,0.0,0.0,3.0,1.0,2.0,1.0,0.2,0.8,0.8,25.4,27.6,1.0,4.0,0.0,0.2,0.8,0.2,0.8,5.0,5.0,0.0,0.5,0.5,0.5,0.5,UNDER
10048756,280519,christoph tilly|OSU,Christoph Tilly,christoph tilly,OSU,MSU,OSU,MSU,C,Blocked Shots,blk,Demon,0.5,2026-02-22T13:00:00.000-05:00,129749,20,OSU,Blocked Shots,demon,194,,NO_ATHLETE_MATCH,OK,10.0,0.0,2.0,2.0,0.0,1.0,0.0,0.0,0.0,0.0,0.0,1.0,0.5,0.5,25.0,25.5,3.0,2.0,0.0,0.6,0.4,0.6,0.4,3.0,7.0,0.0,0.3,0.7,0.3,0.7,OVER
10048778,224757,coen carr|MSU,Coen Carr,coen carr,MSU,OSU,MSU,OSU,F,3-PT Made,3pm,Standard,0.5,2026-02-22T13:00:00.000-05:00,129749,20,MSU,3-PT Made,standard,127,,NO_ATHLETE_MATCH,OK,10.0,0.0,0.0,0.0,0.0,0.0,0.0,0.0,0.0,0.0,0.0,0.0,0.0,0.0,31.4,29.0,0.0,5.0,0.0,0.0,1.0,0.0,1.0,0.0,10.0,0.0,0.0,1.0,0.0,1.0,UNDER
10048780,224757,coen carr|MSU,Coen Carr,coen carr,MSU,OSU,MSU,OSU,F,Blocked Shots,blk,Goblin,0.5,2026-02-22T13:00:00.000-05:00,129749,20,MSU,Blocked Shots,goblin,127,,NO_ATHLETE_MATCH,OK,10.0,2.0,0.0,1.0,0.0,1.0,1.0,0.0,2.0,1.0,0.0,0.8,0.8,0.8,31.4,29.0,3.0,2.0,0.0,0.6,0.4,0.6,0.4,6.0,4.0,0.0,0.6,0.4,0.6,0.4,OVER
10048792,224757,coen carr|MSU,Coen Carr,coen carr,MSU,OSU,MSU,OSU,F,Steals,stl,Demon,0.5,2026-02-22T13:00:00.000-05:00,129749,20,MSU,Steals,demon,127,,NO_ATHLETE_MATCH,OK,10.0,1.0,0.0,0.0,0.0,1.0,0.0,0.0,0.0,0.0,0.0,0.4,0.2,0.2,31.4,29.0,2.0,3.0,0.0,0.4,0.6,0.4,0.6,2.0,8.0,0.0,0.2,0.8,0.2,0.8,UNDER
10048819,126548,jaxon kohler|MSU,Jaxon Kohler,jaxon kohler,MSU,OSU,MSU,OSU,F,3-PT Made,3pm,Goblin,0.5,2026-02-22T13:00:00.000-05:00,129749,20,MSU,3-PT Made,goblin,127,,NO_ATHLETE_MATCH,OK,10.0,0.0,0.0,0.0,0.0,0.0,0.0,0.0,0.0,0.0,0.0,0.0,0.0,0.0,30.8,27.8,0.0,5.0,0.0,0.0,1.0,0.0,1.0,0.0,10.0,0.0,0.0,1.0,0.0,1.0,UNDER
10048833,126548,jaxon kohler|MSU,Jaxon Kohler,jaxon kohler,MSU,OSU,MSU,OSU,F,Steals,stl,Demon,0.5,2026-02-22T13:00:00.000-05:00,129749,20,MSU,Steals,demon,127,,NO_ATHLETE_MATCH,OK,10.0,1.0,0.0,1.0,0.0,0.0,0.0,0.0,0.0,0.0,2.0,0.4,0.4,0.4,30.8,27.8,2.0,3.0,0.0,0.4,0.6,0.4,0.6,3.0,7.0,0.0,0.3,0.7,0.3,0.7,UNDER
10048838,219002,jeremy fears|MSU,Jeremy Fears,jeremy fears,MSU,OSU,MSU,OSU,G,3-PT Made,3pm,Goblin,0.5,2026-02-22T13:00:00.000-05:00,129749,20,MSU,3-PT Made,goblin,127,,NO_ATHLETE_MATCH,NO_BOX_HISTORY,,,,,,,,,,,,,,,,,,,,,,,,,,,,,,,
10048862,219002,jeremy fears|MSU,Jeremy Fears,jeremy fears,MSU,OSU,MSU,OSU,G,Steals,stl,Goblin,0.5,2026-02-22T13:00:00.000-05:00,129749,20,MSU,Steals,goblin,127,,NO_ATHLETE_MATCH,NO_BOX_HISTORY,,,,,,,,,,,,,,,,,,,,,,,,,,,,,,,
10048866,297324,jordan scott|MSU,Jordan Scott,jordan scott,MSU,OSU,MSU,OSU,F,3-PT Made,3pm,Goblin,0.5,2026-02-22T13:00:00.000-05:00,129749,20,MSU,3-PT Made,goblin,127,,NO_ATHLETE_MATCH,OK,10.0,0.0,0.0,0.0,0.0,0.0,0.0,0.0,0.0,0.0,0.0,0.0,0.0,0.0,26.8,22.3,0.0,5.0,0.0,0.0,1.0,0.0,1.0,0.0,10.0,0.0,0.0,1.0,0.0,1.0,UNDER
10048877,297324,jordan scott|MSU,Jordan Scott,jordan scott,MSU,OSU,MSU,OSU,F,Steals,stl,Goblin,0.5,2026-02-22T13:00:00.000-05:00,129749,20,MSU,Steals,goblin,127,,NO_ATHLETE_MATCH,OK,10.0,0.0,2.0,1.0,2.0,2.0,1.0,1.0,0.0,0.0,2.0,1.4,1.1,1.1,26.8,22.3,4.0,1.0,0.0,0.8,0.2,0.8,0.2,7.0,3.0,0.0,0.7,0.3,0.7,0.3,OVER
10048878,297324,jordan scott|MSU,Jordan Scott,jordan scott,MSU,OSU,MSU,OSU,F,Turnovers,tov,Goblin,0.5,2026-02-22T13:00:00.000-05:00,129749,20,MSU,Turnovers,goblin,127,,NO_ATHLETE_MATCH,OK,10.0,0.0,0.0,2.0,2.0,1.0,0.0,0.0,0.0,0.0,1.0,1.0,0.6,0.6,26.8,22.3,3.0,2.0,0.0,0.6,0.4,0.6,0.4,4.0,6.0,0.0,0.4,0.6,0.4,0.6,OVER
10049245,280519,christoph tilly|OSU,Christoph Tilly,christoph tilly,OSU,MSU,OSU,MSU,C,Steals,stl,Standard,0.5,2026-02-22T13:00:00.000-05:00,129749,20,OSU,Steals,standard,194,,NO_ATHLETE_MATCH,OK,10.0,0.0,1.0,0.0,1.0,1.0,1.0,2.0,1.0,0.0,0.0,0.6,0.7,0.7,25.0,25.5,3.0,2.0,0.0,0.6,0.4,0.6,0.4,6.0,4.0,0.0,0.6,0.4,0.6,0.4,OVER
10049337,280519,christoph tilly|OSU,Christoph Tilly,christoph tilly,OSU,MSU,OSU,MSU,C,3-PT Made,3pm,Goblin,0.5,2026-02-22T13:00:00.000-05:00,129749,20,OSU,3-PT Made,goblin,194,,NO_ATHLETE_MATCH,OK,10.0,0.0,0.0,0.0,0.0,0.0,0.0,0.0,0.0,0.0,0.0,0.0,0.0,0.0,25.0,25.5,0.0,5.0,0.0,0.0,1.0,0.0,1.0,0.0,10.0,0.0,0.0,1.0,0.0,1.0,UNDER
10050127,276868,bennett stirtz|IOWA,Bennett Stirtz,bennett stirtz,IOWA,WIS,IOWA,WIS,G,Fantasy Score,fantasy,Standard,34.5,2026-02-22T16:00:00.000-05:00,129763,20,IOWA,Fantasy Score,standard,2294,,NO_ATHLETE_MATCH,OK,10.0,38.4,29.5,48.8,44.4,32.7,48.5,31.6,36.3,36.1,25.6,38.76,37.19,37.19,39.6,38.5,3.0,2.0,0.0,0.6,0.4,0.6,0.4,6.0,4.0,0.0,0.6,0.4,0.6,0.4,OVER
10048950,181307,john blackwell|WIS,John Blackwell,john blackwell,WIS,IOWA,WIS,IOWA,G,Pts+Rebs+Asts,pra,Demon,31.5,2026-02-22T16:00:00.000-05:00,129763,20,WIS,Pts+Rebs+Asts,demon,275,,NO_ATHLETE_MATCH,OK,10.0,24.0,30.0,31.0,27.0,30.0,31.0,22.0,25.0,27.0,38.0,28.4,28.5,28.5,36.4,35.2,0.0,5.0,0.0,0.0,1.0,0.0,1.0,1.0,9.0,0.0,0.1,0.9,0.1,0.9,UNDER
10049243,276868,bennett stirtz|IOWA,Bennett Stirtz,bennett stirtz,IOWA,WIS,IOWA,WIS,G,Pts+Rebs+Asts,pra,Standard,30.5,2026-02-22T16:00:00.000-05:00,129763,20,IOWA,Pts+Rebs+Asts,standard,2294,,NO_ATHLETE_MATCH,OK,10.0,29.0,25.0,42.0,40.0,28.0,39.0,25.0,29.0,35.0,26.0,32.8,31.8,31.8,39.6,38.5,2.0,3.0,0.0,0.4,0.6,0.4,0.6,4.0,6.0,0.0,0.4,0.6,0.4,0.6,UNDER
10050130,280727,nick boyd|WIS,Nick Boyd,nick boyd,WIS,IOWA,WIS,IOWA,G,Fantasy Score,fantasy,Standard,30.0,2026-02-22T16:00:00.000-05:00,129763,20,WIS,Fantasy Score,standard,275,,NO_ATHLETE_MATCH,OK,10.0,14.600000000000001,37.6,40.9,31.799999999999997,24.2,24.7,43.7,15.5,48.7,19.6,29.82,30.13,30.13,36.6,33.5,3.0,2.0,0.0,0.6,0.4,0.6,0.4,5.0,5.0,0.0,0.5,0.5,0.5,0.5,OVER
10048896,276868,bennett stirtz|IOWA,Bennett Stirtz,bennett stirtz,IOWA,WIS,IOWA,WIS,G,Points,pts,Demon,29.5,2026-02-22T16:00:00.000-05:00,129763,20,IOWA,Points,demon,2294,,NO_ATHLETE_MATCH,OK,10.0,25.0,19.0,32.0,36.0,22.0,32.0,20.0,20.0,27.0,19.0,26.8,25.2,25.2,39.6,38.5,2.0,3.0,0.0,0.4,0.6,0.4,0.6,3.0,7.0,0.0,0.3,0.7,0.3,0.7,UNDER
10048948,181307,john blackwell|WIS,John Blackwell,john blackwell,WIS,IOWA,WIS,IOWA,G,Pts+Rebs+Asts,pra,Demon,29.5,2026-02-22T16:00:00.000-05:00,129763,20,WIS,Pts+Rebs+Asts,demon,275,,NO_ATHLETE_MATCH,OK,10.0,24.0,30.0,31.0,27.0,30.0,31.0,22.0,25.0,27.0,38.0,28.4,28.5,28.5,36.4,35.2,3.0,2.0,0.0,0.6,0.4,0.6,0.4,5.0,5.0,0.0,0.5,0.5,0.5,0.5,OVER
10048978,219388,nolan winter|WIS,Nolan Winter,nolan winter,WIS,IOWA,WIS,IOWA,F,Pts+Rebs+Asts,pra,Demon,28.5,2026-02-22T16:00:00.000-05:00,129763,20,WIS,Pts+Rebs+Asts,demon,275,,NO_ATHLETE_MATCH,OK,10.0,19.0,22.0,16.0,38.0,25.0,18.0,19.0,26.0,25.0,25.0,24.0,23.3,23.3,34.8,34.5,1.0,4.0,0.0,0.2,0.8,0.2,0.8,1.0,9.0,0.0,0.1,0.9,0.1,0.9,UNDER
10050129,181307,john blackwell|WIS,John Blackwell,john blackwell,WIS,IOWA,WIS,IOWA,G,Fantasy Score,fantasy,Standard,28.5,2026-02-22T16:00:00.000-05:00,129763,20,WIS,Fantasy Score,standard,275,,NO_ATHLETE_MATCH,OK,10.0,27.2,37.8,38.6,32.7,38.8,33.9,19.799999999999997,28.1,35.5,40.7,35.02,33.31,33.31,36.4,35.2,4.0,1.0,0.0,0.8,0.2,0.8,0.2,7.0,3.0,0.0,0.7,0.3,0.7,0.3,OVER
10048895,276868,bennett stirtz|IOWA,Bennett Stirtz,bennett stirtz,IOWA,WIS,IOWA,WIS,G,Points,pts,Demon,27.5,2026-02-22T16:00:00.000-05:00,129763,20,IOWA,Points,demon,2294,,NO_ATHLETE_MATCH,OK,10.0,25.0,19.0,32.0,36.0,22.0,32.0,20.0,20.0,27.0,19.0,26.8,25.2,25.2,39.6,38.5,2.0,3.0,0.0,0.4,0.6,0.4,0.6,3.0,7.0,0.0,0.3,0.7,0.3,0.7,UNDER
10048899,276868,bennett stirtz|IOWA,Bennett Stirtz,bennett stirtz,IOWA,WIS,IOWA,WIS,G,Pts+Rebs,pr,Standard,27.5,2026-02-22T16:00:00.000-05:00,129763,20,IOWA,Pts+Rebs,standard,2294,,NO_ATHLETE_MATCH,OK,10.0,27.0,24.0,36.0,38.0,23.0,32.0,23.0,24.0,30.0,22.0,29.6,27.9,27.9,39.6,38.5,2.0,3.0,0.0,0.4,0.6,0.4,0.6,4.0,6.0,0.0,0.4,0.6,0.4,0.6,UNDER
10048949,181307,john blackwell|WIS,John Blackwell,john blackwell,WIS,IOWA,WIS,IOWA,G,Pts+Rebs+Asts,pra,Demon,27.5,2026-02-22T16:00:00.000-05:00,129763,20,WIS,Pts+Rebs+Asts,demon,275,,NO_ATHLETE_MATCH,OK,10.0,24.0,30.0,31.0,27.0,30.0,31.0,22.0,25.0,27.0,38.0,28.4,28.5,28.5,36.4,35.2,3.0,2.0,0.0,0.6,0.4,0.6,0.4,5.0,5.0,0.0,0.5,0.5,0.5,0.5,OVER
10049281,276868,bennett stirtz|IOWA,Bennett Stirtz,bennett stirtz,IOWA,WIS,IOWA,WIS,G,Pts+Asts,pa,Standard,27.5,2026-02-22T16:00:00.000-05:00,129763,20,IOWA,Pts+Asts,standard,2294,,NO_ATHLETE_MATCH,OK,10.0,27.0,20.0,38.0,38.0,27.0,39.0,22.0,25.0,32.0,23.0,30.0,29.1,29.1,39.6,38.5,2.0,3.0,0.0,0.4,0.6,0.4,0.6,4.0,6.0,0.0,0.4,0.6,0.4,0.6,UNDER
10050131,219388,nolan winter|WIS,Nolan Winter,nolan winter,WIS,IOWA,WIS,IOWA,F,Fantasy Score,fantasy,Standard,27.5,2026-02-22T16:00:00.000-05:00,129763,20,WIS,Fantasy Score,standard,275,,NO_ATHLETE_MATCH,OK,10.0,27.4,27.7,21.7,44.4,34.7,20.4,26.7,37.5,31.0,31.2,31.18,30.27,30.27,34.8,34.5,3.0,2.0,0.0,0.6,0.4,0.6,0.4,6.0,4.0,0.0,0.6,0.4,0.6,0.4,OVER
10048977,219388,nolan winter|WIS,Nolan Winter,nolan winter,WIS,IOWA,WIS,IOWA,F,Pts+Rebs+Asts,pra,Demon,26.5,2026-02-22T16:00:00.000-05:00,129763,20,WIS,Pts+Rebs+Asts,demon,275,,NO_ATHLETE_MATCH,OK,10.0,19.0,22.0,16.0,38.0,25.0,18.0,19.0,26.0,25.0,25.0,24.0,23.3,23.3,34.8,34.5,1.0,4.0,0.0,0.2,0.8,0.2,0.8,1.0,9.0,0.0,0.1,0.9,0.1,0.9,UNDER
10049002,279767,tavion banks|IOWA,Tavion Banks,tavion banks,IOWA,WIS,IOWA,WIS,G-F,Pts+Rebs+Asts,pra,Demon,26.5,2026-02-22T16:00:00.000-05:00,129763,20,IOWA,Pts+Rebs+Asts,demon,2294,,NO_ATHLETE_MATCH,OK,10.0,16.0,15.0,23.0,22.0,14.0,6.0,28.0,14.0,36.0,12.0,18.0,18.6,18.6,29.6,26.0,0.0,5.0,0.0,0.0,1.0,0.0,1.0,2.0,8.0,0.0,0.2,0.8,0.2,0.8,UNDER
10049244,280727,nick boyd|WIS,Nick Boyd,nick boyd,WIS,IOWA,WIS,IOWA,G,Pts+Rebs+Asts,pra,Standard,26.5,2026-02-22T16:00:00.000-05:00,129763,20,WIS,Pts+Rebs+Asts,standard,275,,NO_ATHLETE_MATCH,OK,10.0,17.0,36.0,32.0,30.0,24.0,27.0,38.0,17.0,42.0,18.0,27.8,28.1,28.1,36.6,33.5,3.0,2.0,0.0,0.6,0.4,0.6,0.4,6.0,4.0,0.0,0.6,0.4,0.6,0.4,OVER
10048897,276868,bennett stirtz|IOWA,Bennett Stirtz,bennett stirtz,IOWA,WIS,IOWA,WIS,G,Points,pts,Demon,25.5,2026-02-22T16:00:00.000-05:00,129763,20,IOWA,Points,demon,2294,,NO_ATHLETE_MATCH,OK,10.0,25.0,19.0,32.0,36.0,22.0,32.0,20.0,20.0,27.0,19.0,26.8,25.2,25.2,39.6,38.5,2.0,3.0,0.0,0.4,0.6,0.4,0.6,4.0,6.0,0.0,0.4,0.6,0.4,0.6,UNDER
10048947,181307,john blackwell|WIS,John Blackwell,john blackwell,WIS,IOWA,WIS,IOWA,G,Pts+Rebs+Asts,pra,Standard,25.5,2026-02-22T16:00:00.000-05:00,129763,20,WIS,Pts+Rebs+Asts,standard,275,,NO_ATHLETE_MATCH,OK,10.0,24.0,30.0,31.0,27.0,30.0,31.0,22.0,25.0,27.0,38.0,28.4,28.5,28.5,36.4,35.2,4.0,1.0,0.0,0.8,0.2,0.8,0.2,7.0,3.0,0.0,0.7,0.3,0.7,0.3,OVER
10048979,219388,nolan winter|WIS,Nolan Winter,nolan winter,WIS,IOWA,WIS,IOWA,F,Pts+Rebs+Asts,pra,Demon,24.5,2026-02-22T16:00:00.000-05:00,129763,20,WIS,Pts+Rebs+Asts,demon,275,,NO_ATHLETE_MATCH,OK,10.0,19.0,22.0,16.0,38.0,25.0,18.0,19.0,26.0,25.0,25.0,24.0,23.3,23.3,34.8,34.5,2.0,3.0,0.0,0.4,0.6,0.4,0.6,5.0,5.0,0.0,0.5,0.5,0.5,0.5,UNDER
10049000,279767,tavion banks|IOWA,Tavion Banks,tavion banks,IOWA,WIS,IOWA,WIS,G-F,Pts+Rebs+Asts,pra,Demon,24.5,2026-02-22T16:00:00.000-05:00,129763,20,IOWA,Pts+Rebs+Asts,demon,2294,,NO_ATHLETE_MATCH,OK,10.0,16.0,15.0,23.0,22.0,14.0,6.0,28.0,14.0,36.0,12.0,18.0,18.6,18.6,29.6,26.0,0.0,5.0,0.0,0.0,1.0,0.0,1.0,2.0,8.0,0.0,0.2,0.8,0.2,0.8,UNDER
10048951,181307,john blackwell|WIS,John Blackwell,john blackwell,WIS,IOWA,WIS,IOWA,G,Pts+Rebs+Asts,pra,Goblin,23.5,2026-02-22T16:00:00.000-05:00,129763,20,WIS,Pts+Rebs+Asts,goblin,275,,NO_ATHLETE_MATCH,OK,10.0,24.0,30.0,31.0,27.0,30.0,31.0,22.0,25.0,27.0,38.0,28.4,28.5,28.5,36.4,35.2,5.0,0.0,0.0,1.0,0.0,1.0,0.0,9.0,1.0,0.0,0.9,0.1,0.9,0.1,OVER
10050128,279767,tavion banks|IOWA,Tavion Banks,tavion banks,IOWA,WIS,IOWA,WIS,G-F,Fantasy Score,fantasy,Standard,23.5,2026-02-22T16:00:00.000-05:00,129763,20,IOWA,Fantasy Score,standard,2294,,NO_ATHLETE_MATCH,OK,10.0,27.0,16.5,24.6,25.4,19.6,6.4,30.9,19.4,36.6,13.5,22.62,21.99,21.99,29.6,26.0,3.0,2.0,0.0,0.6,0.4,0.6,0.4,5.0,5.0,0.0,0.5,0.5,0.5,0.5,OVER
10049282,280727,nick boyd|WIS,Nick Boyd,nick boyd,WIS,IOWA,WIS,IOWA,G,Pts+Asts,pa,Standard,23.0,2026-02-22T16:00:00.000-05:00,129763,20,WIS,Pts+Asts,standard,275,,NO_ATHLETE_MATCH,OK,10.0,14.0,33.0,30.0,26.0,23.0,26.0,32.0,12.0,41.0,15.0,25.2,25.2,25.2,36.6,33.5,3.0,1.0,1.0,0.6,0.2,0.75,0.25,6.0,3.0,1.0,0.6,0.3,0.667,0.333,OVER
10048894,276868,bennett stirtz|IOWA,Bennett Stirtz,bennett stirtz,IOWA,WIS,IOWA,WIS,G,Points,pts,Standard,22.5,2026-02-22T16:00:00.000-05:00,129763,20,IOWA,Points,standard,2294,,NO_ATHLETE_MATCH,OK,10.0,25.0,19.0,32.0,36.0,22.0,32.0,20.0,20.0,27.0,19.0,26.8,25.2,25.2,39.6,38.5,3.0,2.0,0.0,0.6,0.4,0.6,0.4,5.0,5.0,0.0,0.5,0.5,0.5,0.5,OVER
10048941,181307,john blackwell|WIS,John Blackwell,john blackwell,WIS,IOWA,WIS,IOWA,G,Points,pts,Demon,22.5,2026-02-22T16:00:00.000-05:00,129763,20,WIS,Points,demon,275,,NO_ATHLETE_MATCH,OK,10.0,14.0,24.0,24.0,18.0,22.0,23.0,11.0,17.0,19.0,27.0,20.4,19.9,19.9,36.4,35.2,2.0,3.0,0.0,0.4,0.6,0.4,0.6,4.0,6.0,0.0,0.4,0.6,0.4,0.6,UNDER
10048946,181307,john blackwell|WIS,John Blackwell,john blackwell,WIS,IOWA,WIS,IOWA,G,Pts+Rebs,pr,Standard,22.5,2026-02-22T16:00:00.000-05:00,129763,20,WIS,Pts+Rebs,standard,275,,NO_ATHLETE_MATCH,OK,10.0,20.0,28.0,27.0,24.0,26.0,30.0,20.0,20.0,24.0,33.0,25.0,25.2,25.2,36.4,35.2,4.0,1.0,0.0,0.8,0.2,0.8,0.2,7.0,3.0,0.0,0.7,0.3,0.7,0.3,OVER
10048976,219388,nolan winter|WIS,Nolan Winter,nolan winter,WIS,IOWA,WIS,IOWA,F,Pts+Rebs+Asts,pra,Standard,22.5,2026-02-22T16:00:00.000-05:00,129763,20,WIS,Pts+Rebs+Asts,standard,275,,NO_ATHLETE_MATCH,OK,10.0,19.0,22.0,16.0,38.0,25.0,18.0,19.0,26.0,25.0,25.0,24.0,23.3,23.3,34.8,34.5,2.0,3.0,0.0,0.4,0.6,0.4,0.6,5.0,5.0,0.0,0.5,0.5,0.5,0.5,UNDER
10049001,279767,tavion banks|IOWA,Tavion Banks,tavion banks,IOWA,WIS,IOWA,WIS,G-F,Pts+Rebs+Asts,pra,Demon,22.5,2026-02-22T16:00:00.000-05:00,129763,20,IOWA,Pts+Rebs+Asts,demon,2294,,NO_ATHLETE_MATCH,OK,10.0,16.0,15.0,23.0,22.0,14.0,6.0,28.0,14.0,36.0,12.0,18.0,18.6,18.6,29.6,26.0,1.0,4.0,0.0,0.2,0.8,0.2,0.8,3.0,7.0,0.0,0.3,0.7,0.3,0.7,UNDER
10048898,276868,bennett stirtz|IOWA,Bennett Stirtz,bennett stirtz,IOWA,WIS,IOWA,WIS,G,Points,pts,Goblin,21.5,2026-02-22T16:00:00.000-05:00,129763,20,IOWA,Points,goblin,2294,,NO_ATHLETE_MATCH,OK,10.0,25.0,19.0,32.0,36.0,22.0,32.0,20.0,20.0,27.0,19.0,26.8,25.2,25.2,39.6,38.5,4.0,1.0,0.0,0.8,0.2,0.8,0.2,6.0,4.0,0.0,0.6,0.4,0.6,0.4,OVER
10048940,181307,john blackwell|WIS,John Blackwell,john blackwell,WIS,IOWA,WIS,IOWA,G,Points,pts,Demon,21.5,2026-02-22T16:00:00.000-05:00,129763,20,WIS,Points,demon,275,,NO_ATHLETE_MATCH,OK,10.0,14.0,24.0,24.0,18.0,22.0,23.0,11.0,17.0,19.0,27.0,20.4,19.9,19.9,36.4,35.2,3.0,2.0,0.0,0.6,0.4,0.6,0.4,5.0,5.0,0.0,0.5,0.5,0.5,0.5,OVER
10048975,219388,nolan winter|WIS,Nolan Winter,nolan winter,WIS,IOWA,WIS,IOWA,F,Pts+Rebs,pr,Standard,21.5,2026-02-22T16:00:00.000-05:00,129763,20,WIS,Pts+Rebs,standard,275,,NO_ATHLETE_MATCH,OK,10.0,17.0,21.0,15.0,38.0,22.0,16.0,18.0,23.0,23.0,23.0,22.6,21.6,21.6,34.8,34.5,2.0,3.0,0.0,0.4,0.6,0.4,0.6,5.0,5.0,0.0,0.5,0.5,0.5,0.5,UNDER
10051676,219388,nolan winter|WIS,Nolan Winter,nolan winter,WIS,IOWA,WIS,IOWA,F,Pts+Rebs+Asts,pra,Goblin,21.5,2026-02-22T16:00:00.000-05:00,129763,20,WIS,Pts+Rebs+Asts,goblin,275,,NO_ATHLETE_MATCH,OK,10.0,19.0,22.0,16.0,38.0,25.0,18.0,19.0,26.0,25.0,25.0,24.0,23.3,23.3,34.8,34.5,3.0,2.0,0.0,0.6,0.4,0.6,0.4,6.0,4.0,0.0,0.6,0.4,0.6,0.4,OVER
10048942,181307,john blackwell|WIS,John Blackwell,john blackwell,WIS,IOWA,WIS,IOWA,G,Points,pts,Demon,20.5,2026-02-22T16:00:00.000-05:00,129763,20,WIS,Points,demon,275,,NO_ATHLETE_MATCH,OK,10.0,14.0,24.0,24.0,18.0,22.0,23.0,11.0,17.0,19.0,27.0,20.4,19.9,19.9,36.4,35.2,3.0,2.0,0.0,0.6,0.4,0.6,0.4,5.0,5.0,0.0,0.5,0.5,0.5,0.5,OVER
10048945,181307,john blackwell|WIS,John Blackwell,john blackwell,WIS,IOWA,WIS,IOWA,G,Pts+Asts,pa,Standard,20.5,2026-02-22T16:00:00.000-05:00,129763,20,WIS,Pts+Asts,standard,275,,NO_ATHLETE_MATCH,OK,10.0,18.0,26.0,28.0,21.0,26.0,24.0,13.0,22.0,22.0,32.0,23.8,23.2,23.2,36.4,35.2,4.0,1.0,0.0,0.8,0.2,0.8,0.2,8.0,2.0,0.0,0.8,0.2,0.8,0.2,OVER
10048980,219388,nolan winter|WIS,Nolan Winter,nolan winter,WIS,IOWA,WIS,IOWA,F,Pts+Rebs+Asts,pra,Goblin,20.5,2026-02-22T16:00:00.000-05:00,129763,20,WIS,Pts+Rebs+Asts,goblin,275,,NO_ATHLETE_MATCH,OK,10.0,19.0,22.0,16.0,38.0,25.0,18.0,19.0,26.0,25.0,25.0,24.0,23.3,23.3,34.8,34.5,3.0,2.0,0.0,0.6,0.4,0.6,0.4,6.0,4.0,0.0,0.6,0.4,0.6,0.4,OVER
10048999,279767,tavion banks|IOWA,Tavion Banks,tavion banks,IOWA,WIS,IOWA,WIS,G-F,Pts+Rebs+Asts,pra,Standard,20.5,2026-02-22T16:00:00.000-05:00,129763,20,IOWA,Pts+Rebs+Asts,standard,2294,,NO_ATHLETE_MATCH,OK,10.0,16.0,15.0,23.0,22.0,14.0,6.0,28.0,14.0,36.0,12.0,18.0,18.6,18.6,29.6,26.0,2.0,3.0,0.0,0.4,0.6,0.4,0.6,4.0,6.0,0.0,0.4,0.6,0.4,0.6,UNDER
10048998,279767,tavion banks|IOWA,Tavion Banks,tavion banks,IOWA,WIS,IOWA,WIS,G-F,Pts+Rebs,pr,Standard,19.5,2026-02-22T16:00:00.000-05:00,129763,20,IOWA,Pts+Rebs,standard,2294,,NO_ATHLETE_MATCH,OK,10.0,16.0,14.0,21.0,20.0,14.0,6.0,27.0,14.0,34.0,9.0,17.0,17.5,17.5,29.6,26.0,2.0,3.0,0.0,0.4,0.6,0.4,0.6,4.0,6.0,0.0,0.4,0.6,0.4,0.6,UNDER
10050311,280727,nick boyd|WIS,Nick Boyd,nick boyd,WIS,IOWA,WIS,IOWA,G,Points,pts,Standard,19.5,2026-02-22T16:00:00.000-05:00,129763,20,WIS,Points,standard,275,,NO_ATHLETE_MATCH,OK,10.0,14.0,29.0,25.0,20.0,21.0,21.0,29.0,11.0,32.0,11.0,21.8,21.3,21.3,36.6,33.5,4.0,1.0,0.0,0.8,0.2,0.8,0.2,7.0,3.0,0.0,0.7,0.3,0.7,0.3,OVER
10048939,181307,john blackwell|WIS,John Blackwell,john blackwell,WIS,IOWA,WIS,IOWA,G,Points,pts,Standard,18.5,2026-02-22T16:00:00.000-05:00,129763,20,WIS,Points,standard,275,,NO_ATHLETE_MATCH,OK,10.0,14.0,24.0,24.0,18.0,22.0,23.0,11.0,17.0,19.0,27.0,20.4,19.9,19.9,36.4,35.2,3.0,2.0,0.0,0.6,0.4,0.6,0.4,6.0,4.0,0.0,0.6,0.4,0.6,0.4,OVER
10048995,279767,tavion banks|IOWA,Tavion Banks,tavion banks,IOWA,WIS,IOWA,WIS,G-F,Points,pts,Demon,18.5,2026-02-22T16:00:00.000-05:00,129763,20,IOWA,Points,demon,2294,,NO_ATHLETE_MATCH,OK,10.0,6.0,9.0,13.0,13.0,11.0,4.0,20.0,12.0,26.0,9.0,10.4,12.3,12.3,29.6,26.0,0.0,5.0,0.0,0.0,1.0,0.0,1.0,2.0,8.0,0.0,0.2,0.8,0.2,0.8,UNDER
10049003,279767,tavion banks|IOWA,Tavion Banks,tavion banks,IOWA,WIS,IOWA,WIS,G-F,Pts+Rebs+Asts,pra,Goblin,18.5,2026-02-22T16:00:00.000-05:00,129763,20,IOWA,Pts+Rebs+Asts,goblin,2294,,NO_ATHLETE_MATCH,OK,10.0,16.0,15.0,23.0,22.0,14.0,6.0,28.0,14.0,36.0,12.0,18.0,18.6,18.6,29.6,26.0,2.0,3.0,0.0,0.4,0.6,0.4,0.6,4.0,6.0,0.0,0.4,0.6,0.4,0.6,UNDER
10049145,280727,nick boyd|WIS,Nick Boyd,nick boyd,WIS,IOWA,WIS,IOWA,G,Points,pts,Standard,18.5,2026-02-22T16:00:00.000-05:00,129763,20,WIS,Points,standard,275,,NO_ATHLETE_MATCH,OK,10.0,14.0,29.0,25.0,20.0,21.0,21.0,29.0,11.0,32.0,11.0,21.8,21.3,21.3,36.6,33.5,4.0,1.0,0.0,0.8,0.2,0.8,0.2,7.0,3.0,0.0,0.7,0.3,0.7,0.3,OVER
10048923,279765,cooper koch|IOWA,Cooper Koch,cooper koch,IOWA,WIS,IOWA,WIS,F,Pts+Rebs+Asts,pra,Demon,17.5,2026-02-22T16:00:00.000-05:00,129763,20,IOWA,Pts+Rebs+Asts,demon,2294,,NO_ATHLETE_MATCH,OK,10.0,14.0,5.0,4.0,14.0,16.0,15.0,8.0,6.0,1.0,11.0,10.6,9.4,9.4,29.6,28.5,0.0,5.0,0.0,0.0,1.0,0.0,1.0,0.0,10.0,0.0,0.0,1.0,0.0,1.0,UNDER
10048972,219388,nolan winter|WIS,Nolan Winter,nolan winter,WIS,IOWA,WIS,IOWA,F,Points,pts,Demon,17.5,2026-02-22T16:00:00.000-05:00,129763,20,WIS,Points,demon,275,,NO_ATHLETE_MATCH,OK,10.0,10.0,10.0,4.0,26.0,11.0,9.0,12.0,13.0,18.0,12.0,12.2,12.5,12.5,34.8,34.5,1.0,4.0,0.0,0.2,0.8,0.2,0.8,2.0,8.0,0.0,0.2,0.8,0.2,0.8,UNDER
10048944,181307,john blackwell|WIS,John Blackwell,john blackwell,WIS,IOWA,WIS,IOWA,G,Points,pts,Goblin,16.5,2026-02-22T16:00:00.000-05:00,129763,20,WIS,Points,goblin,275,,NO_ATHLETE_MATCH,OK,10.0,14.0,24.0,24.0,18.0,22.0,23.0,11.0,17.0,19.0,27.0,20.4,19.9,19.9,36.4,35.2,4.0,1.0,0.0,0.8,0.2,0.8,0.2,8.0,2.0,0.0,0.8,0.2,0.8,0.2,OVER
10048993,279767,tavion banks|IOWA,Tavion Banks,tavion banks,IOWA,WIS,IOWA,WIS,G-F,Points,pts,Demon,16.5,2026-02-22T16:00:00.000-05:00,129763,20,IOWA,Points,demon,2294,,NO_ATHLETE_MATCH,OK,10.0,6.0,9.0,13.0,13.0,11.0,4.0,20.0,12.0,26.0,9.0,10.4,12.3,12.3,29.6,26.0,0.0,5.0,0.0,0.0,1.0,0.0,1.0,2.0,8.0,0.0,0.2,0.8,0.2,0.8,UNDER
10048921,279765,cooper koch|IOWA,Cooper Koch,cooper koch,IOWA,WIS,IOWA,WIS,F,Pts+Rebs+Asts,pra,Demon,15.5,2026-02-22T16:00:00.000-05:00,129763,20,IOWA,Pts+Rebs+Asts,demon,2294,,NO_ATHLETE_MATCH,OK,10.0,14.0,5.0,4.0,14.0,16.0,15.0,8.0,6.0,1.0,11.0,10.6,9.4,9.4,29.6,28.5,1.0,4.0,0.0,0.2,0.8,0.2,0.8,1.0,9.0,0.0,0.1,0.9,0.1,0.9,UNDER
10048943,181307,john blackwell|WIS,John Blackwell,john blackwell,WIS,IOWA,WIS,IOWA,G,Points,pts,Goblin,15.5,2026-02-22T16:00:00.000-05:00,129763,20,WIS,Points,goblin,275,,NO_ATHLETE_MATCH,OK,10.0,14.0,24.0,24.0,18.0,22.0,23.0,11.0,17.0,19.0,27.0,20.4,19.9,19.9,36.4,35.2,4.0,1.0,0.0,0.8,0.2,0.8,0.2,8.0,2.0,0.0,0.8,0.2,0.8,0.2,OVER
10048970,219388,nolan winter|WIS,Nolan Winter,nolan winter,WIS,IOWA,WIS,IOWA,F,Points,pts,Demon,15.5,2026-02-22T16:00:00.000-05:00,129763,20,WIS,Points,demon,275,,NO_ATHLETE_MATCH,OK,10.0,10.0,10.0,4.0,26.0,11.0,9.0,12.0,13.0,18.0,12.0,12.2,12.5,12.5,34.8,34.5,1.0,4.0,0.0,0.2,0.8,0.2,0.8,2.0,8.0,0.0,0.2,0.8,0.2,0.8,UNDER
10048994,279767,tavion banks|IOWA,Tavion Banks,tavion banks,IOWA,WIS,IOWA,WIS,G-F,Points,pts,Demon,14.5,2026-02-22T16:00:00.000-05:00,129763,20,IOWA,Points,demon,2294,,NO_ATHLETE_MATCH,OK,10.0,6.0,9.0,13.0,13.0,11.0,4.0,20.0,12.0,26.0,9.0,10.4,12.3,12.3,29.6,26.0,0.0,5.0,0.0,0.0,1.0,0.0,1.0,2.0,8.0,0.0,0.2,0.8,0.2,0.8,UNDER
10048922,279765,cooper koch|IOWA,Cooper Koch,cooper koch,IOWA,WIS,IOWA,WIS,F,Pts+Rebs+Asts,pra,Demon,13.5,2026-02-22T16:00:00.000-05:00,129763,20,IOWA,Pts+Rebs+Asts,demon,2294,,NO_ATHLETE_MATCH,OK,10.0,14.0,5.0,4.0,14.0,16.0,15.0,8.0,6.0,1.0,11.0,10.6,9.4,9.4,29.6,28.5,3.0,2.0,0.0,0.6,0.4,0.6,0.4,4.0,6.0,0.0,0.4,0.6,0.4,0.6,OVER
10048971,219388,nolan winter|WIS,Nolan Winter,nolan winter,WIS,IOWA,WIS,IOWA,F,Points,pts,Demon,13.5,2026-02-22T16:00:00.000-05:00,129763,20,WIS,Points,demon,275,,NO_ATHLETE_MATCH,OK,10.0,10.0,10.0,4.0,26.0,11.0,9.0,12.0,13.0,18.0,12.0,12.2,12.5,12.5,34.8,34.5,1.0,4.0,0.0,0.2,0.8,0.2,0.8,2.0,8.0,0.0,0.2,0.8,0.2,0.8,UNDER
10048974,219388,nolan winter|WIS,Nolan Winter,nolan winter,WIS,IOWA,WIS,IOWA,F,Pts+Asts,pa,Standard,13.5,2026-02-22T16:00:00.000-05:00,129763,20,WIS,Pts+Asts,standard,275,,NO_ATHLETE_MATCH,OK,10.0,12.0,11.0,5.0,26.0,14.0,11.0,13.0,16.0,20.0,14.0,13.6,14.2,14.2,34.8,34.5,2.0,3.0,0.0,0.4,0.6,0.4,0.6,5.0,5.0,0.0,0.5,0.5,0.5,0.5,UNDER
10048997,279767,tavion banks|IOWA,Tavion Banks,tavion banks,IOWA,WIS,IOWA,WIS,G-F,Pts+Asts,pa,Standard,13.5,2026-02-22T16:00:00.000-05:00,129763,20,IOWA,Pts+Asts,standard,2294,,NO_ATHLETE_MATCH,OK,10.0,6.0,10.0,15.0,15.0,11.0,4.0,21.0,12.0,28.0,12.0,11.4,13.4,13.4,29.6,26.0,2.0,3.0,0.0,0.4,0.6,0.4,0.6,4.0,6.0,0.0,0.4,0.6,0.4,0.6,UNDER
10048984,219388,nolan winter|WIS,Nolan Winter,nolan winter,WIS,IOWA,WIS,IOWA,F,Rebounds,reb,Demon,12.5,2026-02-22T16:00:00.000-05:00,129763,20,WIS,Rebounds,demon,275,,NO_ATHLETE_MATCH,OK,10.0,7.0,11.0,11.0,12.0,11.0,7.0,6.0,10.0,5.0,11.0,10.4,9.1,9.1,34.8,34.5,0.0,5.0,0.0,0.0,1.0,0.0,1.0,0.0,10.0,0.0,0.0,1.0,0.0,1.0,UNDER
10048992,279767,tavion banks|IOWA,Tavion Banks,tavion banks,IOWA,WIS,IOWA,WIS,G-F,Points,pts,Standard,12.5,2026-02-22T16:00:00.000-05:00,129763,20,IOWA,Points,standard,2294,,NO_ATHLETE_MATCH,OK,10.0,6.0,9.0,13.0,13.0,11.0,4.0,20.0,12.0,26.0,9.0,10.4,12.3,12.3,29.6,26.0,2.0,3.0,0.0,0.4,0.6,0.4,0.6,4.0,6.0,0.0,0.4,0.6,0.4,0.6,UNDER
10048920,279765,cooper koch|IOWA,Cooper Koch,cooper koch,IOWA,WIS,IOWA,WIS,F,Pts+Rebs+Asts,pra,Standard,11.5,2026-02-22T16:00:00.000-05:00,129763,20,IOWA,Pts+Rebs+Asts,standard,2294,,NO_ATHLETE_MATCH,OK,10.0,14.0,5.0,4.0,14.0,16.0,15.0,8.0,6.0,1.0,11.0,10.6,9.4,9.4,29.6,28.5,3.0,2.0,0.0,0.6,0.4,0.6,0.4,4.0,6.0,0.0,0.4,0.6,0.4,0.6,OVER
10048969,219388,nolan winter|WIS,Nolan Winter,nolan winter,WIS,IOWA,WIS,IOWA,F,Points,pts,Standard,11.5,2026-02-22T16:00:00.000-05:00,129763,20,WIS,Points,standard,275,,NO_ATHLETE_MATCH,OK,10.0,10.0,10.0,4.0,26.0,11.0,9.0,12.0,13.0,18.0,12.0,12.2,12.5,12.5,34.8,34.5,1.0,4.0,0.0,0.2,0.8,0.2,0.8,5.0,5.0,0.0,0.5,0.5,0.5,0.5,UNDER
10048982,219388,nolan winter|WIS,Nolan Winter,nolan winter,WIS,IOWA,WIS,IOWA,F,Rebounds,reb,Demon,11.5,2026-02-22T16:00:00.000-05:00,129763,20,WIS,Rebounds,demon,275,,NO_ATHLETE_MATCH,OK,10.0,7.0,11.0,11.0,12.0,11.0,7.0,6.0,10.0,5.0,11.0,10.4,9.1,9.1,34.8,34.5,1.0,4.0,0.0,0.2,0.8,0.2,0.8,1.0,9.0,0.0,0.1,0.9,0.1,0.9,UNDER
10049318,219388,nolan winter|WIS,Nolan Winter,nolan winter,WIS,IOWA,WIS,IOWA,F,Rebs+Asts,ra,Standard,11.0,2026-02-22T16:00:00.000-05:00,129763,20,WIS,Rebs+Asts,standard,275,,NO_ATHLETE_MATCH,OK,10.0,9.0,12.0,12.0,12.0,14.0,9.0,7.0,13.0,7.0,13.0,11.8,10.8,10.8,34.8,34.5,4.0,1.0,0.0,0.8,0.2,0.8,0.2,6.0,4.0,0.0,0.6,0.4,0.6,0.4,OVER
10048915,279765,cooper koch|IOWA,Cooper Koch,cooper koch,IOWA,WIS,IOWA,WIS,F,Points,pts,Demon,10.5,2026-02-22T16:00:00.000-05:00,129763,20,IOWA,Points,demon,2294,,NO_ATHLETE_MATCH,OK,10.0,10.0,3.0,3.0,7.0,11.0,10.0,3.0,3.0,0.0,5.0,6.8,5.5,5.5,29.6,28.5,1.0,4.0,0.0,0.2,0.8,0.2,0.8,1.0,9.0,0.0,0.1,0.9,0.1,0.9,UNDER
10048983,219388,nolan winter|WIS,Nolan Winter,nolan winter,WIS,IOWA,WIS,IOWA,F,Rebounds,reb,Demon,10.5,2026-02-22T16:00:00.000-05:00,129763,20,WIS,Rebounds,demon,275,,NO_ATHLETE_MATCH,OK,10.0,7.0,11.0,11.0,12.0,11.0,7.0,6.0,10.0,5.0,11.0,10.4,9.1,9.1,34.8,34.5,4.0,1.0,0.0,0.8,0.2,0.8,0.2,5.0,5.0,0.0,0.5,0.5,0.5,0.5,OVER
10048996,279767,tavion banks|IOWA,Tavion Banks,tavion banks,IOWA,WIS,IOWA,WIS,G-F,Points,pts,Goblin,10.5,2026-02-22T16:00:00.000-05:00,129763,20,IOWA,Points,goblin,2294,,NO_ATHLETE_MATCH,OK,10.0,6.0,9.0,13.0,13.0,11.0,4.0,20.0,12.0,26.0,9.0,10.4,12.3,12.3,29.6,26.0,3.0,2.0,0.0,0.6,0.4,0.6,0.4,6.0,4.0,0.0,0.6,0.4,0.6,0.4,OVER
10049343,279765,cooper koch|IOWA,Cooper Koch,cooper koch,IOWA,WIS,IOWA,WIS,F,Pts+Rebs,pr,Standard,10.5,2026-02-22T16:00:00.000-05:00,129763,20,IOWA,Pts+Rebs,standard,2294,,NO_ATHLETE_MATCH,OK,10.0,14.0,5.0,3.0,12.0,14.0,13.0,7.0,4.0,1.0,9.0,9.6,8.2,8.2,29.6,28.5,3.0,2.0,0.0,0.6,0.4,0.6,0.4,4.0,6.0,0.0,0.4,0.6,0.4,0.6,OVER
10049345,219388,nolan winter|WIS,Nolan Winter,nolan winter,WIS,IOWA,WIS,IOWA,F,Rebs+Asts,ra,Goblin,10.5,2026-02-22T16:00:00.000-05:00,129763,20,WIS,Rebs+Asts,goblin,275,,NO_ATHLETE_MATCH,OK,10.0,9.0,12.0,12.0,12.0,14.0,9.0,7.0,13.0,7.0,13.0,11.8,10.8,10.8,34.8,34.5,4.0,1.0,0.0,0.8,0.2,0.8,0.2,6.0,4.0,0.0,0.6,0.4,0.6,0.4,OVER
10050826,279765,cooper koch|IOWA,Cooper Koch,cooper koch,IOWA,WIS,IOWA,WIS,F,Pts+Rebs+Asts,pra,Goblin,10.5,2026-02-22T16:00:00.000-05:00,129763,20,IOWA,Pts+Rebs+Asts,goblin,2294,,NO_ATHLETE_MATCH,OK,10.0,14.0,5.0,4.0,14.0,16.0,15.0,8.0,6.0,1.0,11.0,10.6,9.4,9.4,29.6,28.5,3.0,2.0,0.0,0.6,0.4,0.6,0.4,5.0,5.0,0.0,0.5,0.5,0.5,0.5,OVER
10048914,279765,cooper koch|IOWA,Cooper Koch,cooper koch,IOWA,WIS,IOWA,WIS,F,Points,pts,Demon,9.5,2026-02-22T16:00:00.000-05:00,129763,20,IOWA,Points,demon,2294,,NO_ATHLETE_MATCH,OK,10.0,10.0,3.0,3.0,7.0,11.0,10.0,3.0,3.0,0.0,5.0,6.8,5.5,5.5,29.6,28.5,2.0,3.0,0.0,0.4,0.6,0.4,0.6,3.0,7.0,0.0,0.3,0.7,0.3,0.7,UNDER
10048924,279765,cooper koch|IOWA,Cooper Koch,cooper koch,IOWA,WIS,IOWA,WIS,F,Pts+Rebs+Asts,pra,Goblin,9.5,2026-02-22T16:00:00.000-05:00,129763,20,IOWA,Pts+Rebs+Asts,goblin,2294,,NO_ATHLETE_MATCH,OK,10.0,14.0,5.0,4.0,14.0,16.0,15.0,8.0,6.0,1.0,11.0,10.6,9.4,9.4,29.6,28.5,3.0,2.0,0.0,0.6,0.4,0.6,0.4,5.0,5.0,0.0,0.5,0.5,0.5,0.5,OVER
10048973,219388,nolan winter|WIS,Nolan Winter,nolan winter,WIS,IOWA,WIS,IOWA,F,Points,pts,Goblin,9.5,2026-02-22T16:00:00.000-05:00,129763,20,WIS,Points,goblin,275,,NO_ATHLETE_MATCH,OK,10.0,10.0,10.0,4.0,26.0,11.0,9.0,12.0,13.0,18.0,12.0,12.2,12.5,12.5,34.8,34.5,4.0,1.0,0.0,0.8,0.2,0.8,0.2,8.0,2.0,0.0,0.8,0.2,0.8,0.2,OVER
10049007,279767,tavion banks|IOWA,Tavion Banks,tavion banks,IOWA,WIS,IOWA,WIS,G-F,Rebounds,reb,Demon,9.5,2026-02-22T16:00:00.000-05:00,129763,20,IOWA,Rebounds,demon,2294,,NO_ATHLETE_MATCH,OK,10.0,10.0,5.0,8.0,7.0,3.0,2.0,7.0,2.0,8.0,0.0,6.6,5.2,5.2,29.6,26.0,1.0,4.0,0.0,0.2,0.8,0.2,0.8,1.0,9.0,0.0,0.1,0.9,0.1,0.9,UNDER
10048981,219388,nolan winter|WIS,Nolan Winter,nolan winter,WIS,IOWA,WIS,IOWA,F,Rebounds,reb,Standard,9.0,2026-02-22T16:00:00.000-05:00,129763,20,WIS,Rebounds,standard,275,,NO_ATHLETE_MATCH,OK,10.0,7.0,11.0,11.0,12.0,11.0,7.0,6.0,10.0,5.0,11.0,10.4,9.1,9.1,34.8,34.5,4.0,1.0,0.0,0.8,0.2,0.8,0.2,6.0,4.0,0.0,0.6,0.4,0.6,0.4,OVER
10048916,279765,cooper koch|IOWA,Cooper Koch,cooper koch,IOWA,WIS,IOWA,WIS,F,Points,pts,Demon,8.5,2026-02-22T16:00:00.000-05:00,129763,20,IOWA,Points,demon,2294,,NO_ATHLETE_MATCH,OK,10.0,10.0,3.0,3.0,7.0,11.0,10.0,3.0,3.0,0.0,5.0,6.8,5.5,5.5,29.6,28.5,2.0,3.0,0.0,0.4,0.6,0.4,0.6,3.0,7.0,0.0,0.3,0.7,0.3,0.7,UNDER
10048919,279765,cooper koch|IOWA,Cooper Koch,cooper koch,IOWA,WIS,IOWA,WIS,F,Pts+Asts,pa,Demon,8.5,2026-02-22T16:00:00.000-05:00,129763,20,IOWA,Pts+Asts,demon,2294,,NO_ATHLETE_MATCH,OK,10.0,10.0,3.0,4.0,9.0,13.0,12.0,4.0,5.0,0.0,7.0,7.8,6.7,6.7,29.6,28.5,3.0,2.0,0.0,0.6,0.4,0.6,0.4,4.0,6.0,0.0,0.4,0.6,0.4,0.6,OVER
10048985,219388,nolan winter|WIS,Nolan Winter,nolan winter,WIS,IOWA,WIS,IOWA,F,Rebounds,reb,Goblin,8.5,2026-02-22T16:00:00.000-05:00,129763,20,WIS,Rebounds,goblin,275,,NO_ATHLETE_MATCH,OK,10.0,7.0,11.0,11.0,12.0,11.0,7.0,6.0,10.0,5.0,11.0,10.4,9.1,9.1,34.8,34.5,4.0,1.0,0.0,0.8,0.2,0.8,0.2,6.0,4.0,0.0,0.6,0.4,0.6,0.4,OVER
10049006,279767,tavion banks|IOWA,Tavion Banks,tavion banks,IOWA,WIS,IOWA,WIS,G-F,Rebounds,reb,Demon,8.5,2026-02-22T16:00:00.000-05:00,129763,20,IOWA,Rebounds,demon,2294,,NO_ATHLETE_MATCH,OK,10.0,10.0,5.0,8.0,7.0,3.0,2.0,7.0,2.0,8.0,0.0,6.6,5.2,5.2,29.6,26.0,1.0,4.0,0.0,0.2,0.8,0.2,0.8,1.0,9.0,0.0,0.1,0.9,0.1,0.9,UNDER
10048954,181307,john blackwell|WIS,John Blackwell,john blackwell,WIS,IOWA,WIS,IOWA,G,Rebounds,reb,Demon,7.5,2026-02-22T16:00:00.000-05:00,129763,20,WIS,Rebounds,demon,275,,NO_ATHLETE_MATCH,OK,10.0,6.0,4.0,3.0,6.0,4.0,7.0,9.0,3.0,5.0,6.0,4.6,5.3,5.3,36.4,35.2,0.0,5.0,0.0,0.0,1.0,0.0,1.0,1.0,9.0,0.0,0.1,0.9,0.1,0.9,UNDER
10048956,181307,john blackwell|WIS,John Blackwell,john blackwell,WIS,IOWA,WIS,IOWA,G,Rebs+Asts,ra,Demon,7.5,2026-02-22T16:00:00.000-05:00,129763,20,WIS,Rebs+Asts,demon,275,,NO_ATHLETE_MATCH,OK,10.0,10.0,6.0,7.0,9.0,8.0,8.0,11.0,8.0,8.0,11.0,8.0,8.6,8.6,36.4,35.2,3.0,2.0,0.0,0.6,0.4,0.6,0.4,8.0,2.0,0.0,0.8,0.2,0.8,0.2,OVER
10049005,279767,tavion banks|IOWA,Tavion Banks,tavion banks,IOWA,WIS,IOWA,WIS,G-F,Rebounds,reb,Demon,7.5,2026-02-22T16:00:00.000-05:00,129763,20,IOWA,Rebounds,demon,2294,,NO_ATHLETE_MATCH,OK,10.0,10.0,5.0,8.0,7.0,3.0,2.0,7.0,2.0,8.0,0.0,6.6,5.2,5.2,29.6,26.0,2.0,3.0,0.0,0.4,0.6,0.4,0.6,3.0,7.0,0.0,0.3,0.7,0.3,0.7,UNDER
10049009,279767,tavion banks|IOWA,Tavion Banks,tavion banks,IOWA,WIS,IOWA,WIS,G-F,Rebs+Asts,ra,Standard,7.5,2026-02-22T16:00:00.000-05:00,129763,20,IOWA,Rebs+Asts,standard,2294,,NO_ATHLETE_MATCH,OK,10.0,10.0,6.0,10.0,9.0,3.0,2.0,8.0,2.0,10.0,3.0,7.6,6.3,6.3,29.6,26.0,3.0,2.0,0.0,0.6,0.4,0.6,0.4,5.0,5.0,0.0,0.5,0.5,0.5,0.5,OVER
10049317,280727,nick boyd|WIS,Nick Boyd,nick boyd,WIS,IOWA,WIS,IOWA,G,Rebs+Asts,ra,Standard,7.5,2026-02-22T16:00:00.000-05:00,129763,20,WIS,Rebs+Asts,standard,275,,NO_ATHLETE_MATCH,OK,10.0,3.0,7.0,7.0,10.0,3.0,6.0,9.0,6.0,10.0,7.0,6.0,6.8,6.8,36.6,33.5,1.0,4.0,0.0,0.2,0.8,0.2,0.8,3.0,7.0,0.0,0.3,0.7,0.3,0.7,UNDER
10048918,279765,cooper koch|IOWA,Cooper Koch,cooper koch,IOWA,WIS,IOWA,WIS,F,Points,pts,Standard,7.0,2026-02-22T16:00:00.000-05:00,129763,20,IOWA,Points,standard,2294,,NO_ATHLETE_MATCH,OK,10.0,10.0,3.0,3.0,7.0,11.0,10.0,3.0,3.0,0.0,5.0,6.8,5.5,5.5,29.6,28.5,2.0,2.0,1.0,0.4,0.4,0.5,0.5,3.0,6.0,1.0,0.3,0.6,0.333,0.667,OVER
10049316,181307,john blackwell|WIS,John Blackwell,john blackwell,WIS,IOWA,WIS,IOWA,G,Rebs+Asts,ra,Standard,7.0,2026-02-22T16:00:00.000-05:00,129763,20,WIS,Rebs+Asts,standard,275,,NO_ATHLETE_MATCH,OK,10.0,10.0,6.0,7.0,9.0,8.0,8.0,11.0,8.0,8.0,11.0,8.0,8.6,8.6,36.4,35.2,3.0,1.0,1.0,0.6,0.2,0.75,0.25,8.0,1.0,1.0,0.8,0.1,0.889,0.111,OVER
10048928,279765,cooper koch|IOWA,Cooper Koch,cooper koch,IOWA,WIS,IOWA,WIS,F,Rebounds,reb,Demon,6.5,2026-02-22T16:00:00.000-05:00,129763,20,IOWA,Rebounds,demon,2294,,NO_ATHLETE_MATCH,OK,10.0,4.0,2.0,0.0,5.0,3.0,3.0,4.0,1.0,1.0,4.0,2.8,2.7,2.7,29.6,28.5,0.0,5.0,0.0,0.0,1.0,0.0,1.0,0.0,10.0,0.0,0.0,1.0,0.0,1.0,UNDER
10048953,181307,john blackwell|WIS,John Blackwell,john blackwell,WIS,IOWA,WIS,IOWA,G,Rebounds,reb,Demon,6.5,2026-02-22T16:00:00.000-05:00,129763,20,WIS,Rebounds,demon,275,,NO_ATHLETE_MATCH,OK,10.0,6.0,4.0,3.0,6.0,4.0,7.0,9.0,3.0,5.0,6.0,4.6,5.3,5.3,36.4,35.2,0.0,5.0,0.0,0.0,1.0,0.0,1.0,2.0,8.0,0.0,0.2,0.8,0.2,0.8,UNDER
10049004,279767,tavion banks|IOWA,Tavion Banks,tavion banks,IOWA,WIS,IOWA,WIS,G-F,Rebounds,reb,Standard,6.0,2026-02-22T16:00:00.000-05:00,129763,20,IOWA,Rebounds,standard,2294,,NO_ATHLETE_MATCH,OK,10.0,10.0,5.0,8.0,7.0,3.0,2.0,7.0,2.0,8.0,0.0,6.6,5.2,5.2,29.6,26.0,3.0,2.0,0.0,0.6,0.4,0.6,0.4,5.0,5.0,0.0,0.5,0.5,0.5,0.5,OVER
10048901,276868,bennett stirtz|IOWA,Bennett Stirtz,bennett stirtz,IOWA,WIS,IOWA,WIS,G,Rebounds,reb,Demon,5.5,2026-02-22T16:00:00.000-05:00,129763,20,IOWA,Rebounds,demon,2294,,NO_ATHLETE_MATCH,OK,10.0,2.0,5.0,4.0,2.0,1.0,0.0,3.0,4.0,3.0,3.0,2.8,2.7,2.7,39.6,38.5,0.0,5.0,0.0,0.0,1.0,0.0,1.0,0.0,10.0,0.0,0.0,1.0,0.0,1.0,UNDER
10048917,279765,cooper koch|IOWA,Cooper Koch,cooper koch,IOWA,WIS,IOWA,WIS,F,Points,pts,Goblin,5.5,2026-02-22T16:00:00.000-05:00,129763,20,IOWA,Points,goblin,2294,,NO_ATHLETE_MATCH,OK,10.0,10.0,3.0,3.0,7.0,11.0,10.0,3.0,3.0,0.0,5.0,6.8,5.5,5.5,29.6,28.5,3.0,2.0,0.0,0.6,0.4,0.6,0.4,4.0,6.0,0.0,0.4,0.6,0.4,0.6,OVER
10048927,279765,cooper koch|IOWA,Cooper Koch,cooper koch,IOWA,WIS,IOWA,WIS,F,Rebounds,reb,Demon,5.5,2026-02-22T16:00:00.000-05:00,129763,20,IOWA,Rebounds,demon,2294,,NO_ATHLETE_MATCH,OK,10.0,4.0,2.0,0.0,5.0,3.0,3.0,4.0,1.0,1.0,4.0,2.8,2.7,2.7,29.6,28.5,0.0,5.0,0.0,0.0,1.0,0.0,1.0,0.0,10.0,0.0,0.0,1.0,0.0,1.0,UNDER
10048952,181307,john blackwell|WIS,John Blackwell,john blackwell,WIS,IOWA,WIS,IOWA,G,Rebounds,reb,Demon,5.5,2026-02-22T16:00:00.000-05:00,129763,20,WIS,Rebounds,demon,275,,NO_ATHLETE_MATCH,OK,10.0,6.0,4.0,3.0,6.0,4.0,7.0,9.0,3.0,5.0,6.0,4.6,5.3,5.3,36.4,35.2,2.0,3.0,0.0,0.4,0.6,0.4,0.6,5.0,5.0,0.0,0.5,0.5,0.5,0.5,UNDER
10048892,276868,bennett stirtz|IOWA,Bennett Stirtz,bennett stirtz,IOWA,WIS,IOWA,WIS,G,3-PT Made,3pm,Demon,4.5,2026-02-22T16:00:00.000-05:00,129763,20,IOWA,3-PT Made,demon,2294,,NO_ATHLETE_MATCH,OK,10.0,0.0,0.0,0.0,0.0,0.0,0.0,0.0,0.0,0.0,0.0,0.0,0.0,0.0,39.6,38.5,0.0,5.0,0.0,0.0,1.0,0.0,1.0,0.0,10.0,0.0,0.0,1.0,0.0,1.0,UNDER
10048900,276868,bennett stirtz|IOWA,Bennett Stirtz,bennett stirtz,IOWA,WIS,IOWA,WIS,G,Rebounds,reb,Demon,4.5,2026-02-22T16:00:00.000-05:00,129763,20,IOWA,Rebounds,demon,2294,,NO_ATHLETE_MATCH,OK,10.0,2.0,5.0,4.0,2.0,1.0,0.0,3.0,4.0,3.0,3.0,2.8,2.7,2.7,39.6,38.5,1.0,4.0,0.0,0.2,0.8,0.2,0.8,1.0,9.0,0.0,0.1,0.9,0.1,0.9,UNDER
10048926,279765,cooper koch|IOWA,Cooper Koch,cooper koch,IOWA,WIS,IOWA,WIS,F,Rebounds,reb,Demon,4.5,2026-02-22T16:00:00.000-05:00,129763,20,IOWA,Rebounds,demon,2294,,NO_ATHLETE_MATCH,OK,10.0,4.0,2.0,0.0,5.0,3.0,3.0,4.0,1.0,1.0,4.0,2.8,2.7,2.7,29.6,28.5,1.0,4.0,0.0,0.2,0.8,0.2,0.8,1.0,9.0,0.0,0.1,0.9,0.1,0.9,UNDER
10048930,279765,cooper koch|IOWA,Cooper Koch,cooper koch,IOWA,WIS,IOWA,WIS,F,Rebs+Asts,ra,Standard,4.5,2026-02-22T16:00:00.000-05:00,129763,20,IOWA,Rebs+Asts,standard,2294,,NO_ATHLETE_MATCH,OK,10.0,4.0,2.0,1.0,7.0,5.0,5.0,5.0,3.0,1.0,6.0,3.8,3.9,3.9,29.6,28.5,2.0,3.0,0.0,0.4,0.6,0.4,0.6,5.0,5.0,0.0,0.5,0.5,0.5,0.5,UNDER
10048937,181307,john blackwell|WIS,John Blackwell,john blackwell,WIS,IOWA,WIS,IOWA,G,Assists,ast,Demon,4.5,2026-02-22T16:00:00.000-05:00,129763,20,WIS,Assists,demon,275,,NO_ATHLETE_MATCH,OK,10.0,4.0,2.0,4.0,3.0,4.0,1.0,2.0,5.0,3.0,5.0,3.4,3.3,3.3,36.4,35.2,0.0,5.0,0.0,0.0,1.0,0.0,1.0,2.0,8.0,0.0,0.2,0.8,0.2,0.8,UNDER
10049229,280727,nick boyd|WIS,Nick Boyd,nick boyd,WIS,IOWA,WIS,IOWA,G,Assists,ast,Standard,4.0,2026-02-22T16:00:00.000-05:00,129763,20,WIS,Assists,standard,275,,NO_ATHLETE_MATCH,OK,10.0,0.0,4.0,5.0,6.0,2.0,5.0,3.0,1.0,9.0,4.0,3.4,3.9,3.9,36.6,33.5,2.0,2.0,1.0,0.4,0.4,0.5,0.5,4.0,4.0,2.0,0.4,0.4,0.5,0.5,OVER
10048891,276868,bennett stirtz|IOWA,Bennett Stirtz,bennett stirtz,IOWA,WIS,IOWA,WIS,G,3-PT Made,3pm,Demon,3.5,2026-02-22T16:00:00.000-05:00,129763,20,IOWA,3-PT Made,demon,2294,,NO_ATHLETE_MATCH,OK,10.0,0.0,0.0,0.0,0.0,0.0,0.0,0.0,0.0,0.0,0.0,0.0,0.0,0.0,39.6,38.5,0.0,5.0,0.0,0.0,1.0,0.0,1.0,0.0,10.0,0.0,0.0,1.0,0.0,1.0,UNDER
10048925,279765,cooper koch|IOWA,Cooper Koch,cooper koch,IOWA,WIS,IOWA,WIS,F,Rebounds,reb,Standard,3.5,2026-02-22T16:00:00.000-05:00,129763,20,IOWA,Rebounds,standard,2294,,NO_ATHLETE_MATCH,OK,10.0,4.0,2.0,0.0,5.0,3.0,3.0,4.0,1.0,1.0,4.0,2.8,2.7,2.7,29.6,28.5,2.0,3.0,0.0,0.4,0.6,0.4,0.6,4.0,6.0,0.0,0.4,0.6,0.4,0.6,UNDER
10048934,181307,john blackwell|WIS,John Blackwell,john blackwell,WIS,IOWA,WIS,IOWA,G,3-PT Made,3pm,Demon,3.5,2026-02-22T16:00:00.000-05:00,129763,20,WIS,3-PT Made,demon,275,,NO_ATHLETE_MATCH,OK,10.0,0.0,0.0,0.0,0.0,0.0,0.0,0.0,0.0,0.0,0.0,0.0,0.0,0.0,36.4,35.2,0.0,5.0,0.0,0.0,1.0,0.0,1.0,0.0,10.0,0.0,0.0,1.0,0.0,1.0,UNDER
10048936,181307,john blackwell|WIS,John Blackwell,john blackwell,WIS,IOWA,WIS,IOWA,G,Assists,ast,Demon,3.5,2026-02-22T16:00:00.000-05:00,129763,20,WIS,Assists,demon,275,,NO_ATHLETE_MATCH,OK,10.0,4.0,2.0,4.0,3.0,4.0,1.0,2.0,5.0,3.0,5.0,3.4,3.3,3.3,36.4,35.2,3.0,2.0,0.0,0.6,0.4,0.6,0.4,5.0,5.0,0.0,0.5,0.5,0.5,0.5,OVER
10048955,181307,john blackwell|WIS,John Blackwell,john blackwell,WIS,IOWA,WIS,IOWA,G,Rebounds,reb,Goblin,3.5,2026-02-22T16:00:00.000-05:00,129763,20,WIS,Rebounds,goblin,275,,NO_ATHLETE_MATCH,OK,10.0,6.0,4.0,3.0,6.0,4.0,7.0,9.0,3.0,5.0,6.0,4.6,5.3,5.3,36.4,35.2,4.0,1.0,0.0,0.8,0.2,0.8,0.2,8.0,2.0,0.0,0.8,0.2,0.8,0.2,OVER
10048964,219388,nolan winter|WIS,Nolan Winter,nolan winter,WIS,IOWA,WIS,IOWA,F,Assists,ast,Demon,3.5,2026-02-22T16:00:00.000-05:00,129763,20,WIS,Assists,demon,275,,NO_ATHLETE_MATCH,OK,10.0,2.0,1.0,1.0,0.0,3.0,2.0,1.0,3.0,2.0,2.0,1.4,1.7,1.7,34.8,34.5,0.0,5.0,0.0,0.0,1.0,0.0,1.0,0.0,10.0,0.0,0.0,1.0,0.0,1.0,UNDER
10048902,276868,bennett stirtz|IOWA,Bennett Stirtz,bennett stirtz,IOWA,WIS,IOWA,WIS,G,Rebounds,reb,Goblin,2.5,2026-02-22T16:00:00.000-05:00,129763,20,IOWA,Rebounds,goblin,2294,,NO_ATHLETE_MATCH,OK,10.0,2.0,5.0,4.0,2.0,1.0,0.0,3.0,4.0,3.0,3.0,2.8,2.7,2.7,39.6,38.5,2.0,3.0,0.0,0.4,0.6,0.4,0.6,6.0,4.0,0.0,0.6,0.4,0.6,0.4,UNDER
10048904,276868,bennett stirtz|IOWA,Bennett Stirtz,bennett stirtz,IOWA,WIS,IOWA,WIS,G,Steals,stl,Demon,2.5,2026-02-22T16:00:00.000-05:00,129763,20,IOWA,Steals,demon,2294,,NO_ATHLETE_MATCH,OK,10.0,2.0,0.0,0.0,2.0,1.0,2.0,3.0,2.0,0.0,0.0,1.0,1.2,1.2,39.6,38.5,0.0,5.0,0.0,0.0,1.0,0.0,1.0,1.0,9.0,0.0,0.1,0.9,0.1,0.9,UNDER
10048906,276868,bennett stirtz|IOWA,Bennett Stirtz,bennett stirtz,IOWA,WIS,IOWA,WIS,G,Turnovers,tov,Demon,2.5,2026-02-22T16:00:00.000-05:00,129763,20,IOWA,Turnovers,demon,2294,,NO_ATHLETE_MATCH,OK,10.0,4.0,0.0,0.0,3.0,1.0,0.0,4.0,5.0,2.0,3.0,1.6,2.2,2.2,39.6,38.5,2.0,3.0,0.0,0.4,0.6,0.4,0.6,5.0,5.0,0.0,0.5,0.5,0.5,0.5,UNDER
10048907,279765,cooper koch|IOWA,Cooper Koch,cooper koch,IOWA,WIS,IOWA,WIS,F,3-PT Made,3pm,Demon,2.5,2026-02-22T16:00:00.000-05:00,129763,20,IOWA,3-PT Made,demon,2294,,NO_ATHLETE_MATCH,OK,10.0,0.0,0.0,0.0,0.0,0.0,0.0,0.0,0.0,0.0,0.0,0.0,0.0,0.0,29.6,28.5,0.0,5.0,0.0,0.0,1.0,0.0,1.0,0.0,10.0,0.0,0.0,1.0,0.0,1.0,UNDER
10048911,279765,cooper koch|IOWA,Cooper Koch,cooper koch,IOWA,WIS,IOWA,WIS,F,Assists,ast,Demon,2.5,2026-02-22T16:00:00.000-05:00,129763,20,IOWA,Assists,demon,2294,,NO_ATHLETE_MATCH,OK,10.0,0.0,0.0,1.0,2.0,2.0,2.0,1.0,2.0,0.0,2.0,1.0,1.2,1.2,29.6,28.5,0.0,5.0,0.0,0.0,1.0,0.0,1.0,0.0,10.0,0.0,0.0,1.0,0.0,1.0,UNDER
10048929,279765,cooper koch|IOWA,Cooper Koch,cooper koch,IOWA,WIS,IOWA,WIS,F,Rebounds,reb,Goblin,2.5,2026-02-22T16:00:00.000-05:00,129763,20,IOWA,Rebounds,goblin,2294,,NO_ATHLETE_MATCH,OK,10.0,4.0,2.0,0.0,5.0,3.0,3.0,4.0,1.0,1.0,4.0,2.8,2.7,2.7,29.6,28.5,3.0,2.0,0.0,0.6,0.4,0.6,0.4,6.0,4.0,0.0,0.6,0.4,0.6,0.4,OVER
10048933,181307,john blackwell|WIS,John Blackwell,john blackwell,WIS,IOWA,WIS,IOWA,G,3-PT Made,3pm,Demon,2.5,2026-02-22T16:00:00.000-05:00,129763,20,WIS,3-PT Made,demon,275,,NO_ATHLETE_MATCH,OK,10.0,0.0,0.0,0.0,0.0,0.0,0.0,0.0,0.0,0.0,0.0,0.0,0.0,0.0,36.4,35.2,0.0,5.0,0.0,0.0,1.0,0.0,1.0,0.0,10.0,0.0,0.0,1.0,0.0,1.0,UNDER
10048958,181307,john blackwell|WIS,John Blackwell,john blackwell,WIS,IOWA,WIS,IOWA,G,Steals,stl,Demon,2.5,2026-02-22T16:00:00.000-05:00,129763,20,WIS,Steals,demon,275,,NO_ATHLETE_MATCH,OK,10.0,1.0,2.0,1.0,1.0,3.0,1.0,0.0,0.0,2.0,0.0,1.6,1.1,1.1,36.4,35.2,1.0,4.0,0.0,0.2,0.8,0.2,0.8,1.0,9.0,0.0,0.1,0.9,0.1,0.9,UNDER
10048960,181307,john blackwell|WIS,John Blackwell,john blackwell,WIS,IOWA,WIS,IOWA,G,Turnovers,tov,Demon,2.5,2026-02-22T16:00:00.000-05:00,129763,20,WIS,Turnovers,demon,275,,NO_ATHLETE_MATCH,OK,10.0,3.0,0.0,1.0,3.0,3.0,2.0,5.0,0.0,0.0,1.0,2.0,1.8,1.8,36.4,35.2,3.0,2.0,0.0,0.6,0.4,0.6,0.4,4.0,6.0,0.0,0.4,0.6,0.4,0.6,OVER
10048963,219388,nolan winter|WIS,Nolan Winter,nolan winter,WIS,IOWA,WIS,IOWA,F,Assists,ast,Demon,2.5,2026-02-22T16:00:00.000-05:00,129763,20,WIS,Assists,demon,275,,NO_ATHLETE_MATCH,OK,10.0,2.0,1.0,1.0,0.0,3.0,2.0,1.0,3.0,2.0,2.0,1.4,1.7,1.7,34.8,34.5,1.0,4.0,0.0,0.2,0.8,0.2,0.8,2.0,8.0,0.0,0.2,0.8,0.2,0.8,UNDER
10048967,219388,nolan winter|WIS,Nolan Winter,nolan winter,WIS,IOWA,WIS,IOWA,F,Blocked Shots,blk,Demon,2.5,2026-02-22T16:00:00.000-05:00,129763,20,WIS,Blocked Shots,demon,275,,NO_ATHLETE_MATCH,OK,10.0,2.0,0.0,1.0,2.0,2.0,0.0,2.0,2.0,1.0,1.0,1.4,1.3,1.3,34.8,34.5,0.0,5.0,0.0,0.0,1.0,0.0,1.0,0.0,10.0,0.0,0.0,1.0,0.0,1.0,UNDER
10048990,279767,tavion banks|IOWA,Tavion Banks,tavion banks,IOWA,WIS,IOWA,WIS,G-F,Assists,ast,Demon,2.5,2026-02-22T16:00:00.000-05:00,129763,20,IOWA,Assists,demon,2294,,NO_ATHLETE_MATCH,OK,10.0,0.0,1.0,2.0,2.0,0.0,0.0,1.0,0.0,2.0,3.0,1.0,1.1,1.1,29.6,26.0,0.0,5.0,0.0,0.0,1.0,0.0,1.0,1.0,9.0,0.0,0.1,0.9,0.1,0.9,UNDER
10050711,280727,nick boyd|WIS,Nick Boyd,nick boyd,WIS,IOWA,WIS,IOWA,G,3-PT Made,3pm,Demon,2.5,2026-02-22T16:00:00.000-05:00,129763,20,WIS,3-PT Made,demon,275,,NO_ATHLETE_MATCH,OK,10.0,0.0,0.0,0.0,0.0,0.0,0.0,0.0,0.0,0.0,0.0,0.0,0.0,0.0,36.6,33.5,0.0,5.0,0.0,0.0,1.0,0.0,1.0,0.0,10.0,0.0,0.0,1.0,0.0,1.0,UNDER
10048893,276868,bennett stirtz|IOWA,Bennett Stirtz,bennett stirtz,IOWA,WIS,IOWA,WIS,G,3-PT Made,3pm,Goblin,1.5,2026-02-22T16:00:00.000-05:00,129763,20,IOWA,3-PT Made,goblin,2294,,NO_ATHLETE_MATCH,OK,10.0,0.0,0.0,0.0,0.0,0.0,0.0,0.0,0.0,0.0,0.0,0.0,0.0,0.0,39.6,38.5,0.0,5.0,0.0,0.0,1.0,0.0,1.0,0.0,10.0,0.0,0.0,1.0,0.0,1.0,UNDER
10048903,276868,bennett stirtz|IOWA,Bennett Stirtz,bennett stirtz,IOWA,WIS,IOWA,WIS,G,Steals,stl,Demon,1.5,2026-02-22T16:00:00.000-05:00,129763,20,IOWA,Steals,demon,2294,,NO_ATHLETE_MATCH,OK,10.0,2.0,0.0,0.0,2.0,1.0,2.0,3.0,2.0,0.0,0.0,1.0,1.2,1.2,39.6,38.5,2.0,3.0,0.0,0.4,0.6,0.4,0.6,5.0,5.0,0.0,0.5,0.5,0.5,0.5,UNDER
10048908,279765,cooper koch|IOWA,Cooper Koch,cooper koch,IOWA,WIS,IOWA,WIS,F,3-PT Made,3pm,Demon,1.5,2026-02-22T16:00:00.000-05:00,129763,20,IOWA,3-PT Made,demon,2294,,NO_ATHLETE_MATCH,OK,10.0,0.0,0.0,0.0,0.0,0.0,0.0,0.0,0.0,0.0,0.0,0.0,0.0,0.0,29.6,28.5,0.0,5.0,0.0,0.0,1.0,0.0,1.0,0.0,10.0,0.0,0.0,1.0,0.0,1.0,UNDER
10048910,279765,cooper koch|IOWA,Cooper Koch,cooper koch,IOWA,WIS,IOWA,WIS,F,Assists,ast,Demon,1.5,2026-02-22T16:00:00.000-05:00,129763,20,IOWA,Assists,demon,2294,,NO_ATHLETE_MATCH,OK,10.0,0.0,0.0,1.0,2.0,2.0,2.0,1.0,2.0,0.0,2.0,1.0,1.2,1.2,29.6,28.5,2.0,3.0,0.0,0.4,0.6,0.4,0.6,5.0,5.0,0.0,0.5,0.5,0.5,0.5,UNDER
10048931,279765,cooper koch|IOWA,Cooper Koch,cooper koch,IOWA,WIS,IOWA,WIS,F,Steals,stl,Demon,1.5,2026-02-22T16:00:00.000-05:00,129763,20,IOWA,Steals,demon,2294,,NO_ATHLETE_MATCH,OK,10.0,0.0,0.0,2.0,0.0,0.0,2.0,0.0,1.0,0.0,0.0,0.4,0.5,0.5,29.6,28.5,1.0,4.0,0.0,0.2,0.8,0.2,0.8,2.0,8.0,0.0,0.2,0.8,0.2,0.8,UNDER
10048935,181307,john blackwell|WIS,John Blackwell,john blackwell,WIS,IOWA,WIS,IOWA,G,3-PT Made,3pm,Goblin,1.5,2026-02-22T16:00:00.000-05:00,129763,20,WIS,3-PT Made,goblin,275,,NO_ATHLETE_MATCH,OK,10.0,0.0,0.0,0.0,0.0,0.0,0.0,0.0,0.0,0.0,0.0,0.0,0.0,0.0,36.4,35.2,0.0,5.0,0.0,0.0,1.0,0.0,1.0,0.0,10.0,0.0,0.0,1.0,0.0,1.0,UNDER
10048938,181307,john blackwell|WIS,John Blackwell,john blackwell,WIS,IOWA,WIS,IOWA,G,Assists,ast,Goblin,1.5,2026-02-22T16:00:00.000-05:00,129763,20,WIS,Assists,goblin,275,,NO_ATHLETE_MATCH,OK,10.0,4.0,2.0,4.0,3.0,4.0,1.0,2.0,5.0,3.0,5.0,3.4,3.3,3.3,36.4,35.2,5.0,0.0,0.0,1.0,0.0,1.0,0.0,9.0,1.0,0.0,0.9,0.1,0.9,0.1,OVER
10048957,181307,john blackwell|WIS,John Blackwell,john blackwell,WIS,IOWA,WIS,IOWA,G,Steals,stl,Demon,1.5,2026-02-22T16:00:00.000-05:00,129763,20,WIS,Steals,demon,275,,NO_ATHLETE_MATCH,OK,10.0,1.0,2.0,1.0,1.0,3.0,1.0,0.0,0.0,2.0,0.0,1.6,1.1,1.1,36.4,35.2,2.0,3.0,0.0,0.4,0.6,0.4,0.6,3.0,7.0,0.0,0.3,0.7,0.3,0.7,UNDER
10048961,219388,nolan winter|WIS,Nolan Winter,nolan winter,WIS,IOWA,WIS,IOWA,F,3-PT Made,3pm,Demon,1.5,2026-02-22T16:00:00.000-05:00,129763,20,WIS,3-PT Made,demon,275,,NO_ATHLETE_MATCH,OK,10.0,0.0,0.0,0.0,0.0,0.0,0.0,0.0,0.0,0.0,0.0,0.0,0.0,0.0,34.8,34.5,0.0,5.0,0.0,0.0,1.0,0.0,1.0,0.0,10.0,0.0,0.0,1.0,0.0,1.0,UNDER
10048965,219388,nolan winter|WIS,Nolan Winter,nolan winter,WIS,IOWA,WIS,IOWA,F,Assists,ast,Standard,1.5,2026-02-22T16:00:00.000-05:00,129763,20,WIS,Assists,standard,275,,NO_ATHLETE_MATCH,OK,10.0,2.0,1.0,1.0,0.0,3.0,2.0,1.0,3.0,2.0,2.0,1.4,1.7,1.7,34.8,34.5,2.0,3.0,0.0,0.4,0.6,0.4,0.6,6.0,4.0,0.0,0.6,0.4,0.6,0.4,UNDER
10048966,219388,nolan winter|WIS,Nolan Winter,nolan winter,WIS,IOWA,WIS,IOWA,F,Blocked Shots,blk,Demon,1.5,2026-02-22T16:00:00.000-05:00,129763,20,WIS,Blocked Shots,demon,275,,NO_ATHLETE_MATCH,OK,10.0,2.0,0.0,1.0,2.0,2.0,0.0,2.0,2.0,1.0,1.0,1.4,1.3,1.3,34.8,34.5,3.0,2.0,0.0,0.6,0.4,0.6,0.4,5.0,5.0,0.0,0.5,0.5,0.5,0.5,OVER
10048988,279767,tavion banks|IOWA,Tavion Banks,tavion banks,IOWA,WIS,IOWA,WIS,G-F,3-PT Made,3pm,Demon,1.5,2026-02-22T16:00:00.000-05:00,129763,20,IOWA,3-PT Made,demon,2294,,NO_ATHLETE_MATCH,OK,10.0,0.0,0.0,0.0,0.0,0.0,0.0,0.0,0.0,0.0,0.0,0.0,0.0,0.0,29.6,26.0,0.0,5.0,0.0,0.0,1.0,0.0,1.0,0.0,10.0,0.0,0.0,1.0,0.0,1.0,UNDER
10048989,279767,tavion banks|IOWA,Tavion Banks,tavion banks,IOWA,WIS,IOWA,WIS,G-F,Assists,ast,Demon,1.5,2026-02-22T16:00:00.000-05:00,129763,20,IOWA,Assists,demon,2294,,NO_ATHLETE_MATCH,OK,10.0,0.0,1.0,2.0,2.0,0.0,0.0,1.0,0.0,2.0,3.0,1.0,1.1,1.1,29.6,26.0,2.0,3.0,0.0,0.4,0.6,0.4,0.6,4.0,6.0,0.0,0.4,0.6,0.4,0.6,UNDER
10049010,279767,tavion banks|IOWA,Tavion Banks,tavion banks,IOWA,WIS,IOWA,WIS,G-F,Steals,stl,Demon,1.5,2026-02-22T16:00:00.000-05:00,129763,20,IOWA,Steals,demon,2294,,NO_ATHLETE_MATCH,OK,10.0,2.0,0.0,0.0,1.0,2.0,0.0,2.0,2.0,0.0,1.0,1.0,1.0,1.0,29.6,26.0,2.0,3.0,0.0,0.4,0.6,0.4,0.6,4.0,6.0,0.0,0.4,0.6,0.4,0.6,UNDER
10048905,276868,bennett stirtz|IOWA,Bennett Stirtz,bennett stirtz,IOWA,WIS,IOWA,WIS,G,Steals,stl,Goblin,0.5,2026-02-22T16:00:00.000-05:00,129763,20,IOWA,Steals,goblin,2294,,NO_ATHLETE_MATCH,OK,10.0,2.0,0.0,0.0,2.0,1.0,2.0,3.0,2.0,0.0,0.0,1.0,1.2,1.2,39.6,38.5,3.0,2.0,0.0,0.6,0.4,0.6,0.4,6.0,4.0,0.0,0.6,0.4,0.6,0.4,OVER
10048909,279765,cooper koch|IOWA,Cooper Koch,cooper koch,IOWA,WIS,IOWA,WIS,F,3-PT Made,3pm,Goblin,0.5,2026-02-22T16:00:00.000-05:00,129763,20,IOWA,3-PT Made,goblin,2294,,NO_ATHLETE_MATCH,OK,10.0,0.0,0.0,0.0,0.0,0.0,0.0,0.0,0.0,0.0,0.0,0.0,0.0,0.0,29.6,28.5,0.0,5.0,0.0,0.0,1.0,0.0,1.0,0.0,10.0,0.0,0.0,1.0,0.0,1.0,UNDER
10048912,279765,cooper koch|IOWA,Cooper Koch,cooper koch,IOWA,WIS,IOWA,WIS,F,Assists,ast,Goblin,0.5,2026-02-22T16:00:00.000-05:00,129763,20,IOWA,Assists,goblin,2294,,NO_ATHLETE_MATCH,OK,10.0,0.0,0.0,1.0,2.0,2.0,2.0,1.0,2.0,0.0,2.0,1.0,1.2,1.2,29.6,28.5,3.0,2.0,0.0,0.6,0.4,0.6,0.4,7.0,3.0,0.0,0.7,0.3,0.7,0.3,OVER
10048932,279765,cooper koch|IOWA,Cooper Koch,cooper koch,IOWA,WIS,IOWA,WIS,F,Steals,stl,Standard,0.5,2026-02-22T16:00:00.000-05:00,129763,20,IOWA,Steals,standard,2294,,NO_ATHLETE_MATCH,OK,10.0,0.0,0.0,2.0,0.0,0.0,2.0,0.0,1.0,0.0,0.0,0.4,0.5,0.5,29.6,28.5,1.0,4.0,0.0,0.2,0.8,0.2,0.8,3.0,7.0,0.0,0.3,0.7,0.3,0.7,UNDER
10048959,181307,john blackwell|WIS,John Blackwell,john blackwell,WIS,IOWA,WIS,IOWA,G,Steals,stl,Goblin,0.5,2026-02-22T16:00:00.000-05:00,129763,20,WIS,Steals,goblin,275,,NO_ATHLETE_MATCH,OK,10.0,1.0,2.0,1.0,1.0,3.0,1.0,0.0,0.0,2.0,0.0,1.6,1.1,1.1,36.4,35.2,5.0,0.0,0.0,1.0,0.0,1.0,0.0,7.0,3.0,0.0,0.7,0.3,0.7,0.3,OVER
10048962,219388,nolan winter|WIS,Nolan Winter,nolan winter,WIS,IOWA,WIS,IOWA,F,3-PT Made,3pm,Goblin,0.5,2026-02-22T16:00:00.000-05:00,129763,20,WIS,3-PT Made,goblin,275,,NO_ATHLETE_MATCH,OK,10.0,0.0,0.0,0.0,0.0,0.0,0.0,0.0,0.0,0.0,0.0,0.0,0.0,0.0,34.8,34.5,0.0,5.0,0.0,0.0,1.0,0.0,1.0,0.0,10.0,0.0,0.0,1.0,0.0,1.0,UNDER
10048968,219388,nolan winter|WIS,Nolan Winter,nolan winter,WIS,IOWA,WIS,IOWA,F,Blocked Shots,blk,Goblin,0.5,2026-02-22T16:00:00.000-05:00,129763,20,WIS,Blocked Shots,goblin,275,,NO_ATHLETE_MATCH,OK,10.0,2.0,0.0,1.0,2.0,2.0,0.0,2.0,2.0,1.0,1.0,1.4,1.3,1.3,34.8,34.5,4.0,1.0,0.0,0.8,0.2,0.8,0.2,8.0,2.0,0.0,0.8,0.2,0.8,0.2,OVER
10048986,219388,nolan winter|WIS,Nolan Winter,nolan winter,WIS,IOWA,WIS,IOWA,F,Turnovers,tov,Goblin,0.5,2026-02-22T16:00:00.000-05:00,129763,20,WIS,Turnovers,goblin,275,,NO_ATHLETE_MATCH,OK,10.0,0.0,0.0,0.0,2.0,0.0,0.0,0.0,1.0,2.0,0.0,0.4,0.5,0.5,34.8,34.5,1.0,4.0,0.0,0.2,0.8,0.2,0.8,3.0,7.0,0.0,0.3,0.7,0.3,0.7,UNDER
10048987,279767,tavion banks|IOWA,Tavion Banks,tavion banks,IOWA,WIS,IOWA,WIS,G-F,3-PT Made,3pm,Demon,0.5,2026-02-22T16:00:00.000-05:00,129763,20,IOWA,3-PT Made,demon,2294,,NO_ATHLETE_MATCH,OK,10.0,0.0,0.0,0.0,0.0,0.0,0.0,0.0,0.0,0.0,0.0,0.0,0.0,0.0,29.6,26.0,0.0,5.0,0.0,0.0,1.0,0.0,1.0,0.0,10.0,0.0,0.0,1.0,0.0,1.0,UNDER
10048991,279767,tavion banks|IOWA,Tavion Banks,tavion banks,IOWA,WIS,IOWA,WIS,G-F,Assists,ast,Goblin,0.5,2026-02-22T16:00:00.000-05:00,129763,20,IOWA,Assists,goblin,2294,,NO_ATHLETE_MATCH,OK,10.0,0.0,1.0,2.0,2.0,0.0,0.0,1.0,0.0,2.0,3.0,1.0,1.1,1.1,29.6,26.0,3.0,2.0,0.0,0.6,0.4,0.6,0.4,6.0,4.0,0.0,0.6,0.4,0.6,0.4,OVER
10049011,279767,tavion banks|IOWA,Tavion Banks,tavion banks,IOWA,WIS,IOWA,WIS,G-F,Steals,stl,Goblin,0.5,2026-02-22T16:00:00.000-05:00,129763,20,IOWA,Steals,goblin,2294,,NO_ATHLETE_MATCH,OK,10.0,2.0,0.0,0.0,1.0,2.0,0.0,2.0,2.0,0.0,1.0,1.0,1.0,1.0,29.6,26.0,3.0,2.0,0.0,0.6,0.4,0.6,0.4,6.0,4.0,0.0,0.6,0.4,0.6,0.4,OVER
10049344,279765,cooper koch|IOWA,Cooper Koch,cooper koch,IOWA,WIS,IOWA,WIS,F,Turnovers,tov,Goblin,0.5,2026-02-22T16:00:00.000-05:00,129763,20,IOWA,Turnovers,goblin,2294,,NO_ATHLETE_MATCH,OK,10.0,1.0,1.0,0.0,0.0,0.0,1.0,1.0,0.0,0.0,0.0,0.4,0.4,0.4,29.6,28.5,2.0,3.0,0.0,0.4,0.6,0.4,0.6,4.0,6.0,0.0,0.4,0.6,0.4,0.6,UNDER
