proj_id,player_id,player,team,pp_team,pp_opp_team,pp_game_id,pos,stat_type,line,odds_type,start_time,league_id
10008245,218102,Robbie Avila,SLU,SLU,VCU,128898,C,Pts+Rebs+Asts,27.5,demon,2026-02-20T19:00:00.000-05:00,20
10008192,294553,Amari McCottry,SLU,SLU,VCU,128898,G,Pts+Rebs+Asts,25.5,demon,2026-02-20T19:00:00.000-05:00,20
10008246,218102,Robbie Avila,SLU,SLU,VCU,128898,C,Pts+Rebs+Asts,25.5,demon,2026-02-20T19:00:00.000-05:00,20
10008228,290931,Quentin Jones,SLU,SLU,VCU,128898,G,Pts+Rebs+Asts,24.5,demon,2026-02-20T19:00:00.000-05:00,20
10009211,277955,Lazar Djokovic,VCU,VCU,SLU,128898,F,Pts+Rebs,24.5,demon,2026-02-20T19:00:00.000-05:00,20
10008190,294553,Amari McCottry,SLU,SLU,VCU,128898,G,Pts+Rebs+Asts,23.5,demon,2026-02-20T19:00:00.000-05:00,20
10008226,290931,Quentin Jones,SLU,SLU,VCU,128898,G,Pts+Rebs+Asts,22.5,demon,2026-02-20T19:00:00.000-05:00,20
10008771,218102,Robbie Avila,SLU,SLU,VCU,128898,C,Pts+Rebs+Asts,22.5,goblin,2026-02-20T19:00:00.000-05:00,20
10008191,294553,Amari McCottry,SLU,SLU,VCU,128898,G,Pts+Rebs+Asts,21.5,demon,2026-02-20T19:00:00.000-05:00,20
10008248,218102,Robbie Avila,SLU,SLU,VCU,128898,C,Pts+Rebs+Asts,21.5,goblin,2026-02-20T19:00:00.000-05:00,20
10008227,290931,Quentin Jones,SLU,SLU,VCU,128898,G,Pts+Rebs+Asts,20.5,demon,2026-02-20T19:00:00.000-05:00,20
10008494,218102,Robbie Avila,SLU,SLU,VCU,128898,C,Pts+Rebs+Asts,20.5,goblin,2026-02-20T19:00:00.000-05:00,20
10008084,294553,Amari McCottry,SLU,SLU,VCU,128898,G,Pts+Rebs+Asts,19.5,standard,2026-02-20T19:00:00.000-05:00,20
10008243,218102,Robbie Avila,SLU,SLU,VCU,128898,C,Points,19.5,demon,2026-02-20T19:00:00.000-05:00,20
10009209,277955,Lazar Djokovic,VCU,VCU,SLU,128898,F,Points,19.5,demon,2026-02-20T19:00:00.000-05:00,20
10008097,290931,Quentin Jones,SLU,SLU,VCU,128898,G,Pts+Rebs+Asts,18.5,standard,2026-02-20T19:00:00.000-05:00,20
10008104,218102,Robbie Avila,SLU,SLU,VCU,128898,C,Pts+Rebs,18.5,standard,2026-02-20T19:00:00.000-05:00,20
10008103,218102,Robbie Avila,SLU,SLU,VCU,128898,C,Pts+Asts,17.5,standard,2026-02-20T19:00:00.000-05:00,20
10008193,294553,Amari McCottry,SLU,SLU,VCU,128898,G,Pts+Rebs+Asts,17.5,goblin,2026-02-20T19:00:00.000-05:00,20
10008242,218102,Robbie Avila,SLU,SLU,VCU,128898,C,Points,17.5,demon,2026-02-20T19:00:00.000-05:00,20
10009205,290929,Dion Brown,SLU,SLU,VCU,128898,G,Points,17.5,demon,2026-02-20T19:00:00.000-05:00,20
10009208,277955,Lazar Djokovic,VCU,VCU,SLU,128898,F,Points,17.5,demon,2026-02-20T19:00:00.000-05:00,20
10008083,294553,Amari McCottry,SLU,SLU,VCU,128898,G,Pts+Rebs,16.5,standard,2026-02-20T19:00:00.000-05:00,20
10008188,294553,Amari McCottry,SLU,SLU,VCU,128898,G,Points,16.5,demon,2026-02-20T19:00:00.000-05:00,20
10008224,290931,Quentin Jones,SLU,SLU,VCU,128898,G,Points,16.5,demon,2026-02-20T19:00:00.000-05:00,20
10008229,290931,Quentin Jones,SLU,SLU,VCU,128898,G,Pts+Rebs+Asts,16.5,goblin,2026-02-20T19:00:00.000-05:00,20
10008096,290931,Quentin Jones,SLU,SLU,VCU,128898,G,Pts+Rebs,15.5,standard,2026-02-20T19:00:00.000-05:00,20
10008241,218102,Robbie Avila,SLU,SLU,VCU,128898,C,Points,15.5,demon,2026-02-20T19:00:00.000-05:00,20
10008187,294553,Amari McCottry,SLU,SLU,VCU,128898,G,Points,14.5,demon,2026-02-20T19:00:00.000-05:00,20
10008222,290931,Quentin Jones,SLU,SLU,VCU,128898,G,Points,14.5,demon,2026-02-20T19:00:00.000-05:00,20
10009204,290929,Dion Brown,SLU,SLU,VCU,128898,G,Points,14.5,demon,2026-02-20T19:00:00.000-05:00,20
10009210,277955,Lazar Djokovic,VCU,VCU,SLU,128898,F,Points,14.5,demon,2026-02-20T19:00:00.000-05:00,20
10009217,290932,Trey Green,SLU,SLU,VCU,128898,G,Points,14.5,demon,2026-02-20T19:00:00.000-05:00,20
10007527,277955,Lazar Djokovic,VCU,VCU,SLU,128898,F,Points,13.5,standard,2026-02-20T19:00:00.000-05:00,20
10008082,294553,Amari McCottry,SLU,SLU,VCU,128898,G,Pts+Asts,13.5,standard,2026-02-20T19:00:00.000-05:00,20
10008095,290931,Quentin Jones,SLU,SLU,VCU,128898,G,Pts+Asts,13.5,standard,2026-02-20T19:00:00.000-05:00,20
10009103,179034,Michael Belle,VCU,VCU,SLU,128898,G-F,Pts+Rebs,13.5,standard,2026-02-20T19:00:00.000-05:00,20
10007529,218102,Robbie Avila,SLU,SLU,VCU,128898,C,Points,12.5,standard,2026-02-20T19:00:00.000-05:00,20
10008186,294553,Amari McCottry,SLU,SLU,VCU,128898,G,Points,12.5,demon,2026-02-20T19:00:00.000-05:00,20
10008202,280679,Brandon Jennings,VCU,VCU,SLU,128898,G,Points,12.5,demon,2026-02-20T19:00:00.000-05:00,20
10008223,290931,Quentin Jones,SLU,SLU,VCU,128898,G,Points,12.5,demon,2026-02-20T19:00:00.000-05:00,20
10007525,290929,Dion Brown,SLU,SLU,VCU,128898,G,Points,11.5,standard,2026-02-20T19:00:00.000-05:00,20
10008088,280679,Brandon Jennings,VCU,VCU,SLU,128898,G,Pts+Asts,11.5,standard,2026-02-20T19:00:00.000-05:00,20
10008201,280679,Brandon Jennings,VCU,VCU,SLU,128898,G,Points,11.5,demon,2026-02-20T19:00:00.000-05:00,20
10008244,218102,Robbie Avila,SLU,SLU,VCU,128898,C,Points,11.5,goblin,2026-02-20T19:00:00.000-05:00,20
10009206,277955,Lazar Djokovic,VCU,VCU,SLU,128898,F,Points,11.5,goblin,2026-02-20T19:00:00.000-05:00,20
10008081,294553,Amari McCottry,SLU,SLU,VCU,128898,G,Points,10.5,standard,2026-02-20T19:00:00.000-05:00,20
10008094,290931,Quentin Jones,SLU,SLU,VCU,128898,G,Points,10.5,standard,2026-02-20T19:00:00.000-05:00,20
10008203,280679,Brandon Jennings,VCU,VCU,SLU,128898,G,Points,10.5,demon,2026-02-20T19:00:00.000-05:00,20
10008208,179034,Michael Belle,VCU,VCU,SLU,128898,G-F,Points,10.5,demon,2026-02-20T19:00:00.000-05:00,20
10008773,290932,Trey Green,SLU,SLU,VCU,128898,G,Points,10.5,standard,2026-02-20T19:00:00.000-05:00,20
10008087,280679,Brandon Jennings,VCU,VCU,SLU,128898,G,Points,9.5,standard,2026-02-20T19:00:00.000-05:00,20
10008106,218102,Robbie Avila,SLU,SLU,VCU,128898,C,Rebs+Asts,9.5,standard,2026-02-20T19:00:00.000-05:00,20
10008207,179034,Michael Belle,VCU,VCU,SLU,128898,G-F,Points,9.5,demon,2026-02-20T19:00:00.000-05:00,20
10008770,280680,Jadrian Tracey,VCU,VCU,SLU,128898,G,Points,9.5,standard,2026-02-20T19:00:00.000-05:00,20
10009202,290929,Dion Brown,SLU,SLU,VCU,128898,G,Points,9.5,goblin,2026-02-20T19:00:00.000-05:00,20
10009207,277955,Lazar Djokovic,VCU,VCU,SLU,128898,F,Points,9.5,goblin,2026-02-20T19:00:00.000-05:00,20
10009215,218102,Robbie Avila,SLU,SLU,VCU,128898,C,Points,9.5,goblin,2026-02-20T19:00:00.000-05:00,20
10009216,290932,Trey Green,SLU,SLU,VCU,128898,G,Points,9.5,goblin,2026-02-20T19:00:00.000-05:00,20
10008189,294553,Amari McCottry,SLU,SLU,VCU,128898,G,Points,8.5,goblin,2026-02-20T19:00:00.000-05:00,20
10008196,294553,Amari McCottry,SLU,SLU,VCU,128898,G,Rebounds,8.5,demon,2026-02-20T19:00:00.000-05:00,20
10008204,280679,Brandon Jennings,VCU,VCU,SLU,128898,G,Points,8.5,goblin,2026-02-20T19:00:00.000-05:00,20
10008209,179034,Michael Belle,VCU,VCU,SLU,128898,G-F,Points,8.5,demon,2026-02-20T19:00:00.000-05:00,20
10008213,179034,Michael Belle,VCU,VCU,SLU,128898,G-F,Rebounds,8.5,demon,2026-02-20T19:00:00.000-05:00,20
10008225,290931,Quentin Jones,SLU,SLU,VCU,128898,G,Points,8.5,goblin,2026-02-20T19:00:00.000-05:00,20
10008284,280679,Brandon Jennings,VCU,VCU,SLU,128898,G,Points,8.5,goblin,2026-02-20T19:00:00.000-05:00,20
10008359,280679,Brandon Jennings,VCU,VCU,SLU,128898,G,Points,8.5,goblin,2026-02-20T19:00:00.000-05:00,20
10008090,179034,Michael Belle,VCU,VCU,SLU,128898,G-F,Points,7.5,standard,2026-02-20T19:00:00.000-05:00,20
10008098,290931,Quentin Jones,SLU,SLU,VCU,128898,G,Rebs+Asts,7.5,standard,2026-02-20T19:00:00.000-05:00,20
10008194,294553,Amari McCottry,SLU,SLU,VCU,128898,G,Rebounds,7.5,demon,2026-02-20T19:00:00.000-05:00,20
10008211,179034,Michael Belle,VCU,VCU,SLU,128898,G-F,Rebounds,7.5,demon,2026-02-20T19:00:00.000-05:00,20
10008232,290931,Quentin Jones,SLU,SLU,VCU,128898,G,Rebounds,7.5,demon,2026-02-20T19:00:00.000-05:00,20
10009203,290929,Dion Brown,SLU,SLU,VCU,128898,G,Points,7.5,goblin,2026-02-20T19:00:00.000-05:00,20
10009214,277955,Lazar Djokovic,VCU,VCU,SLU,128898,F,Rebounds,7.5,demon,2026-02-20T19:00:00.000-05:00,20
10007528,277955,Lazar Djokovic,VCU,VCU,SLU,128898,F,Rebounds,6.5,demon,2026-02-20T19:00:00.000-05:00,20
10007665,277955,Lazar Djokovic,VCU,VCU,SLU,128898,F,Rebounds,6.5,demon,2026-02-20T19:00:00.000-05:00,20
10008195,294553,Amari McCottry,SLU,SLU,VCU,128898,G,Rebounds,6.5,demon,2026-02-20T19:00:00.000-05:00,20
10008210,179034,Michael Belle,VCU,VCU,SLU,128898,G-F,Points,6.5,goblin,2026-02-20T19:00:00.000-05:00,20
10008212,179034,Michael Belle,VCU,VCU,SLU,128898,G-F,Rebounds,6.5,demon,2026-02-20T19:00:00.000-05:00,20
10008230,290931,Quentin Jones,SLU,SLU,VCU,128898,G,Rebounds,6.5,demon,2026-02-20T19:00:00.000-05:00,20
10008239,218102,Robbie Avila,SLU,SLU,VCU,128898,C,Assists,6.5,demon,2026-02-20T19:00:00.000-05:00,20
10008249,218102,Robbie Avila,SLU,SLU,VCU,128898,C,Rebounds,6.5,demon,2026-02-20T19:00:00.000-05:00,20
10007526,290929,Dion Brown,SLU,SLU,VCU,128898,G,Rebounds,5.5,goblin,2026-02-20T19:00:00.000-05:00,20
10007530,218102,Robbie Avila,SLU,SLU,VCU,128898,C,Rebounds,5.5,demon,2026-02-20T19:00:00.000-05:00,20
10008091,179034,Michael Belle,VCU,VCU,SLU,128898,G-F,Rebounds,5.5,standard,2026-02-20T19:00:00.000-05:00,20
10008159,218102,Robbie Avila,SLU,SLU,VCU,128898,C,Rebounds,5.5,standard,2026-02-20T19:00:00.000-05:00,20
10008231,290931,Quentin Jones,SLU,SLU,VCU,128898,G,Rebounds,5.5,demon,2026-02-20T19:00:00.000-05:00,20
10008238,218102,Robbie Avila,SLU,SLU,VCU,128898,C,Assists,5.5,demon,2026-02-20T19:00:00.000-05:00,20
10008356,294553,Amari McCottry,SLU,SLU,VCU,128898,G,Rebounds,5.5,standard,2026-02-20T19:00:00.000-05:00,20
10008768,277954,Barry Evans,VCU,VCU,SLU,128898,F,Points,5.5,standard,2026-02-20T19:00:00.000-05:00,20
10009212,277955,Lazar Djokovic,VCU,VCU,SLU,128898,F,Rebounds,5.5,goblin,2026-02-20T19:00:00.000-05:00,20
10007666,218102,Robbie Avila,SLU,SLU,VCU,128898,C,Rebounds,5.0,standard,2026-02-20T19:00:00.000-05:00,20
10008102,218102,Robbie Avila,SLU,SLU,VCU,128898,C,Assists,4.5,demon,2026-02-20T19:00:00.000-05:00,20
10008184,294553,Amari McCottry,SLU,SLU,VCU,128898,G,Assists,4.5,demon,2026-02-20T19:00:00.000-05:00,20
10008197,294553,Amari McCottry,SLU,SLU,VCU,128898,G,Rebounds,4.5,goblin,2026-02-20T19:00:00.000-05:00,20
10008214,179034,Michael Belle,VCU,VCU,SLU,128898,G-F,Rebounds,4.5,goblin,2026-02-20T19:00:00.000-05:00,20
10008218,290931,Quentin Jones,SLU,SLU,VCU,128898,G,Assists,4.5,demon,2026-02-20T19:00:00.000-05:00,20
10008250,218102,Robbie Avila,SLU,SLU,VCU,128898,C,Rebounds,4.5,goblin,2026-02-20T19:00:00.000-05:00,20
10009213,277955,Lazar Djokovic,VCU,VCU,SLU,128898,F,Rebounds,4.5,goblin,2026-02-20T19:00:00.000-05:00,20
10008185,294553,Amari McCottry,SLU,SLU,VCU,128898,G,Assists,3.5,demon,2026-02-20T19:00:00.000-05:00,20
10008200,280679,Brandon Jennings,VCU,VCU,SLU,128898,G,Assists,3.5,demon,2026-02-20T19:00:00.000-05:00,20
10008217,290931,Quentin Jones,SLU,SLU,VCU,128898,G,Assists,3.5,demon,2026-02-20T19:00:00.000-05:00,20
10008233,290931,Quentin Jones,SLU,SLU,VCU,128898,G,Rebounds,3.5,goblin,2026-02-20T19:00:00.000-05:00,20
10008240,218102,Robbie Avila,SLU,SLU,VCU,128898,C,Assists,3.5,goblin,2026-02-20T19:00:00.000-05:00,20
10008493,218102,Robbie Avila,SLU,SLU,VCU,128898,C,3-PT Made,3.5,demon,2026-02-20T19:00:00.000-05:00,20
10008495,290932,Trey Green,SLU,SLU,VCU,128898,G,3-PT Made,3.5,demon,2026-02-20T19:00:00.000-05:00,20
10008080,294553,Amari McCottry,SLU,SLU,VCU,128898,G,Assists,2.5,goblin,2026-02-20T19:00:00.000-05:00,20
10008199,280679,Brandon Jennings,VCU,VCU,SLU,128898,G,Assists,2.5,demon,2026-02-20T19:00:00.000-05:00,20
10008205,280679,Brandon Jennings,VCU,VCU,SLU,128898,G,Steals,2.5,demon,2026-02-20T19:00:00.000-05:00,20
10008216,290931,Quentin Jones,SLU,SLU,VCU,128898,G,3-PT Made,2.5,demon,2026-02-20T19:00:00.000-05:00,20
10008221,290931,Quentin Jones,SLU,SLU,VCU,128898,G,Blocked Shots,2.5,demon,2026-02-20T19:00:00.000-05:00,20
10008235,290931,Quentin Jones,SLU,SLU,VCU,128898,G,Steals,2.5,demon,2026-02-20T19:00:00.000-05:00,20
10008236,218102,Robbie Avila,SLU,SLU,VCU,128898,C,3-PT Made,2.5,demon,2026-02-20T19:00:00.000-05:00,20
10008252,218102,Robbie Avila,SLU,SLU,VCU,128898,C,Steals,2.5,demon,2026-02-20T19:00:00.000-05:00,20
10008358,294553,Amari McCottry,SLU,SLU,VCU,128898,G,Steals,2.5,demon,2026-02-20T19:00:00.000-05:00,20
10008407,294553,Amari McCottry,SLU,SLU,VCU,128898,G,Steals,2.5,demon,2026-02-20T19:00:00.000-05:00,20
10008086,280679,Brandon Jennings,VCU,VCU,SLU,128898,G,Assists,1.5,goblin,2026-02-20T19:00:00.000-05:00,20
10008089,280679,Brandon Jennings,VCU,VCU,SLU,128898,G,Steals,1.5,demon,2026-02-20T19:00:00.000-05:00,20
10008100,290931,Quentin Jones,SLU,SLU,VCU,128898,G,Turnovers,1.5,goblin,2026-02-20T19:00:00.000-05:00,20
10008101,218102,Robbie Avila,SLU,SLU,VCU,128898,C,3-PT Made,1.5,demon,2026-02-20T19:00:00.000-05:00,20
10008108,218102,Robbie Avila,SLU,SLU,VCU,128898,C,Turnovers,1.5,standard,2026-02-20T19:00:00.000-05:00,20
10008198,294553,Amari McCottry,SLU,SLU,VCU,128898,G,Steals,1.5,demon,2026-02-20T19:00:00.000-05:00,20
10008215,290931,Quentin Jones,SLU,SLU,VCU,128898,G,3-PT Made,1.5,demon,2026-02-20T19:00:00.000-05:00,20
10008219,290931,Quentin Jones,SLU,SLU,VCU,128898,G,Assists,1.5,goblin,2026-02-20T19:00:00.000-05:00,20
10008220,290931,Quentin Jones,SLU,SLU,VCU,128898,G,Blocked Shots,1.5,demon,2026-02-20T19:00:00.000-05:00,20
10008234,290931,Quentin Jones,SLU,SLU,VCU,128898,G,Steals,1.5,demon,2026-02-20T19:00:00.000-05:00,20
10008251,218102,Robbie Avila,SLU,SLU,VCU,128898,C,Steals,1.5,demon,2026-02-20T19:00:00.000-05:00,20
10008769,280680,Jadrian Tracey,VCU,VCU,SLU,128898,G,3-PT Made,1.5,standard,2026-02-20T19:00:00.000-05:00,20
10008772,290932,Trey Green,SLU,SLU,VCU,128898,G,3-PT Made,1.5,goblin,2026-02-20T19:00:00.000-05:00,20
10008085,294553,Amari McCottry,SLU,SLU,VCU,128898,G,Steals,0.5,goblin,2026-02-20T19:00:00.000-05:00,20
10008092,290931,Quentin Jones,SLU,SLU,VCU,128898,G,3-PT Made,0.5,goblin,2026-02-20T19:00:00.000-05:00,20
10008093,290931,Quentin Jones,SLU,SLU,VCU,128898,G,Blocked Shots,0.5,goblin,2026-02-20T19:00:00.000-05:00,20
10008099,290931,Quentin Jones,SLU,SLU,VCU,128898,G,Steals,0.5,goblin,2026-02-20T19:00:00.000-05:00,20
10008107,218102,Robbie Avila,SLU,SLU,VCU,128898,C,Steals,0.5,goblin,2026-02-20T19:00:00.000-05:00,20
10008206,280679,Brandon Jennings,VCU,VCU,SLU,128898,G,Steals,0.5,goblin,2026-02-20T19:00:00.000-05:00,20
10008237,218102,Robbie Avila,SLU,SLU,VCU,128898,C,3-PT Made,0.5,goblin,2026-02-20T19:00:00.000-05:00,20
10009249,178699,Trey Kaufman-Renn,PUR,PUR,IND,129343,F,Pts+Rebs+Asts,39.5,demon,2026-02-20T20:00:00.000-05:00,20
10006818,91710,Braden Smith,PUR,PUR,IND,129343,G,Fantasy Score,36.5,standard,2026-02-20T20:00:00.000-05:00,20
10000361,91710,Braden Smith,PUR,PUR,IND,129343,G,Pts+Rebs+Asts,34.5,demon,2026-02-20T20:00:00.000-05:00,20
10009246,178699,Trey Kaufman-Renn,PUR,PUR,IND,129343,F,Pts+Rebs,34.5,demon,2026-02-20T20:00:00.000-05:00,20
10009250,178699,Trey Kaufman-Renn,PUR,PUR,IND,129343,F,Pts+Rebs+Asts,34.5,demon,2026-02-20T20:00:00.000-05:00,20
10006816,278396,Lamar Wilkerson,IND,IND,PUR,129343,G,Fantasy Score,32.0,standard,2026-02-20T20:00:00.000-05:00,20
10006820,178699,Trey Kaufman-Renn,PUR,PUR,IND,129343,F,Fantasy Score,30.5,standard,2026-02-20T20:00:00.000-05:00,20
10000363,91710,Braden Smith,PUR,PUR,IND,129343,G,Pts+Rebs+Asts,29.5,standard,2026-02-20T20:00:00.000-05:00,20
10009241,278396,Lamar Wilkerson,IND,IND,PUR,129343,G,Pts+Rebs+Asts,29.5,demon,2026-02-20T20:00:00.000-05:00,20
10009245,178699,Trey Kaufman-Renn,PUR,PUR,IND,129343,F,Pts+Rebs,29.5,demon,2026-02-20T20:00:00.000-05:00,20
10006705,278396,Lamar Wilkerson,IND,IND,PUR,129343,G,Pts+Rebs+Asts,28.5,standard,2026-02-20T20:00:00.000-05:00,20
10000408,278396,Lamar Wilkerson,IND,IND,PUR,129343,G,Points,27.5,demon,2026-02-20T20:00:00.000-05:00,20
10006710,178699,Trey Kaufman-Renn,PUR,PUR,IND,129343,F,Pts+Rebs+Asts,27.5,standard,2026-02-20T20:00:00.000-05:00,20
10006817,278398,Tucker DeVries,IND,IND,PUR,129343,F,Fantasy Score,27.0,standard,2026-02-20T20:00:00.000-05:00,20
10000411,278396,Lamar Wilkerson,IND,IND,PUR,129343,G,Pts+Rebs,26.0,standard,2026-02-20T20:00:00.000-05:00,20
10000407,278396,Lamar Wilkerson,IND,IND,PUR,129343,G,Points,25.5,demon,2026-02-20T20:00:00.000-05:00,20
10000448,178699,Trey Kaufman-Renn,PUR,PUR,IND,129343,F,Pts+Rebs,25.5,standard,2026-02-20T20:00:00.000-05:00,20
10000471,278398,Tucker DeVries,IND,IND,PUR,129343,F,Pts+Rebs+Asts,25.5,demon,2026-02-20T20:00:00.000-05:00,20
10006803,91710,Braden Smith,PUR,PUR,IND,129343,G,Pts+Asts,25.5,standard,2026-02-20T20:00:00.000-05:00,20
10009235,91710,Braden Smith,PUR,PUR,IND,129343,G,Pts+Rebs+Asts,24.5,goblin,2026-02-20T20:00:00.000-05:00,20
10009240,278396,Lamar Wilkerson,IND,IND,PUR,129343,G,Pts+Rebs+Asts,24.5,goblin,2026-02-20T20:00:00.000-05:00,20
10009248,178699,Trey Kaufman-Renn,PUR,PUR,IND,129343,F,Pts+Rebs+Asts,24.5,goblin,2026-02-20T20:00:00.000-05:00,20
10009255,278398,Tucker DeVries,IND,IND,PUR,129343,F,Pts+Rebs,24.5,demon,2026-02-20T20:00:00.000-05:00,20
10000409,278396,Lamar Wilkerson,IND,IND,PUR,129343,G,Points,23.5,demon,2026-02-20T20:00:00.000-05:00,20
10000472,278398,Tucker DeVries,IND,IND,PUR,129343,F,Pts+Rebs+Asts,23.5,demon,2026-02-20T20:00:00.000-05:00,20
10006802,278396,Lamar Wilkerson,IND,IND,PUR,129343,G,Pts+Asts,23.5,standard,2026-02-20T20:00:00.000-05:00,20
10000355,91710,Braden Smith,PUR,PUR,IND,129343,G,Points,22.5,demon,2026-02-20T20:00:00.000-05:00,20
10000410,278396,Lamar Wilkerson,IND,IND,PUR,129343,G,Points,21.5,standard,2026-02-20T20:00:00.000-05:00,20
10000358,91710,Braden Smith,PUR,PUR,IND,129343,G,Pts+Rebs,21.0,standard,2026-02-20T20:00:00.000-05:00,20
10000474,278398,Tucker DeVries,IND,IND,PUR,129343,F,Pts+Rebs+Asts,21.0,standard,2026-02-20T20:00:00.000-05:00,20
10000353,91710,Braden Smith,PUR,PUR,IND,129343,G,Points,20.5,demon,2026-02-20T20:00:00.000-05:00,20
10000446,178699,Trey Kaufman-Renn,PUR,PUR,IND,129343,F,Points,20.5,demon,2026-02-20T20:00:00.000-05:00,20
10000394,88238,Fletcher Loyer,PUR,PUR,IND,129343,G,Points,19.5,demon,2026-02-20T20:00:00.000-05:00,20
10000406,278396,Lamar Wilkerson,IND,IND,PUR,129343,G,Points,19.5,goblin,2026-02-20T20:00:00.000-05:00,20
10009247,178699,Trey Kaufman-Renn,PUR,PUR,IND,129343,F,Pts+Rebs+Asts,19.5,goblin,2026-02-20T20:00:00.000-05:00,20
10009254,278398,Tucker DeVries,IND,IND,PUR,129343,F,Pts+Rebs,19.5,demon,2026-02-20T20:00:00.000-05:00,20
10006708,88238,Fletcher Loyer,PUR,PUR,IND,129343,G,Pts+Rebs+Asts,19.0,standard,2026-02-20T20:00:00.000-05:00,20
10000354,91710,Braden Smith,PUR,PUR,IND,129343,G,Points,18.5,demon,2026-02-20T20:00:00.000-05:00,20
10000444,178699,Trey Kaufman-Renn,PUR,PUR,IND,129343,F,Points,18.5,demon,2026-02-20T20:00:00.000-05:00,20
10001064,278398,Tucker DeVries,IND,IND,PUR,129343,F,Pts+Rebs+Asts,18.5,goblin,2026-02-20T20:00:00.000-05:00,20
10000469,278398,Tucker DeVries,IND,IND,PUR,129343,F,Pts+Rebs,18.0,standard,2026-02-20T20:00:00.000-05:00,20
10000392,88238,Fletcher Loyer,PUR,PUR,IND,129343,G,Points,17.5,demon,2026-02-20T20:00:00.000-05:00,20
10006805,178699,Trey Kaufman-Renn,PUR,PUR,IND,129343,F,Pts+Asts,17.5,standard,2026-02-20T20:00:00.000-05:00,20
10006819,279548,Oscar Cluff,PUR,PUR,IND,129343,C,Fantasy Score,17.5,standard,2026-02-20T20:00:00.000-05:00,20
10009239,278396,Lamar Wilkerson,IND,IND,PUR,129343,G,Points,17.5,goblin,2026-02-20T20:00:00.000-05:00,20
10000396,88238,Fletcher Loyer,PUR,PUR,IND,129343,G,Pts+Rebs,17.0,standard,2026-02-20T20:00:00.000-05:00,20
10000356,91710,Braden Smith,PUR,PUR,IND,129343,G,Points,16.5,standard,2026-02-20T20:00:00.000-05:00,20
10000445,178699,Trey Kaufman-Renn,PUR,PUR,IND,129343,F,Points,16.5,demon,2026-02-20T20:00:00.000-05:00,20
10000464,278398,Tucker DeVries,IND,IND,PUR,129343,F,Points,16.5,demon,2026-02-20T20:00:00.000-05:00,20
10006804,88238,Fletcher Loyer,PUR,PUR,IND,129343,G,Pts+Asts,16.0,standard,2026-02-20T20:00:00.000-05:00,20
10000393,88238,Fletcher Loyer,PUR,PUR,IND,129343,G,Points,15.5,demon,2026-02-20T20:00:00.000-05:00,20
10000447,178699,Trey Kaufman-Renn,PUR,PUR,IND,129343,F,Points,15.5,standard,2026-02-20T20:00:00.000-05:00,20
10000468,278398,Tucker DeVries,IND,IND,PUR,129343,F,Pts+Asts,15.0,standard,2026-02-20T20:00:00.000-05:00,20
10000352,91710,Braden Smith,PUR,PUR,IND,129343,G,Points,14.5,goblin,2026-02-20T20:00:00.000-05:00,20
10000395,88238,Fletcher Loyer,PUR,PUR,IND,129343,G,Points,14.5,standard,2026-02-20T20:00:00.000-05:00,20
10000465,278398,Tucker DeVries,IND,IND,PUR,129343,F,Points,14.5,demon,2026-02-20T20:00:00.000-05:00,20
10006709,279548,Oscar Cluff,PUR,PUR,IND,129343,C,Pts+Rebs+Asts,14.5,standard,2026-02-20T20:00:00.000-05:00,20
10009253,278398,Tucker DeVries,IND,IND,PUR,129343,F,Pts+Rebs,14.5,goblin,2026-02-20T20:00:00.000-05:00,20
10002681,178699,Trey Kaufman-Renn,PUR,PUR,IND,129343,F,Points,13.5,goblin,2026-02-20T20:00:00.000-05:00,20
10006706,297582,Nick Dorn,IND,IND,PUR,129343,G,Pts+Rebs+Asts,13.5,standard,2026-02-20T20:00:00.000-05:00,20
10000431,279548,Oscar Cluff,PUR,PUR,IND,129343,C,Pts+Rebs,13.0,standard,2026-02-20T20:00:00.000-05:00,20
10000378,224334,C.J. Cox,PUR,PUR,IND,129343,G,Points,12.5,demon,2026-02-20T20:00:00.000-05:00,20
10000441,301737,Sam Alexis,IND,IND,PUR,129343,F,Points,12.5,demon,2026-02-20T20:00:00.000-05:00,20
10000443,178699,Trey Kaufman-Renn,PUR,PUR,IND,129343,F,Points,12.5,goblin,2026-02-20T20:00:00.000-05:00,20
10000452,178699,Trey Kaufman-Renn,PUR,PUR,IND,129343,F,Rebounds,12.5,demon,2026-02-20T20:00:00.000-05:00,20
10002441,88238,Fletcher Loyer,PUR,PUR,IND,129343,G,Points,12.5,goblin,2026-02-20T20:00:00.000-05:00,20
10006707,224334,C.J. Cox,PUR,PUR,IND,129343,G,Pts+Rebs+Asts,12.5,standard,2026-02-20T20:00:00.000-05:00,20
10006807,91710,Braden Smith,PUR,PUR,IND,129343,G,Rebs+Asts,12.5,standard,2026-02-20T20:00:00.000-05:00,20
10006809,178699,Trey Kaufman-Renn,PUR,PUR,IND,129343,F,Rebs+Asts,12.5,standard,2026-02-20T20:00:00.000-05:00,20
10006625,278398,Tucker DeVries,IND,IND,PUR,129343,F,Points,12.0,standard,2026-02-20T20:00:00.000-05:00,20
10000376,224334,C.J. Cox,PUR,PUR,IND,129343,G,Points,11.5,demon,2026-02-20T20:00:00.000-05:00,20
10000391,88238,Fletcher Loyer,PUR,PUR,IND,129343,G,Points,11.5,goblin,2026-02-20T20:00:00.000-05:00,20
10000440,301737,Sam Alexis,IND,IND,PUR,129343,F,Points,11.5,demon,2026-02-20T20:00:00.000-05:00,20
10000450,178699,Trey Kaufman-Renn,PUR,PUR,IND,129343,F,Rebounds,11.5,demon,2026-02-20T20:00:00.000-05:00,20
10000467,278398,Tucker DeVries,IND,IND,PUR,129343,F,Points,11.5,standard,2026-02-20T20:00:00.000-05:00,20
10009244,178699,Trey Kaufman-Renn,PUR,PUR,IND,129343,F,Points,11.5,goblin,2026-02-20T20:00:00.000-05:00,20
10000380,224334,C.J. Cox,PUR,PUR,IND,129343,G,Pts+Rebs,11.0,standard,2026-02-20T20:00:00.000-05:00,20
10000377,224334,C.J. Cox,PUR,PUR,IND,129343,G,Points,10.5,demon,2026-02-20T20:00:00.000-05:00,20
10000429,279548,Oscar Cluff,PUR,PUR,IND,129343,C,Points,10.5,demon,2026-02-20T20:00:00.000-05:00,20
10000439,301737,Sam Alexis,IND,IND,PUR,129343,F,Points,10.5,demon,2026-02-20T20:00:00.000-05:00,20
10000451,178699,Trey Kaufman-Renn,PUR,PUR,IND,129343,F,Rebounds,10.5,demon,2026-02-20T20:00:00.000-05:00,20
10000453,178699,Trey Kaufman-Renn,PUR,PUR,IND,129343,F,Rebounds,10.0,standard,2026-02-20T20:00:00.000-05:00,20
10000349,91710,Braden Smith,PUR,PUR,IND,129343,G,Assists,9.5,demon,2026-02-20T20:00:00.000-05:00,20
10000427,279548,Oscar Cluff,PUR,PUR,IND,129343,C,Points,9.5,demon,2026-02-20T20:00:00.000-05:00,20
10001063,278398,Tucker DeVries,IND,IND,PUR,129343,F,Points,9.5,goblin,2026-02-20T20:00:00.000-05:00,20
10006624,297582,Nick Dorn,IND,IND,PUR,129343,G,Points,9.5,standard,2026-02-20T20:00:00.000-05:00,20
10000480,278398,Tucker DeVries,IND,IND,PUR,129343,F,Rebs+Asts,9.0,standard,2026-02-20T20:00:00.000-05:00,20
10000379,224334,C.J. Cox,PUR,PUR,IND,129343,G,Points,8.5,standard,2026-02-20T20:00:00.000-05:00,20
10000428,279548,Oscar Cluff,PUR,PUR,IND,129343,C,Points,8.5,demon,2026-02-20T20:00:00.000-05:00,20
10000435,279548,Oscar Cluff,PUR,PUR,IND,129343,C,Rebounds,8.5,demon,2026-02-20T20:00:00.000-05:00,20
10000442,301737,Sam Alexis,IND,IND,PUR,129343,F,Points,8.5,standard,2026-02-20T20:00:00.000-05:00,20
10000449,178699,Trey Kaufman-Renn,PUR,PUR,IND,129343,F,Rebounds,8.5,goblin,2026-02-20T20:00:00.000-05:00,20
10000478,278398,Tucker DeVries,IND,IND,PUR,129343,F,Rebounds,8.5,demon,2026-02-20T20:00:00.000-05:00,20
10006821,91710,Braden Smith,PUR,PUR,IND,129343,G,Assists,8.5,standard,2026-02-20T20:00:00.000-05:00,20
10000348,91710,Braden Smith,PUR,PUR,IND,129343,G,Assists,7.5,goblin,2026-02-20T20:00:00.000-05:00,20
10000375,224334,C.J. Cox,PUR,PUR,IND,129343,G,Points,7.5,goblin,2026-02-20T20:00:00.000-05:00,20
10000430,279548,Oscar Cluff,PUR,PUR,IND,129343,C,Points,7.5,standard,2026-02-20T20:00:00.000-05:00,20
10000434,279548,Oscar Cluff,PUR,PUR,IND,129343,C,Rebounds,7.5,demon,2026-02-20T20:00:00.000-05:00,20
10000438,301737,Sam Alexis,IND,IND,PUR,129343,F,Points,7.5,goblin,2026-02-20T20:00:00.000-05:00,20
10000477,278398,Tucker DeVries,IND,IND,PUR,129343,F,Rebounds,7.5,demon,2026-02-20T20:00:00.000-05:00,20
10006808,279548,Oscar Cluff,PUR,PUR,IND,129343,C,Rebs+Asts,7.5,standard,2026-02-20T20:00:00.000-05:00,20
10009156,178699,Trey Kaufman-Renn,PUR,PUR,IND,129343,F,Rebounds,7.5,goblin,2026-02-20T20:00:00.000-05:00,20
10000367,91710,Braden Smith,PUR,PUR,IND,129343,G,Rebounds,6.5,demon,2026-02-20T20:00:00.000-05:00,20
10000415,278396,Lamar Wilkerson,IND,IND,PUR,129343,G,Rebounds,6.5,demon,2026-02-20T20:00:00.000-05:00,20
10000433,279548,Oscar Cluff,PUR,PUR,IND,129343,C,Rebounds,6.5,demon,2026-02-20T20:00:00.000-05:00,20
10000476,278398,Tucker DeVries,IND,IND,PUR,129343,F,Rebounds,6.5,demon,2026-02-20T20:00:00.000-05:00,20
10006806,278396,Lamar Wilkerson,IND,IND,PUR,129343,G,Rebs+Asts,6.5,standard,2026-02-20T20:00:00.000-05:00,20
10000365,91710,Braden Smith,PUR,PUR,IND,129343,G,Rebounds,5.5,demon,2026-02-20T20:00:00.000-05:00,20
10000413,278396,Lamar Wilkerson,IND,IND,PUR,129343,G,Rebounds,5.5,demon,2026-02-20T20:00:00.000-05:00,20
10000426,279548,Oscar Cluff,PUR,PUR,IND,129343,C,Points,5.5,goblin,2026-02-20T20:00:00.000-05:00,20
10000436,279548,Oscar Cluff,PUR,PUR,IND,129343,C,Rebounds,5.5,standard,2026-02-20T20:00:00.000-05:00,20
10000479,278398,Tucker DeVries,IND,IND,PUR,129343,F,Rebounds,5.5,standard,2026-02-20T20:00:00.000-05:00,20
10009236,278396,Lamar Wilkerson,IND,IND,PUR,129343,G,3-PT Made,5.5,demon,2026-02-20T20:00:00.000-05:00,20
10009251,178699,Trey Kaufman-Renn,PUR,PUR,IND,129343,F,Rebounds,5.5,goblin,2026-02-20T20:00:00.000-05:00,20
10000366,91710,Braden Smith,PUR,PUR,IND,129343,G,Rebounds,4.5,demon,2026-02-20T20:00:00.000-05:00,20
10000384,224334,C.J. Cox,PUR,PUR,IND,129343,G,Rebounds,4.5,demon,2026-02-20T20:00:00.000-05:00,20
10000390,88238,Fletcher Loyer,PUR,PUR,IND,129343,G,3-PT Made,4.5,demon,2026-02-20T20:00:00.000-05:00,20
10000399,88238,Fletcher Loyer,PUR,PUR,IND,129343,G,Rebounds,4.5,demon,2026-02-20T20:00:00.000-05:00,20
10000405,278396,Lamar Wilkerson,IND,IND,PUR,129343,G,3-PT Made,4.5,demon,2026-02-20T20:00:00.000-05:00,20
10000414,278396,Lamar Wilkerson,IND,IND,PUR,129343,G,Rebounds,4.5,demon,2026-02-20T20:00:00.000-05:00,20
10000419,297582,Nick Dorn,IND,IND,PUR,129343,G,Rebounds,4.5,demon,2026-02-20T20:00:00.000-05:00,20
10000432,279548,Oscar Cluff,PUR,PUR,IND,129343,C,Rebounds,4.5,goblin,2026-02-20T20:00:00.000-05:00,20
10000459,278398,Tucker DeVries,IND,IND,PUR,129343,F,3-PT Made,4.5,demon,2026-02-20T20:00:00.000-05:00,20
10000462,278398,Tucker DeVries,IND,IND,PUR,129343,F,Assists,4.5,demon,2026-02-20T20:00:00.000-05:00,20
10000475,278398,Tucker DeVries,IND,IND,PUR,129343,F,Rebounds,4.5,goblin,2026-02-20T20:00:00.000-05:00,20
10006630,278396,Lamar Wilkerson,IND,IND,PUR,129343,G,Rebounds,4.0,standard,2026-02-20T20:00:00.000-05:00,20
10000364,91710,Braden Smith,PUR,PUR,IND,129343,G,Rebounds,3.5,goblin,2026-02-20T20:00:00.000-05:00,20
10000382,224334,C.J. Cox,PUR,PUR,IND,129343,G,Rebounds,3.5,demon,2026-02-20T20:00:00.000-05:00,20
10000388,88238,Fletcher Loyer,PUR,PUR,IND,129343,G,3-PT Made,3.5,demon,2026-02-20T20:00:00.000-05:00,20
10000398,88238,Fletcher Loyer,PUR,PUR,IND,129343,G,Rebounds,3.5,demon,2026-02-20T20:00:00.000-05:00,20
10000404,278396,Lamar Wilkerson,IND,IND,PUR,129343,G,3-PT Made,3.5,demon,2026-02-20T20:00:00.000-05:00,20
10000412,278396,Lamar Wilkerson,IND,IND,PUR,129343,G,Rebounds,3.5,goblin,2026-02-20T20:00:00.000-05:00,20
10000420,297582,Nick Dorn,IND,IND,PUR,129343,G,Rebounds,3.5,demon,2026-02-20T20:00:00.000-05:00,20
10000458,278398,Tucker DeVries,IND,IND,PUR,129343,F,3-PT Made,3.5,demon,2026-02-20T20:00:00.000-05:00,20
10000461,278398,Tucker DeVries,IND,IND,PUR,129343,F,Assists,3.5,demon,2026-02-20T20:00:00.000-05:00,20
10000524,278398,Tucker DeVries,IND,IND,PUR,129343,F,Assists,3.5,demon,2026-02-20T20:00:00.000-05:00,20
10000921,91710,Braden Smith,PUR,PUR,IND,129343,G,3-PT Made,3.5,demon,2026-02-20T20:00:00.000-05:00,20
10000922,91710,Braden Smith,PUR,PUR,IND,129343,G,Steals,3.5,demon,2026-02-20T20:00:00.000-05:00,20
10009238,278396,Lamar Wilkerson,IND,IND,PUR,129343,G,Assists,3.5,demon,2026-02-20T20:00:00.000-05:00,20
10009243,178699,Trey Kaufman-Renn,PUR,PUR,IND,129343,F,Assists,3.5,demon,2026-02-20T20:00:00.000-05:00,20
10000345,91710,Braden Smith,PUR,PUR,IND,129343,G,3-PT Made,2.5,demon,2026-02-20T20:00:00.000-05:00,20
10000369,91710,Braden Smith,PUR,PUR,IND,129343,G,Steals,2.5,demon,2026-02-20T20:00:00.000-05:00,20
10000371,91710,Braden Smith,PUR,PUR,IND,129343,G,Turnovers,2.5,standard,2026-02-20T20:00:00.000-05:00,20
10000374,224334,C.J. Cox,PUR,PUR,IND,129343,G,3-PT Made,2.5,demon,2026-02-20T20:00:00.000-05:00,20
10000383,224334,C.J. Cox,PUR,PUR,IND,129343,G,Rebounds,2.5,demon,2026-02-20T20:00:00.000-05:00,20
10000389,88238,Fletcher Loyer,PUR,PUR,IND,129343,G,3-PT Made,2.5,demon,2026-02-20T20:00:00.000-05:00,20
10000397,88238,Fletcher Loyer,PUR,PUR,IND,129343,G,Rebounds,2.5,goblin,2026-02-20T20:00:00.000-05:00,20
10000403,278396,Lamar Wilkerson,IND,IND,PUR,129343,G,3-PT Made,2.5,goblin,2026-02-20T20:00:00.000-05:00,20
10000418,297582,Nick Dorn,IND,IND,PUR,129343,G,Rebounds,2.5,goblin,2026-02-20T20:00:00.000-05:00,20
10000460,278398,Tucker DeVries,IND,IND,PUR,129343,F,Assists,2.5,goblin,2026-02-20T20:00:00.000-05:00,20
10000525,278398,Tucker DeVries,IND,IND,PUR,129343,F,Assists,2.5,goblin,2026-02-20T20:00:00.000-05:00,20
10008784,178699,Trey Kaufman-Renn,PUR,PUR,IND,129343,F,Assists,2.5,demon,2026-02-20T20:00:00.000-05:00,20
10000346,91710,Braden Smith,PUR,PUR,IND,129343,G,3-PT Made,1.5,standard,2026-02-20T20:00:00.000-05:00,20
10000370,91710,Braden Smith,PUR,PUR,IND,129343,G,Steals,1.5,demon,2026-02-20T20:00:00.000-05:00,20
10000373,224334,C.J. Cox,PUR,PUR,IND,129343,G,3-PT Made,1.5,demon,2026-02-20T20:00:00.000-05:00,20
10000381,224334,C.J. Cox,PUR,PUR,IND,129343,G,Rebounds,1.5,goblin,2026-02-20T20:00:00.000-05:00,20
10000385,224334,C.J. Cox,PUR,PUR,IND,129343,G,Steals,1.5,demon,2026-02-20T20:00:00.000-05:00,20
10000387,88238,Fletcher Loyer,PUR,PUR,IND,129343,G,3-PT Made,1.5,goblin,2026-02-20T20:00:00.000-05:00,20
10000400,88238,Fletcher Loyer,PUR,PUR,IND,129343,G,Steals,1.5,demon,2026-02-20T20:00:00.000-05:00,20
10000416,278396,Lamar Wilkerson,IND,IND,PUR,129343,G,Steals,1.5,demon,2026-02-20T20:00:00.000-05:00,20
10000417,278396,Lamar Wilkerson,IND,IND,PUR,129343,G,Turnovers,1.5,goblin,2026-02-20T20:00:00.000-05:00,20
10000422,297582,Nick Dorn,IND,IND,PUR,129343,G,Steals,1.5,demon,2026-02-20T20:00:00.000-05:00,20
10000423,297582,Nick Dorn,IND,IND,PUR,129343,G,Turnovers,1.5,demon,2026-02-20T20:00:00.000-05:00,20
10000424,279548,Oscar Cluff,PUR,PUR,IND,129343,C,Blocked Shots,1.5,demon,2026-02-20T20:00:00.000-05:00,20
10000455,178699,Trey Kaufman-Renn,PUR,PUR,IND,129343,F,Steals,1.5,demon,2026-02-20T20:00:00.000-05:00,20
10000456,178699,Trey Kaufman-Renn,PUR,PUR,IND,129343,F,Turnovers,1.5,demon,2026-02-20T20:00:00.000-05:00,20
10000457,278398,Tucker DeVries,IND,IND,PUR,129343,F,3-PT Made,1.5,goblin,2026-02-20T20:00:00.000-05:00,20
10000481,278398,Tucker DeVries,IND,IND,PUR,129343,F,Steals,1.5,demon,2026-02-20T20:00:00.000-05:00,20
10000482,278398,Tucker DeVries,IND,IND,PUR,129343,F,Turnovers,1.5,goblin,2026-02-20T20:00:00.000-05:00,20
10008781,224334,C.J. Cox,PUR,PUR,IND,129343,G,Assists,1.5,demon,2026-02-20T20:00:00.000-05:00,20
10008783,279548,Oscar Cluff,PUR,PUR,IND,129343,C,Assists,1.5,demon,2026-02-20T20:00:00.000-05:00,20
10009237,278396,Lamar Wilkerson,IND,IND,PUR,129343,G,Assists,1.5,goblin,2026-02-20T20:00:00.000-05:00,20
10009242,178699,Trey Kaufman-Renn,PUR,PUR,IND,129343,F,Assists,1.5,goblin,2026-02-20T20:00:00.000-05:00,20
10009252,278398,Tucker DeVries,IND,IND,PUR,129343,F,Assists,1.5,goblin,2026-02-20T20:00:00.000-05:00,20
10000344,91710,Braden Smith,PUR,PUR,IND,129343,G,3-PT Made,0.5,goblin,2026-02-20T20:00:00.000-05:00,20
10000368,91710,Braden Smith,PUR,PUR,IND,129343,G,Steals,0.5,goblin,2026-02-20T20:00:00.000-05:00,20
10000372,224334,C.J. Cox,PUR,PUR,IND,129343,G,3-PT Made,0.5,goblin,2026-02-20T20:00:00.000-05:00,20
10000386,224334,C.J. Cox,PUR,PUR,IND,129343,G,Steals,0.5,standard,2026-02-20T20:00:00.000-05:00,20
10000401,88238,Fletcher Loyer,PUR,PUR,IND,129343,G,Steals,0.5,goblin,2026-02-20T20:00:00.000-05:00,20
10000402,88238,Fletcher Loyer,PUR,PUR,IND,129343,G,Turnovers,0.5,goblin,2026-02-20T20:00:00.000-05:00,20
10000421,297582,Nick Dorn,IND,IND,PUR,129343,G,Steals,0.5,demon,2026-02-20T20:00:00.000-05:00,20
10000425,279548,Oscar Cluff,PUR,PUR,IND,129343,C,Blocked Shots,0.5,standard,2026-02-20T20:00:00.000-05:00,20
10000437,279548,Oscar Cluff,PUR,PUR,IND,129343,C,Turnovers,0.5,standard,2026-02-20T20:00:00.000-05:00,20
10006469,224334,C.J. Cox,PUR,PUR,IND,129343,G,Turnovers,0.5,demon,2026-02-20T20:00:00.000-05:00,20
10008497,282950,Javontae Campbell,BGSU,BGSU,,129393,G,Points,17.5,standard,2026-02-20T20:30:00.000-05:00,20
9995192,182904,Emanuel Sharp,HOU,HOU,ARIZ,129387,G,Pts+Rebs+Asts,27.5,demon,2026-02-21T15:00:00.000-05:00,20
9995260,287004,Motiejus Krivas,ARIZ,ARIZ,HOU,129387,C,Pts+Rebs+Asts,26.5,demon,2026-02-21T15:00:00.000-05:00,20
9995190,182904,Emanuel Sharp,HOU,HOU,ARIZ,129387,G,Pts+Rebs+Asts,25.5,demon,2026-02-21T15:00:00.000-05:00,20
9995231,278364,Kingston Flemings,HOU,HOU,ARIZ,129387,G,Points,24.5,demon,2026-02-21T15:00:00.000-05:00,20
9995258,287004,Motiejus Krivas,ARIZ,ARIZ,HOU,129387,C,Pts+Rebs+Asts,24.5,demon,2026-02-21T15:00:00.000-05:00,20
9995275,220063,Tobe Awaka,ARIZ,ARIZ,HOU,129387,F,Pts+Rebs+Asts,24.5,demon,2026-02-21T15:00:00.000-05:00,20
9995191,182904,Emanuel Sharp,HOU,HOU,ARIZ,129387,G,Pts+Rebs+Asts,23.5,demon,2026-02-21T15:00:00.000-05:00,20
9994088,278364,Kingston Flemings,HOU,HOU,ARIZ,129387,G,Pts+Rebs,22.5,standard,2026-02-21T15:00:00.000-05:00,20
9995188,182904,Emanuel Sharp,HOU,HOU,ARIZ,129387,G,Points,22.5,demon,2026-02-21T15:00:00.000-05:00,20
9995207,287583,Ivan Kharchenkov,ARIZ,ARIZ,HOU,129387,F,Pts+Rebs+Asts,22.5,demon,2026-02-21T15:00:00.000-05:00,20
9995229,278364,Kingston Flemings,HOU,HOU,ARIZ,129387,G,Points,22.5,demon,2026-02-21T15:00:00.000-05:00,20
9995259,287004,Motiejus Krivas,ARIZ,ARIZ,HOU,129387,C,Pts+Rebs+Asts,22.5,demon,2026-02-21T15:00:00.000-05:00,20
9995274,220063,Tobe Awaka,ARIZ,ARIZ,HOU,129387,F,Pts+Rebs+Asts,22.5,demon,2026-02-21T15:00:00.000-05:00,20
9994070,182904,Emanuel Sharp,HOU,HOU,ARIZ,129387,G,Pts+Rebs+Asts,21.5,standard,2026-02-21T15:00:00.000-05:00,20
9995162,274641,Brayden Burries,ARIZ,ARIZ,HOU,129387,G,Points,21.5,demon,2026-02-21T15:00:00.000-05:00,20
9994102,287004,Motiejus Krivas,ARIZ,ARIZ,HOU,129387,C,Pts+Rebs+Asts,21.0,standard,2026-02-21T15:00:00.000-05:00,20
9994057,274641,Brayden Burries,ARIZ,ARIZ,HOU,129387,G,Pts+Rebs,20.5,standard,2026-02-21T15:00:00.000-05:00,20
9995186,182904,Emanuel Sharp,HOU,HOU,ARIZ,129387,G,Points,20.5,demon,2026-02-21T15:00:00.000-05:00,20
9995208,287583,Ivan Kharchenkov,ARIZ,ARIZ,HOU,129387,F,Pts+Rebs+Asts,20.5,demon,2026-02-21T15:00:00.000-05:00,20
9995230,278364,Kingston Flemings,HOU,HOU,ARIZ,129387,G,Points,20.5,demon,2026-02-21T15:00:00.000-05:00,20
10001295,225269,Joseph Tugler,HOU,HOU,ARIZ,129387,F,Pts+Rebs+Asts,20.5,demon,2026-02-21T15:00:00.000-05:00,20
9994101,287004,Motiejus Krivas,ARIZ,ARIZ,HOU,129387,C,Pts+Rebs,20.0,standard,2026-02-21T15:00:00.000-05:00,20
9994112,220063,Tobe Awaka,ARIZ,ARIZ,HOU,129387,F,Pts+Rebs+Asts,20.0,standard,2026-02-21T15:00:00.000-05:00,20
9994069,182904,Emanuel Sharp,HOU,HOU,ARIZ,129387,G,Pts+Rebs,19.5,standard,2026-02-21T15:00:00.000-05:00,20
9995161,274641,Brayden Burries,ARIZ,ARIZ,HOU,129387,G,Points,19.5,demon,2026-02-21T15:00:00.000-05:00,20
9995193,182904,Emanuel Sharp,HOU,HOU,ARIZ,129387,G,Pts+Rebs+Asts,19.5,goblin,2026-02-21T15:00:00.000-05:00,20
9994111,220063,Tobe Awaka,ARIZ,ARIZ,HOU,129387,F,Pts+Rebs,19.0,standard,2026-02-21T15:00:00.000-05:00,20
9994068,182904,Emanuel Sharp,HOU,HOU,ARIZ,129387,G,Pts+Asts,18.5,standard,2026-02-21T15:00:00.000-05:00,20
9994087,278364,Kingston Flemings,HOU,HOU,ARIZ,129387,G,Points,18.5,standard,2026-02-21T15:00:00.000-05:00,20
9995187,182904,Emanuel Sharp,HOU,HOU,ARIZ,129387,G,Points,18.5,demon,2026-02-21T15:00:00.000-05:00,20
9995261,287004,Motiejus Krivas,ARIZ,ARIZ,HOU,129387,C,Pts+Rebs+Asts,18.5,goblin,2026-02-21T15:00:00.000-05:00,20
9995277,220063,Tobe Awaka,ARIZ,ARIZ,HOU,129387,F,Pts+Rebs+Asts,18.5,goblin,2026-02-21T15:00:00.000-05:00,20
10001294,225269,Joseph Tugler,HOU,HOU,ARIZ,129387,F,Pts+Rebs+Asts,18.5,demon,2026-02-21T15:00:00.000-05:00,20
9994080,287583,Ivan Kharchenkov,ARIZ,ARIZ,HOU,129387,F,Pts+Rebs+Asts,18.0,standard,2026-02-21T15:00:00.000-05:00,20
9995163,274641,Brayden Burries,ARIZ,ARIZ,HOU,129387,G,Points,17.5,demon,2026-02-21T15:00:00.000-05:00,20
10001298,220063,Tobe Awaka,ARIZ,ARIZ,HOU,129387,F,Pts+Rebs+Asts,17.5,goblin,2026-02-21T15:00:00.000-05:00,20
9994067,182904,Emanuel Sharp,HOU,HOU,ARIZ,129387,G,Points,16.5,standard,2026-02-21T15:00:00.000-05:00,20
9995210,287583,Ivan Kharchenkov,ARIZ,ARIZ,HOU,129387,F,Pts+Rebs+Asts,16.5,goblin,2026-02-21T15:00:00.000-05:00,20
9995232,278364,Kingston Flemings,HOU,HOU,ARIZ,129387,G,Points,16.5,goblin,2026-02-21T15:00:00.000-05:00,20
9995243,218833,Milos Uzan,HOU,HOU,ARIZ,129387,G,Points,16.5,demon,2026-02-21T15:00:00.000-05:00,20
10001293,225269,Joseph Tugler,HOU,HOU,ARIZ,129387,F,Pts+Rebs+Asts,16.5,demon,2026-02-21T15:00:00.000-05:00,20
9994079,287583,Ivan Kharchenkov,ARIZ,ARIZ,HOU,129387,F,Pts+Rebs,16.0,standard,2026-02-21T15:00:00.000-05:00,20
9994056,274641,Brayden Burries,ARIZ,ARIZ,HOU,129387,G,Points,15.5,standard,2026-02-21T15:00:00.000-05:00,20
9995204,287583,Ivan Kharchenkov,ARIZ,ARIZ,HOU,129387,F,Points,15.5,demon,2026-02-21T15:00:00.000-05:00,20
10000927,274641,Brayden Burries,ARIZ,ARIZ,HOU,129387,G,Points,15.5,goblin,2026-02-21T15:00:00.000-05:00,20
10001290,287583,Ivan Kharchenkov,ARIZ,ARIZ,HOU,129387,F,Pts+Rebs+Asts,15.5,goblin,2026-02-21T15:00:00.000-05:00,20
9995189,182904,Emanuel Sharp,HOU,HOU,ARIZ,129387,G,Points,14.5,goblin,2026-02-21T15:00:00.000-05:00,20
9995241,218833,Milos Uzan,HOU,HOU,ARIZ,129387,G,Points,14.5,demon,2026-02-21T15:00:00.000-05:00,20
9996070,274641,Brayden Burries,ARIZ,ARIZ,HOU,129387,G,Points,14.5,goblin,2026-02-21T15:00:00.000-05:00,20
9994078,287583,Ivan Kharchenkov,ARIZ,ARIZ,HOU,129387,F,Pts+Asts,13.5,standard,2026-02-21T15:00:00.000-05:00,20
9994093,218833,Milos Uzan,HOU,HOU,ARIZ,129387,G,Pts+Rebs,13.5,standard,2026-02-21T15:00:00.000-05:00,20
9995164,274641,Brayden Burries,ARIZ,ARIZ,HOU,129387,G,Points,13.5,goblin,2026-02-21T15:00:00.000-05:00,20
9995203,287583,Ivan Kharchenkov,ARIZ,ARIZ,HOU,129387,F,Points,13.5,demon,2026-02-21T15:00:00.000-05:00,20
9995256,287004,Motiejus Krivas,ARIZ,ARIZ,HOU,129387,C,Points,13.5,demon,2026-02-21T15:00:00.000-05:00,20
9995174,278362,Chris Cenac,HOU,HOU,ARIZ,129387,F-C,Points,12.5,demon,2026-02-21T15:00:00.000-05:00,20
9995242,218833,Milos Uzan,HOU,HOU,ARIZ,129387,G,Points,12.5,demon,2026-02-21T15:00:00.000-05:00,20
9995254,287004,Motiejus Krivas,ARIZ,ARIZ,HOU,129387,C,Points,12.5,demon,2026-02-21T15:00:00.000-05:00,20
9995264,287004,Motiejus Krivas,ARIZ,ARIZ,HOU,129387,C,Rebounds,12.5,demon,2026-02-21T15:00:00.000-05:00,20
9995271,220063,Tobe Awaka,ARIZ,ARIZ,HOU,129387,F,Points,12.5,demon,2026-02-21T15:00:00.000-05:00,20
9995279,220063,Tobe Awaka,ARIZ,ARIZ,HOU,129387,F,Rebounds,12.5,demon,2026-02-21T15:00:00.000-05:00,20
10001296,225269,Joseph Tugler,HOU,HOU,ARIZ,129387,F,Pts+Rebs+Asts,12.5,goblin,2026-02-21T15:00:00.000-05:00,20
9995172,278362,Chris Cenac,HOU,HOU,ARIZ,129387,F-C,Points,11.5,demon,2026-02-21T15:00:00.000-05:00,20
9995255,287004,Motiejus Krivas,ARIZ,ARIZ,HOU,129387,C,Points,11.5,demon,2026-02-21T15:00:00.000-05:00,20
9995262,287004,Motiejus Krivas,ARIZ,ARIZ,HOU,129387,C,Rebounds,11.5,demon,2026-02-21T15:00:00.000-05:00,20
9995270,220063,Tobe Awaka,ARIZ,ARIZ,HOU,129387,F,Points,11.5,demon,2026-02-21T15:00:00.000-05:00,20
9995278,220063,Tobe Awaka,ARIZ,ARIZ,HOU,129387,F,Rebounds,11.5,demon,2026-02-21T15:00:00.000-05:00,20
9994100,287004,Motiejus Krivas,ARIZ,ARIZ,HOU,129387,C,Pts+Asts,11.0,standard,2026-02-21T15:00:00.000-05:00,20
9994092,218833,Milos Uzan,HOU,HOU,ARIZ,129387,G,Points,10.5,standard,2026-02-21T15:00:00.000-05:00,20
9994104,287004,Motiejus Krivas,ARIZ,ARIZ,HOU,129387,C,Rebs+Asts,10.5,standard,2026-02-21T15:00:00.000-05:00,20
9995173,278362,Chris Cenac,HOU,HOU,ARIZ,129387,F-C,Points,10.5,demon,2026-02-21T15:00:00.000-05:00,20
9995178,278362,Chris Cenac,HOU,HOU,ARIZ,129387,F-C,Rebounds,10.5,demon,2026-02-21T15:00:00.000-05:00,20
9995220,225269,Joseph Tugler,HOU,HOU,ARIZ,129387,F,Points,10.5,demon,2026-02-21T15:00:00.000-05:00,20
9995263,287004,Motiejus Krivas,ARIZ,ARIZ,HOU,129387,C,Rebounds,10.5,demon,2026-02-21T15:00:00.000-05:00,20
9995272,220063,Tobe Awaka,ARIZ,ARIZ,HOU,129387,F,Points,10.5,demon,2026-02-21T15:00:00.000-05:00,20
9995280,220063,Tobe Awaka,ARIZ,ARIZ,HOU,129387,F,Rebounds,10.5,demon,2026-02-21T15:00:00.000-05:00,20
10008174,287583,Ivan Kharchenkov,ARIZ,ARIZ,HOU,129387,F,Points,10.5,goblin,2026-02-21T15:00:00.000-05:00,20
9994099,287004,Motiejus Krivas,ARIZ,ARIZ,HOU,129387,C,Points,10.0,standard,2026-02-21T15:00:00.000-05:00,20
9994103,287004,Motiejus Krivas,ARIZ,ARIZ,HOU,129387,C,Rebounds,9.5,standard,2026-02-21T15:00:00.000-05:00,20
9995176,278362,Chris Cenac,HOU,HOU,ARIZ,129387,F-C,Rebounds,9.5,demon,2026-02-21T15:00:00.000-05:00,20
9995206,287583,Ivan Kharchenkov,ARIZ,ARIZ,HOU,129387,F,Points,9.5,goblin,2026-02-21T15:00:00.000-05:00,20
9995218,225269,Joseph Tugler,HOU,HOU,ARIZ,129387,F,Points,9.5,demon,2026-02-21T15:00:00.000-05:00,20
9996002,220063,Tobe Awaka,ARIZ,ARIZ,HOU,129387,F,Rebounds,9.5,standard,2026-02-21T15:00:00.000-05:00,20
10000931,218833,Milos Uzan,HOU,HOU,ARIZ,129387,G,Points,9.5,goblin,2026-02-21T15:00:00.000-05:00,20
10000954,218833,Milos Uzan,HOU,HOU,ARIZ,129387,G,Points,9.5,goblin,2026-02-21T15:00:00.000-05:00,20
9994109,220063,Tobe Awaka,ARIZ,ARIZ,HOU,129387,F,Points,9.0,standard,2026-02-21T15:00:00.000-05:00,20
9994062,278362,Chris Cenac,HOU,HOU,ARIZ,129387,F-C,Points,8.5,standard,2026-02-21T15:00:00.000-05:00,20
9995177,278362,Chris Cenac,HOU,HOU,ARIZ,129387,F-C,Rebounds,8.5,demon,2026-02-21T15:00:00.000-05:00,20
9995219,225269,Joseph Tugler,HOU,HOU,ARIZ,129387,F,Points,8.5,demon,2026-02-21T15:00:00.000-05:00,20
9995224,225269,Joseph Tugler,HOU,HOU,ARIZ,129387,F,Rebounds,8.5,demon,2026-02-21T15:00:00.000-05:00,20
9995244,218833,Milos Uzan,HOU,HOU,ARIZ,129387,G,Points,8.5,goblin,2026-02-21T15:00:00.000-05:00,20
9995257,287004,Motiejus Krivas,ARIZ,ARIZ,HOU,129387,C,Points,8.5,goblin,2026-02-21T15:00:00.000-05:00,20
9995265,287004,Motiejus Krivas,ARIZ,ARIZ,HOU,129387,C,Rebounds,8.5,goblin,2026-02-21T15:00:00.000-05:00,20
9995281,220063,Tobe Awaka,ARIZ,ARIZ,HOU,129387,F,Rebounds,8.5,goblin,2026-02-21T15:00:00.000-05:00,20
10000930,225269,Joseph Tugler,HOU,HOU,ARIZ,129387,F,Pts+Asts,8.5,standard,2026-02-21T15:00:00.000-05:00,20
10001289,287583,Ivan Kharchenkov,ARIZ,ARIZ,HOU,129387,F,Points,8.5,goblin,2026-02-21T15:00:00.000-05:00,20
9994064,278362,Chris Cenac,HOU,HOU,ARIZ,129387,F-C,Rebounds,7.5,standard,2026-02-21T15:00:00.000-05:00,20
9995167,274641,Brayden Burries,ARIZ,ARIZ,HOU,129387,G,Rebounds,7.5,demon,2026-02-21T15:00:00.000-05:00,20
9995175,278362,Chris Cenac,HOU,HOU,ARIZ,129387,F-C,Points,7.5,goblin,2026-02-21T15:00:00.000-05:00,20
9995213,287583,Ivan Kharchenkov,ARIZ,ARIZ,HOU,129387,F,Rebounds,7.5,demon,2026-02-21T15:00:00.000-05:00,20
9995222,225269,Joseph Tugler,HOU,HOU,ARIZ,129387,F,Rebounds,7.5,demon,2026-02-21T15:00:00.000-05:00,20
10001297,220063,Tobe Awaka,ARIZ,ARIZ,HOU,129387,F,Points,7.5,goblin,2026-02-21T15:00:00.000-05:00,20
10003443,287583,Ivan Kharchenkov,ARIZ,ARIZ,HOU,129387,F,Rebs+Asts,7.0,standard,2026-02-21T15:00:00.000-05:00,20
9995165,274641,Brayden Burries,ARIZ,ARIZ,HOU,129387,G,Rebounds,6.5,demon,2026-02-21T15:00:00.000-05:00,20
9995179,278362,Chris Cenac,HOU,HOU,ARIZ,129387,F-C,Rebounds,6.5,goblin,2026-02-21T15:00:00.000-05:00,20
9995211,287583,Ivan Kharchenkov,ARIZ,ARIZ,HOU,129387,F,Rebounds,6.5,demon,2026-02-21T15:00:00.000-05:00,20
9995223,225269,Joseph Tugler,HOU,HOU,ARIZ,129387,F,Rebounds,6.5,demon,2026-02-21T15:00:00.000-05:00,20
9995235,278364,Kingston Flemings,HOU,HOU,ARIZ,129387,G,Rebounds,6.5,demon,2026-02-21T15:00:00.000-05:00,20
9996000,225269,Joseph Tugler,HOU,HOU,ARIZ,129387,F,Points,6.5,goblin,2026-02-21T15:00:00.000-05:00,20
9995166,274641,Brayden Burries,ARIZ,ARIZ,HOU,129387,G,Rebounds,5.5,demon,2026-02-21T15:00:00.000-05:00,20
9995195,182904,Emanuel Sharp,HOU,HOU,ARIZ,129387,G,Rebounds,5.5,demon,2026-02-21T15:00:00.000-05:00,20
9995212,287583,Ivan Kharchenkov,ARIZ,ARIZ,HOU,129387,F,Rebounds,5.5,demon,2026-02-21T15:00:00.000-05:00,20
9995221,225269,Joseph Tugler,HOU,HOU,ARIZ,129387,F,Points,5.5,goblin,2026-02-21T15:00:00.000-05:00,20
9995234,278364,Kingston Flemings,HOU,HOU,ARIZ,129387,G,Rebounds,5.5,demon,2026-02-21T15:00:00.000-05:00,20
9994058,274641,Brayden Burries,ARIZ,ARIZ,HOU,129387,G,Rebounds,4.5,goblin,2026-02-21T15:00:00.000-05:00,20
9994072,182904,Emanuel Sharp,HOU,HOU,ARIZ,129387,G,Rebs+Asts,4.5,goblin,2026-02-21T15:00:00.000-05:00,20
9995182,182904,Emanuel Sharp,HOU,HOU,ARIZ,129387,G,3-PT Made,4.5,demon,2026-02-21T15:00:00.000-05:00,20
9995194,182904,Emanuel Sharp,HOU,HOU,ARIZ,129387,G,Rebounds,4.5,demon,2026-02-21T15:00:00.000-05:00,20
9995225,225269,Joseph Tugler,HOU,HOU,ARIZ,129387,F,Rebounds,4.5,goblin,2026-02-21T15:00:00.000-05:00,20
9995233,278364,Kingston Flemings,HOU,HOU,ARIZ,129387,G,Rebounds,4.5,demon,2026-02-21T15:00:00.000-05:00,20
9995246,218833,Milos Uzan,HOU,HOU,ARIZ,129387,G,Rebounds,4.5,demon,2026-02-21T15:00:00.000-05:00,20
10008175,287583,Ivan Kharchenkov,ARIZ,ARIZ,HOU,129387,F,Rebounds,4.5,goblin,2026-02-21T15:00:00.000-05:00,20
9994071,182904,Emanuel Sharp,HOU,HOU,ARIZ,129387,G,Rebounds,3.5,demon,2026-02-21T15:00:00.000-05:00,20
9995160,274641,Brayden Burries,ARIZ,ARIZ,HOU,129387,G,3-PT Made,3.5,demon,2026-02-21T15:00:00.000-05:00,20
9995168,274641,Brayden Burries,ARIZ,ARIZ,HOU,129387,G,Rebounds,3.5,goblin,2026-02-21T15:00:00.000-05:00,20
9995181,182904,Emanuel Sharp,HOU,HOU,ARIZ,129387,G,3-PT Made,3.5,demon,2026-02-21T15:00:00.000-05:00,20
9995185,182904,Emanuel Sharp,HOU,HOU,ARIZ,129387,G,Assists,3.5,demon,2026-02-21T15:00:00.000-05:00,20
9995202,287583,Ivan Kharchenkov,ARIZ,ARIZ,HOU,129387,F,Assists,3.5,demon,2026-02-21T15:00:00.000-05:00,20
9995214,287583,Ivan Kharchenkov,ARIZ,ARIZ,HOU,129387,F,Rebounds,3.5,goblin,2026-02-21T15:00:00.000-05:00,20
9995240,218833,Milos Uzan,HOU,HOU,ARIZ,129387,G,3-PT Made,3.5,demon,2026-02-21T15:00:00.000-05:00,20
9995245,218833,Milos Uzan,HOU,HOU,ARIZ,129387,G,Rebounds,3.5,demon,2026-02-21T15:00:00.000-05:00,20
9994060,274641,Brayden Burries,ARIZ,ARIZ,HOU,129387,G,Turnovers,2.5,demon,2026-02-21T15:00:00.000-05:00,20
9994066,182904,Emanuel Sharp,HOU,HOU,ARIZ,129387,G,3-PT Made,2.5,standard,2026-02-21T15:00:00.000-05:00,20
9994094,218833,Milos Uzan,HOU,HOU,ARIZ,129387,G,Rebounds,2.5,demon,2026-02-21T15:00:00.000-05:00,20
9995159,274641,Brayden Burries,ARIZ,ARIZ,HOU,129387,G,3-PT Made,2.5,demon,2026-02-21T15:00:00.000-05:00,20
9995170,274641,Brayden Burries,ARIZ,ARIZ,HOU,129387,G,Steals,2.5,demon,2026-02-21T15:00:00.000-05:00,20
9995184,182904,Emanuel Sharp,HOU,HOU,ARIZ,129387,G,Assists,2.5,demon,2026-02-21T15:00:00.000-05:00,20
9995196,182904,Emanuel Sharp,HOU,HOU,ARIZ,129387,G,Rebounds,2.5,goblin,2026-02-21T15:00:00.000-05:00,20
9995197,182904,Emanuel Sharp,HOU,HOU,ARIZ,129387,G,Steals,2.5,demon,2026-02-21T15:00:00.000-05:00,20
9995200,287583,Ivan Kharchenkov,ARIZ,ARIZ,HOU,129387,F,3-PT Made,2.5,demon,2026-02-21T15:00:00.000-05:00,20
9995201,287583,Ivan Kharchenkov,ARIZ,ARIZ,HOU,129387,F,Assists,2.5,demon,2026-02-21T15:00:00.000-05:00,20
9995216,225269,Joseph Tugler,HOU,HOU,ARIZ,129387,F,Blocked Shots,2.5,demon,2026-02-21T15:00:00.000-05:00,20
9995228,278364,Kingston Flemings,HOU,HOU,ARIZ,129387,G,3-PT Made,2.5,demon,2026-02-21T15:00:00.000-05:00,20
9995236,278364,Kingston Flemings,HOU,HOU,ARIZ,129387,G,Rebounds,2.5,goblin,2026-02-21T15:00:00.000-05:00,20
9995238,278364,Kingston Flemings,HOU,HOU,ARIZ,129387,G,Steals,2.5,demon,2026-02-21T15:00:00.000-05:00,20
9995239,218833,Milos Uzan,HOU,HOU,ARIZ,129387,G,3-PT Made,2.5,demon,2026-02-21T15:00:00.000-05:00,20
9995248,218833,Milos Uzan,HOU,HOU,ARIZ,129387,G,Steals,2.5,demon,2026-02-21T15:00:00.000-05:00,20
9995251,287004,Motiejus Krivas,ARIZ,ARIZ,HOU,129387,C,Assists,2.5,demon,2026-02-21T15:00:00.000-05:00,20
9995252,287004,Motiejus Krivas,ARIZ,ARIZ,HOU,129387,C,Blocked Shots,2.5,demon,2026-02-21T15:00:00.000-05:00,20
9995268,220063,Tobe Awaka,ARIZ,ARIZ,HOU,129387,F,Assists,2.5,demon,2026-02-21T15:00:00.000-05:00,20
9995998,278362,Chris Cenac,HOU,HOU,ARIZ,129387,F-C,3-PT Made,2.5,demon,2026-02-21T15:00:00.000-05:00,20
9995999,287583,Ivan Kharchenkov,ARIZ,ARIZ,HOU,129387,F,Steals,2.5,demon,2026-02-21T15:00:00.000-05:00,20
10001292,225269,Joseph Tugler,HOU,HOU,ARIZ,129387,F,Assists,2.5,demon,2026-02-21T15:00:00.000-05:00,20
9994055,274641,Brayden Burries,ARIZ,ARIZ,HOU,129387,G,3-PT Made,1.5,standard,2026-02-21T15:00:00.000-05:00,20
9994073,182904,Emanuel Sharp,HOU,HOU,ARIZ,129387,G,Steals,1.5,demon,2026-02-21T15:00:00.000-05:00,20
9994076,287583,Ivan Kharchenkov,ARIZ,ARIZ,HOU,129387,F,Assists,1.5,goblin,2026-02-21T15:00:00.000-05:00,20
9994082,287583,Ivan Kharchenkov,ARIZ,ARIZ,HOU,129387,F,Turnovers,1.5,standard,2026-02-21T15:00:00.000-05:00,20
9994083,225269,Joseph Tugler,HOU,HOU,ARIZ,129387,F,Blocked Shots,1.5,demon,2026-02-21T15:00:00.000-05:00,20
9994090,278364,Kingston Flemings,HOU,HOU,ARIZ,129387,G,Turnovers,1.5,goblin,2026-02-21T15:00:00.000-05:00,20
9994091,218833,Milos Uzan,HOU,HOU,ARIZ,129387,G,3-PT Made,1.5,goblin,2026-02-21T15:00:00.000-05:00,20
9994095,218833,Milos Uzan,HOU,HOU,ARIZ,129387,G,Steals,1.5,demon,2026-02-21T15:00:00.000-05:00,20
9994098,287004,Motiejus Krivas,ARIZ,ARIZ,HOU,129387,C,Blocked Shots,1.5,demon,2026-02-21T15:00:00.000-05:00,20
9994114,220063,Tobe Awaka,ARIZ,ARIZ,HOU,129387,F,Turnovers,1.5,demon,2026-02-21T15:00:00.000-05:00,20
9995169,274641,Brayden Burries,ARIZ,ARIZ,HOU,129387,G,Steals,1.5,demon,2026-02-21T15:00:00.000-05:00,20
9995171,278362,Chris Cenac,HOU,HOU,ARIZ,129387,F-C,3-PT Made,1.5,demon,2026-02-21T15:00:00.000-05:00,20
9995180,278362,Chris Cenac,HOU,HOU,ARIZ,129387,F-C,Steals,1.5,demon,2026-02-21T15:00:00.000-05:00,20
9995183,182904,Emanuel Sharp,HOU,HOU,ARIZ,129387,G,3-PT Made,1.5,goblin,2026-02-21T15:00:00.000-05:00,20
9995199,287583,Ivan Kharchenkov,ARIZ,ARIZ,HOU,129387,F,3-PT Made,1.5,demon,2026-02-21T15:00:00.000-05:00,20
9995215,287583,Ivan Kharchenkov,ARIZ,ARIZ,HOU,129387,F,Steals,1.5,demon,2026-02-21T15:00:00.000-05:00,20
9995226,225269,Joseph Tugler,HOU,HOU,ARIZ,129387,F,Steals,1.5,demon,2026-02-21T15:00:00.000-05:00,20
9995227,278364,Kingston Flemings,HOU,HOU,ARIZ,129387,G,3-PT Made,1.5,demon,2026-02-21T15:00:00.000-05:00,20
9995237,278364,Kingston Flemings,HOU,HOU,ARIZ,129387,G,Steals,1.5,demon,2026-02-21T15:00:00.000-05:00,20
9995247,218833,Milos Uzan,HOU,HOU,ARIZ,129387,G,Rebounds,1.5,goblin,2026-02-21T15:00:00.000-05:00,20
9995250,287004,Motiejus Krivas,ARIZ,ARIZ,HOU,129387,C,Assists,1.5,demon,2026-02-21T15:00:00.000-05:00,20
9995266,287004,Motiejus Krivas,ARIZ,ARIZ,HOU,129387,C,Steals,1.5,demon,2026-02-21T15:00:00.000-05:00,20
9995267,220063,Tobe Awaka,ARIZ,ARIZ,HOU,129387,F,Assists,1.5,demon,2026-02-21T15:00:00.000-05:00,20
9995269,220063,Tobe Awaka,ARIZ,ARIZ,HOU,129387,F,Blocked Shots,1.5,demon,2026-02-21T15:00:00.000-05:00,20
9995282,220063,Tobe Awaka,ARIZ,ARIZ,HOU,129387,F,Steals,1.5,demon,2026-02-21T15:00:00.000-05:00,20
10000928,274641,Brayden Burries,ARIZ,ARIZ,HOU,129387,G,Turnovers,1.5,goblin,2026-02-21T15:00:00.000-05:00,20
10001291,225269,Joseph Tugler,HOU,HOU,ARIZ,129387,F,Assists,1.5,demon,2026-02-21T15:00:00.000-05:00,20
9994059,274641,Brayden Burries,ARIZ,ARIZ,HOU,129387,G,Steals,0.5,goblin,2026-02-21T15:00:00.000-05:00,20
9994061,278362,Chris Cenac,HOU,HOU,ARIZ,129387,F-C,3-PT Made,0.5,goblin,2026-02-21T15:00:00.000-05:00,20
9994065,278362,Chris Cenac,HOU,HOU,ARIZ,129387,F-C,Steals,0.5,standard,2026-02-21T15:00:00.000-05:00,20
9994074,182904,Emanuel Sharp,HOU,HOU,ARIZ,129387,G,Turnovers,0.5,goblin,2026-02-21T15:00:00.000-05:00,20
9994075,287583,Ivan Kharchenkov,ARIZ,ARIZ,HOU,129387,F,3-PT Made,0.5,goblin,2026-02-21T15:00:00.000-05:00,20
9994081,287583,Ivan Kharchenkov,ARIZ,ARIZ,HOU,129387,F,Steals,0.5,goblin,2026-02-21T15:00:00.000-05:00,20
9994084,225269,Joseph Tugler,HOU,HOU,ARIZ,129387,F,Steals,0.5,goblin,2026-02-21T15:00:00.000-05:00,20
9994085,225269,Joseph Tugler,HOU,HOU,ARIZ,129387,F,Turnovers,0.5,goblin,2026-02-21T15:00:00.000-05:00,20
9994086,278364,Kingston Flemings,HOU,HOU,ARIZ,129387,G,3-PT Made,0.5,goblin,2026-02-21T15:00:00.000-05:00,20
9994089,278364,Kingston Flemings,HOU,HOU,ARIZ,129387,G,Steals,0.5,goblin,2026-02-21T15:00:00.000-05:00,20
9994097,287004,Motiejus Krivas,ARIZ,ARIZ,HOU,129387,C,Assists,0.5,goblin,2026-02-21T15:00:00.000-05:00,20
9994106,220063,Tobe Awaka,ARIZ,ARIZ,HOU,129387,F,3-PT Made,0.5,demon,2026-02-21T15:00:00.000-05:00,20
9994107,220063,Tobe Awaka,ARIZ,ARIZ,HOU,129387,F,Assists,0.5,goblin,2026-02-21T15:00:00.000-05:00,20
9994108,220063,Tobe Awaka,ARIZ,ARIZ,HOU,129387,F,Blocked Shots,0.5,standard,2026-02-21T15:00:00.000-05:00,20
9994113,220063,Tobe Awaka,ARIZ,ARIZ,HOU,129387,F,Steals,0.5,demon,2026-02-21T15:00:00.000-05:00,20
9995198,182904,Emanuel Sharp,HOU,HOU,ARIZ,129387,G,Steals,0.5,goblin,2026-02-21T15:00:00.000-05:00,20
9995217,225269,Joseph Tugler,HOU,HOU,ARIZ,129387,F,Blocked Shots,0.5,goblin,2026-02-21T15:00:00.000-05:00,20
9995249,218833,Milos Uzan,HOU,HOU,ARIZ,129387,G,Steals,0.5,goblin,2026-02-21T15:00:00.000-05:00,20
9995253,287004,Motiejus Krivas,ARIZ,ARIZ,HOU,129387,C,Blocked Shots,0.5,goblin,2026-02-21T15:00:00.000-05:00,20
9998717,278362,Chris Cenac,HOU,HOU,ARIZ,129387,F-C,Turnovers,0.5,demon,2026-02-21T15:00:00.000-05:00,20
10000929,225269,Joseph Tugler,HOU,HOU,ARIZ,129387,F,Assists,0.5,goblin,2026-02-21T15:00:00.000-05:00,20
10000953,225269,Joseph Tugler,HOU,HOU,ARIZ,129387,F,Assists,0.5,goblin,2026-02-21T15:00:00.000-05:00,20
10001013,225269,Joseph Tugler,HOU,HOU,ARIZ,129387,F,Assists,0.5,goblin,2026-02-21T15:00:00.000-05:00,20
9991369,274122,Cameron Boozer,DUKE,DUKE,MICH,129452,F,Pts+Rebs,30.5,standard,2026-02-21T18:30:00.000-05:00,20
9992036,276719,Yaxel Lendeborg,MICH,MICH,DUKE,129452,F,Pts+Rebs+Asts,29.5,demon,2026-02-21T18:30:00.000-05:00,20
9992034,276719,Yaxel Lendeborg,MICH,MICH,DUKE,129452,F,Pts+Rebs+Asts,27.5,demon,2026-02-21T18:30:00.000-05:00,20
9991366,274122,Cameron Boozer,DUKE,DUKE,MICH,129452,F,Points,26.5,demon,2026-02-21T18:30:00.000-05:00,20
9992011,279175,Morez Johnson,MICH,MICH,DUKE,129452,F,Pts+Rebs+Asts,26.5,demon,2026-02-21T18:30:00.000-05:00,20
9992035,276719,Yaxel Lendeborg,MICH,MICH,DUKE,129452,F,Pts+Rebs+Asts,25.5,demon,2026-02-21T18:30:00.000-05:00,20
9991364,274122,Cameron Boozer,DUKE,DUKE,MICH,129452,F,Points,24.5,demon,2026-02-21T18:30:00.000-05:00,20
9991984,280048,Aday Mara,MICH,MICH,DUKE,129452,C,Pts+Rebs+Asts,24.5,demon,2026-02-21T18:30:00.000-05:00,20
9992010,279175,Morez Johnson,MICH,MICH,DUKE,129452,F,Pts+Rebs+Asts,24.5,demon,2026-02-21T18:30:00.000-05:00,20
9991365,274122,Cameron Boozer,DUKE,DUKE,MICH,129452,F,Points,22.5,demon,2026-02-21T18:30:00.000-05:00,20
9991453,274124,Patrick Ngongba,DUKE,DUKE,MICH,129452,C,Pts+Rebs+Asts,22.5,demon,2026-02-21T18:30:00.000-05:00,20
9991983,280048,Aday Mara,MICH,MICH,DUKE,129452,C,Pts+Rebs+Asts,22.5,demon,2026-02-21T18:30:00.000-05:00,20
9992009,279175,Morez Johnson,MICH,MICH,DUKE,129452,F,Pts+Rebs+Asts,22.5,demon,2026-02-21T18:30:00.000-05:00,20
9992033,276719,Yaxel Lendeborg,MICH,MICH,DUKE,129452,F,Pts+Rebs,22.0,standard,2026-02-21T18:30:00.000-05:00,20
9990475,274122,Cameron Boozer,DUKE,DUKE,MICH,129452,F,Points,21.5,standard,2026-02-21T18:30:00.000-05:00,20
9991420,221498,Isaiah Evans,DUKE,DUKE,MICH,129452,G-F,Pts+Rebs+Asts,21.5,demon,2026-02-21T18:30:00.000-05:00,20
9992037,276719,Yaxel Lendeborg,MICH,MICH,DUKE,129452,F,Pts+Rebs+Asts,21.5,goblin,2026-02-21T18:30:00.000-05:00,20
9991419,221498,Isaiah Evans,DUKE,DUKE,MICH,129452,G-F,Pts+Rebs+Asts,20.5,demon,2026-02-21T18:30:00.000-05:00,20
9991451,274124,Patrick Ngongba,DUKE,DUKE,MICH,129452,C,Pts+Rebs+Asts,20.5,demon,2026-02-21T18:30:00.000-05:00,20
9991982,280048,Aday Mara,MICH,MICH,DUKE,129452,C,Pts+Rebs+Asts,20.5,demon,2026-02-21T18:30:00.000-05:00,20
9992013,279175,Morez Johnson,MICH,MICH,DUKE,129452,F,Pts+Rebs+Asts,20.5,standard,2026-02-21T18:30:00.000-05:00,20
9991368,274122,Cameron Boozer,DUKE,DUKE,MICH,129452,F,Points,19.5,goblin,2026-02-21T18:30:00.000-05:00,20
9991413,221498,Isaiah Evans,DUKE,DUKE,MICH,129452,G-F,Points,19.5,demon,2026-02-21T18:30:00.000-05:00,20
9991421,221498,Isaiah Evans,DUKE,DUKE,MICH,129452,G-F,Pts+Rebs+Asts,19.5,demon,2026-02-21T18:30:00.000-05:00,20
9991432,279175,Morez Johnson,MICH,MICH,DUKE,129452,F,Points,19.5,demon,2026-02-21T18:30:00.000-05:00,20
9991464,276719,Yaxel Lendeborg,MICH,MICH,DUKE,129452,F,Points,19.5,demon,2026-02-21T18:30:00.000-05:00,20
9992008,279175,Morez Johnson,MICH,MICH,DUKE,129452,F,Pts+Rebs,19.5,standard,2026-02-21T18:30:00.000-05:00,20
9991352,218054,Caleb Foster,DUKE,DUKE,MICH,129452,G,Pts+Rebs+Asts,18.5,demon,2026-02-21T18:30:00.000-05:00,20
9991367,274122,Cameron Boozer,DUKE,DUKE,MICH,129452,F,Points,18.5,goblin,2026-02-21T18:30:00.000-05:00,20
9991412,221498,Isaiah Evans,DUKE,DUKE,MICH,129452,G-F,Points,18.5,demon,2026-02-21T18:30:00.000-05:00,20
9991452,274124,Patrick Ngongba,DUKE,DUKE,MICH,129452,C,Pts+Rebs+Asts,18.5,demon,2026-02-21T18:30:00.000-05:00,20
9991986,280048,Aday Mara,MICH,MICH,DUKE,129452,C,Pts+Rebs+Asts,18.5,standard,2026-02-21T18:30:00.000-05:00,20
9992012,279175,Morez Johnson,MICH,MICH,DUKE,129452,F,Pts+Rebs+Asts,18.5,goblin,2026-02-21T18:30:00.000-05:00,20
9991418,221498,Isaiah Evans,DUKE,DUKE,MICH,129452,G-F,Pts+Rebs+Asts,17.5,standard,2026-02-21T18:30:00.000-05:00,20
9992030,276719,Yaxel Lendeborg,MICH,MICH,DUKE,129452,F,Points,17.5,demon,2026-02-21T18:30:00.000-05:00,20
9996446,274122,Cameron Boozer,DUKE,DUKE,MICH,129452,F,Points,17.5,goblin,2026-02-21T18:30:00.000-05:00,20
9991351,218054,Caleb Foster,DUKE,DUKE,MICH,129452,G,Pts+Rebs+Asts,16.5,demon,2026-02-21T18:30:00.000-05:00,20
9991411,221498,Isaiah Evans,DUKE,DUKE,MICH,129452,G-F,Points,16.5,demon,2026-02-21T18:30:00.000-05:00,20
9991417,221498,Isaiah Evans,DUKE,DUKE,MICH,129452,G-F,Pts+Rebs,16.5,standard,2026-02-21T18:30:00.000-05:00,20
9991423,221498,Isaiah Evans,DUKE,DUKE,MICH,129452,G-F,Pts+Rebs+Asts,16.5,goblin,2026-02-21T18:30:00.000-05:00,20
9991450,274124,Patrick Ngongba,DUKE,DUKE,MICH,129452,C,Pts+Rebs+Asts,16.5,standard,2026-02-21T18:30:00.000-05:00,20
9991981,280048,Aday Mara,MICH,MICH,DUKE,129452,C,Pts+Rebs,16.5,standard,2026-02-21T18:30:00.000-05:00,20
9991985,280048,Aday Mara,MICH,MICH,DUKE,129452,C,Pts+Rebs+Asts,16.5,goblin,2026-02-21T18:30:00.000-05:00,20
9991422,221498,Isaiah Evans,DUKE,DUKE,MICH,129452,G-F,Pts+Rebs+Asts,15.5,goblin,2026-02-21T18:30:00.000-05:00,20
9991449,274124,Patrick Ngongba,DUKE,DUKE,MICH,129452,C,Pts+Rebs,15.5,standard,2026-02-21T18:30:00.000-05:00,20
9992032,276719,Yaxel Lendeborg,MICH,MICH,DUKE,129452,F,Pts+Asts,15.5,standard,2026-02-21T18:30:00.000-05:00,20
9997324,274124,Patrick Ngongba,DUKE,DUKE,MICH,129452,C,Pts+Rebs+Asts,15.5,goblin,2026-02-21T18:30:00.000-05:00,20
9991332,280048,Aday Mara,MICH,MICH,DUKE,129452,C,Points,14.5,demon,2026-02-21T18:30:00.000-05:00,20
9991350,218054,Caleb Foster,DUKE,DUKE,MICH,129452,G,Pts+Rebs+Asts,14.5,demon,2026-02-21T18:30:00.000-05:00,20
9991401,278918,Elliot Cadeau,MICH,MICH,DUKE,129452,G,Points,14.5,demon,2026-02-21T18:30:00.000-05:00,20
9991416,221498,Isaiah Evans,DUKE,DUKE,MICH,129452,G-F,Pts+Asts,14.5,standard,2026-02-21T18:30:00.000-05:00,20
9991431,279175,Morez Johnson,MICH,MICH,DUKE,129452,F,Points,14.5,demon,2026-02-21T18:30:00.000-05:00,20
9991454,274124,Patrick Ngongba,DUKE,DUKE,MICH,129452,C,Pts+Rebs+Asts,14.5,goblin,2026-02-21T18:30:00.000-05:00,20
9991463,281170,Trey McKenney,MICH,MICH,DUKE,129452,G,Points,14.5,demon,2026-02-21T18:30:00.000-05:00,20
9991465,276719,Yaxel Lendeborg,MICH,MICH,DUKE,129452,F,Points,14.5,demon,2026-02-21T18:30:00.000-05:00,20
9990476,221498,Isaiah Evans,DUKE,DUKE,MICH,129452,G-F,Points,13.5,standard,2026-02-21T18:30:00.000-05:00,20
9990481,276719,Yaxel Lendeborg,MICH,MICH,DUKE,129452,F,Points,13.5,standard,2026-02-21T18:30:00.000-05:00,20
9991349,218054,Caleb Foster,DUKE,DUKE,MICH,129452,G,Pts+Rebs+Asts,13.5,standard,2026-02-21T18:30:00.000-05:00,20
9992006,279175,Morez Johnson,MICH,MICH,DUKE,129452,F,Points,13.5,demon,2026-02-21T18:30:00.000-05:00,20
9991371,274122,Cameron Boozer,DUKE,DUKE,MICH,129452,F,Rebounds,12.5,demon,2026-02-21T18:30:00.000-05:00,20
9991415,221498,Isaiah Evans,DUKE,DUKE,MICH,129452,G-F,Points,12.5,goblin,2026-02-21T18:30:00.000-05:00,20
9991445,274124,Patrick Ngongba,DUKE,DUKE,MICH,129452,C,Points,12.5,demon,2026-02-21T18:30:00.000-05:00,20
9991977,280048,Aday Mara,MICH,MICH,DUKE,129452,C,Points,12.5,demon,2026-02-21T18:30:00.000-05:00,20
9991997,278918,Elliot Cadeau,MICH,MICH,DUKE,129452,G,Points,12.5,demon,2026-02-21T18:30:00.000-05:00,20
9992007,279175,Morez Johnson,MICH,MICH,DUKE,129452,F,Pts+Asts,12.5,standard,2026-02-21T18:30:00.000-05:00,20
10006074,218054,Caleb Foster,DUKE,DUKE,MICH,129452,G,Pts+Rebs+Asts,12.5,goblin,2026-02-21T18:30:00.000-05:00,20
9990477,279175,Morez Johnson,MICH,MICH,DUKE,129452,F,Points,11.5,standard,2026-02-21T18:30:00.000-05:00,20
9991370,274122,Cameron Boozer,DUKE,DUKE,MICH,129452,F,Rebounds,11.5,demon,2026-02-21T18:30:00.000-05:00,20
9991435,279175,Morez Johnson,MICH,MICH,DUKE,129452,F,Rebounds,11.5,demon,2026-02-21T18:30:00.000-05:00,20
9991444,274124,Patrick Ngongba,DUKE,DUKE,MICH,129452,C,Points,11.5,demon,2026-02-21T18:30:00.000-05:00,20
9991468,276719,Yaxel Lendeborg,MICH,MICH,DUKE,129452,F,Rebounds,11.5,demon,2026-02-21T18:30:00.000-05:00,20
9991503,221498,Isaiah Evans,DUKE,DUKE,MICH,129452,G-F,Points,11.5,goblin,2026-02-21T18:30:00.000-05:00,20
9991978,280048,Aday Mara,MICH,MICH,DUKE,129452,C,Points,11.5,demon,2026-02-21T18:30:00.000-05:00,20
9991980,280048,Aday Mara,MICH,MICH,DUKE,129452,C,Pts+Asts,11.5,standard,2026-02-21T18:30:00.000-05:00,20
9991998,278918,Elliot Cadeau,MICH,MICH,DUKE,129452,G,Points,11.5,demon,2026-02-21T18:30:00.000-05:00,20
9992021,281170,Trey McKenney,MICH,MICH,DUKE,129452,G,Points,11.5,demon,2026-02-21T18:30:00.000-05:00,20
9992031,276719,Yaxel Lendeborg,MICH,MICH,DUKE,129452,F,Points,11.5,goblin,2026-02-21T18:30:00.000-05:00,20
10006100,218054,Caleb Foster,DUKE,DUKE,MICH,129452,G,Pts+Rebs+Asts,11.5,goblin,2026-02-21T18:30:00.000-05:00,20
9991343,218054,Caleb Foster,DUKE,DUKE,MICH,129452,G,Points,10.5,demon,2026-02-21T18:30:00.000-05:00,20
9991353,218054,Caleb Foster,DUKE,DUKE,MICH,129452,G,Pts+Rebs+Asts,10.5,goblin,2026-02-21T18:30:00.000-05:00,20
9991372,274122,Cameron Boozer,DUKE,DUKE,MICH,129452,F,Rebounds,10.5,demon,2026-02-21T18:30:00.000-05:00,20
9991446,274124,Patrick Ngongba,DUKE,DUKE,MICH,129452,C,Points,10.5,demon,2026-02-21T18:30:00.000-05:00,20
9991448,274124,Patrick Ngongba,DUKE,DUKE,MICH,129452,C,Pts+Asts,10.5,standard,2026-02-21T18:30:00.000-05:00,20
9992020,281170,Trey McKenney,MICH,MICH,DUKE,129452,G,Points,10.5,demon,2026-02-21T18:30:00.000-05:00,20
9990473,280048,Aday Mara,MICH,MICH,DUKE,129452,C,Points,9.5,standard,2026-02-21T18:30:00.000-05:00,20
9990479,274124,Patrick Ngongba,DUKE,DUKE,MICH,129452,C,Points,9.5,standard,2026-02-21T18:30:00.000-05:00,20
9991334,280048,Aday Mara,MICH,MICH,DUKE,129452,C,Rebounds,9.5,demon,2026-02-21T18:30:00.000-05:00,20
9991342,218054,Caleb Foster,DUKE,DUKE,MICH,129452,G,Points,9.5,demon,2026-02-21T18:30:00.000-05:00,20
9991347,218054,Caleb Foster,DUKE,DUKE,MICH,129452,G,Pts+Asts,9.5,standard,2026-02-21T18:30:00.000-05:00,20
9991379,300001,Cayden Boozer,DUKE,DUKE,MICH,129452,G,Points,9.5,demon,2026-02-21T18:30:00.000-05:00,20
9991414,221498,Isaiah Evans,DUKE,DUKE,MICH,129452,G-F,Points,9.5,goblin,2026-02-21T18:30:00.000-05:00,20
9991433,279175,Morez Johnson,MICH,MICH,DUKE,129452,F,Points,9.5,goblin,2026-02-21T18:30:00.000-05:00,20
9991434,279175,Morez Johnson,MICH,MICH,DUKE,129452,F,Rebounds,9.5,demon,2026-02-21T18:30:00.000-05:00,20
9991466,276719,Yaxel Lendeborg,MICH,MICH,DUKE,129452,F,Points,9.5,goblin,2026-02-21T18:30:00.000-05:00,20
9991467,276719,Yaxel Lendeborg,MICH,MICH,DUKE,129452,F,Rebounds,9.5,demon,2026-02-21T18:30:00.000-05:00,20
9992000,278918,Elliot Cadeau,MICH,MICH,DUKE,129452,G,Points,9.5,standard,2026-02-21T18:30:00.000-05:00,20
9991392,278361,Dame Sarr,DUKE,DUKE,MICH,129452,G-F,Pts+Rebs,9.0,standard,2026-02-21T18:30:00.000-05:00,20
9990480,281170,Trey McKenney,MICH,MICH,DUKE,129452,G,Points,8.5,standard,2026-02-21T18:30:00.000-05:00,20
9991344,218054,Caleb Foster,DUKE,DUKE,MICH,129452,G,Points,8.5,demon,2026-02-21T18:30:00.000-05:00,20
9991373,274122,Cameron Boozer,DUKE,DUKE,MICH,129452,F,Rebounds,8.5,goblin,2026-02-21T18:30:00.000-05:00,20
9991378,300001,Cayden Boozer,DUKE,DUKE,MICH,129452,G,Points,8.5,demon,2026-02-21T18:30:00.000-05:00,20
9991389,278361,Dame Sarr,DUKE,DUKE,MICH,129452,G-F,Points,8.5,demon,2026-02-21T18:30:00.000-05:00,20
9991447,274124,Patrick Ngongba,DUKE,DUKE,MICH,129452,C,Points,8.5,goblin,2026-02-21T18:30:00.000-05:00,20
9991457,274124,Patrick Ngongba,DUKE,DUKE,MICH,129452,C,Rebounds,8.5,demon,2026-02-21T18:30:00.000-05:00,20
9991979,280048,Aday Mara,MICH,MICH,DUKE,129452,C,Points,8.5,goblin,2026-02-21T18:30:00.000-05:00,20
9991987,280048,Aday Mara,MICH,MICH,DUKE,129452,C,Rebounds,8.5,demon,2026-02-21T18:30:00.000-05:00,20
9991995,278918,Elliot Cadeau,MICH,MICH,DUKE,129452,G,Assists,8.5,demon,2026-02-21T18:30:00.000-05:00,20
9991999,278918,Elliot Cadeau,MICH,MICH,DUKE,129452,G,Points,8.5,goblin,2026-02-21T18:30:00.000-05:00,20
9992014,279175,Morez Johnson,MICH,MICH,DUKE,129452,F,Rebounds,8.5,demon,2026-02-21T18:30:00.000-05:00,20
9992016,279175,Morez Johnson,MICH,MICH,DUKE,129452,F,Rebs+Asts,8.5,standard,2026-02-21T18:30:00.000-05:00,20
9992039,276719,Yaxel Lendeborg,MICH,MICH,DUKE,129452,F,Rebounds,8.5,demon,2026-02-21T18:30:00.000-05:00,20
9990478,279175,Morez Johnson,MICH,MICH,DUKE,129452,F,Rebounds,7.5,standard,2026-02-21T18:30:00.000-05:00,20
9990482,276719,Yaxel Lendeborg,MICH,MICH,DUKE,129452,F,Rebounds,7.5,standard,2026-02-21T18:30:00.000-05:00,20
9991088,218054,Caleb Foster,DUKE,DUKE,MICH,129452,G,Points,7.5,standard,2026-02-21T18:30:00.000-05:00,20
9991333,280048,Aday Mara,MICH,MICH,DUKE,129452,C,Rebounds,7.5,demon,2026-02-21T18:30:00.000-05:00,20
9991374,274122,Cameron Boozer,DUKE,DUKE,MICH,129452,F,Rebounds,7.5,goblin,2026-02-21T18:30:00.000-05:00,20
9991380,300001,Cayden Boozer,DUKE,DUKE,MICH,129452,G,Points,7.5,demon,2026-02-21T18:30:00.000-05:00,20
9991387,278361,Dame Sarr,DUKE,DUKE,MICH,129452,G-F,Points,7.5,demon,2026-02-21T18:30:00.000-05:00,20
9991455,274124,Patrick Ngongba,DUKE,DUKE,MICH,129452,C,Rebounds,7.5,demon,2026-02-21T18:30:00.000-05:00,20
9991460,274124,Patrick Ngongba,DUKE,DUKE,MICH,129452,C,Rebs+Asts,7.5,standard,2026-02-21T18:30:00.000-05:00,20
9991994,278918,Elliot Cadeau,MICH,MICH,DUKE,129452,G,Assists,7.5,demon,2026-02-21T18:30:00.000-05:00,20
9992022,281170,Trey McKenney,MICH,MICH,DUKE,129452,G,Points,7.5,goblin,2026-02-21T18:30:00.000-05:00,20
9996445,280048,Aday Mara,MICH,MICH,DUKE,129452,C,Points,7.5,goblin,2026-02-21T18:30:00.000-05:00,20
9996447,278918,Elliot Cadeau,MICH,MICH,DUKE,129452,G,Points,7.5,goblin,2026-02-21T18:30:00.000-05:00,20
9996448,274124,Patrick Ngongba,DUKE,DUKE,MICH,129452,C,Points,7.5,goblin,2026-02-21T18:30:00.000-05:00,20
9990474,280048,Aday Mara,MICH,MICH,DUKE,129452,C,Rebounds,6.5,standard,2026-02-21T18:30:00.000-05:00,20
9991089,300001,Cayden Boozer,DUKE,DUKE,MICH,129452,G,Points,6.5,standard,2026-02-21T18:30:00.000-05:00,20
9991346,218054,Caleb Foster,DUKE,DUKE,MICH,129452,G,Points,6.5,goblin,2026-02-21T18:30:00.000-05:00,20
9991388,278361,Dame Sarr,DUKE,DUKE,MICH,129452,G-F,Points,6.5,demon,2026-02-21T18:30:00.000-05:00,20
9991396,278361,Dame Sarr,DUKE,DUKE,MICH,129452,G-F,Rebounds,6.5,demon,2026-02-21T18:30:00.000-05:00,20
9991456,274124,Patrick Ngongba,DUKE,DUKE,MICH,129452,C,Rebounds,6.5,demon,2026-02-21T18:30:00.000-05:00,20
9991993,278918,Elliot Cadeau,MICH,MICH,DUKE,129452,G,Assists,6.5,demon,2026-02-21T18:30:00.000-05:00,20
9992015,279175,Morez Johnson,MICH,MICH,DUKE,129452,F,Rebounds,6.5,goblin,2026-02-21T18:30:00.000-05:00,20
9992040,276719,Yaxel Lendeborg,MICH,MICH,DUKE,129452,F,Rebounds,6.5,goblin,2026-02-21T18:30:00.000-05:00,20
9991335,280048,Aday Mara,MICH,MICH,DUKE,129452,C,Rebounds,5.5,goblin,2026-02-21T18:30:00.000-05:00,20
9991345,218054,Caleb Foster,DUKE,DUKE,MICH,129452,G,Points,5.5,goblin,2026-02-21T18:30:00.000-05:00,20
9991356,218054,Caleb Foster,DUKE,DUKE,MICH,129452,G,Rebounds,5.5,demon,2026-02-21T18:30:00.000-05:00,20
9991358,218054,Caleb Foster,DUKE,DUKE,MICH,129452,G,Rebs+Asts,5.5,standard,2026-02-21T18:30:00.000-05:00,20
9991381,300001,Cayden Boozer,DUKE,DUKE,MICH,129452,G,Points,5.5,goblin,2026-02-21T18:30:00.000-05:00,20
9991395,278361,Dame Sarr,DUKE,DUKE,MICH,129452,G-F,Rebounds,5.5,demon,2026-02-21T18:30:00.000-05:00,20
9991436,279175,Morez Johnson,MICH,MICH,DUKE,129452,F,Rebounds,5.5,goblin,2026-02-21T18:30:00.000-05:00,20
9991469,276719,Yaxel Lendeborg,MICH,MICH,DUKE,129452,F,Rebounds,5.5,goblin,2026-02-21T18:30:00.000-05:00,20
9991354,218054,Caleb Foster,DUKE,DUKE,MICH,129452,G,Rebounds,4.5,demon,2026-02-21T18:30:00.000-05:00,20
9991391,278361,Dame Sarr,DUKE,DUKE,MICH,129452,G-F,Points,4.5,goblin,2026-02-21T18:30:00.000-05:00,20
9991394,278361,Dame Sarr,DUKE,DUKE,MICH,129452,G-F,Rebounds,4.5,demon,2026-02-21T18:30:00.000-05:00,20
9991404,221498,Isaiah Evans,DUKE,DUKE,MICH,129452,G-F,3-PT Made,4.5,demon,2026-02-21T18:30:00.000-05:00,20
9991425,221498,Isaiah Evans,DUKE,DUKE,MICH,129452,G-F,Rebounds,4.5,demon,2026-02-21T18:30:00.000-05:00,20
9991458,274124,Patrick Ngongba,DUKE,DUKE,MICH,129452,C,Rebounds,4.5,goblin,2026-02-21T18:30:00.000-05:00,20
9991996,278918,Elliot Cadeau,MICH,MICH,DUKE,129452,G,Assists,4.5,goblin,2026-02-21T18:30:00.000-05:00,20
9992028,276719,Yaxel Lendeborg,MICH,MICH,DUKE,129452,F,Assists,4.5,demon,2026-02-21T18:30:00.000-05:00,20
10005585,218054,Caleb Foster,DUKE,DUKE,MICH,129452,G,Assists,4.5,demon,2026-02-21T18:30:00.000-05:00,20
9991340,218054,Caleb Foster,DUKE,DUKE,MICH,129452,G,Assists,3.5,demon,2026-02-21T18:30:00.000-05:00,20
9991355,218054,Caleb Foster,DUKE,DUKE,MICH,129452,G,Rebounds,3.5,demon,2026-02-21T18:30:00.000-05:00,20
9991390,278361,Dame Sarr,DUKE,DUKE,MICH,129452,G-F,Points,3.5,goblin,2026-02-21T18:30:00.000-05:00,20
9991393,278361,Dame Sarr,DUKE,DUKE,MICH,129452,G-F,Rebounds,3.5,standard,2026-02-21T18:30:00.000-05:00,20
9991403,221498,Isaiah Evans,DUKE,DUKE,MICH,129452,G-F,3-PT Made,3.5,demon,2026-02-21T18:30:00.000-05:00,20
9991424,221498,Isaiah Evans,DUKE,DUKE,MICH,129452,G-F,Rebounds,3.5,demon,2026-02-21T18:30:00.000-05:00,20
9991440,274124,Patrick Ngongba,DUKE,DUKE,MICH,129452,C,Assists,3.5,demon,2026-02-21T18:30:00.000-05:00,20
9991459,274124,Patrick Ngongba,DUKE,DUKE,MICH,129452,C,Rebounds,3.5,goblin,2026-02-21T18:30:00.000-05:00,20
9991972,280048,Aday Mara,MICH,MICH,DUKE,129452,C,Assists,3.5,demon,2026-02-21T18:30:00.000-05:00,20
9991975,280048,Aday Mara,MICH,MICH,DUKE,129452,C,Blocked Shots,3.5,demon,2026-02-21T18:30:00.000-05:00,20
9991992,278918,Elliot Cadeau,MICH,MICH,DUKE,129452,G,3-PT Made,3.5,demon,2026-02-21T18:30:00.000-05:00,20
9992027,276719,Yaxel Lendeborg,MICH,MICH,DUKE,129452,F,Assists,3.5,demon,2026-02-21T18:30:00.000-05:00,20
10008176,221498,Isaiah Evans,DUKE,DUKE,MICH,129452,G-F,Rebs+Asts,3.5,demon,2026-02-21T18:30:00.000-05:00,20
9991337,218054,Caleb Foster,DUKE,DUKE,MICH,129452,G,3-PT Made,2.5,demon,2026-02-21T18:30:00.000-05:00,20
9991339,218054,Caleb Foster,DUKE,DUKE,MICH,129452,G,Assists,2.5,demon,2026-02-21T18:30:00.000-05:00,20
9991357,218054,Caleb Foster,DUKE,DUKE,MICH,129452,G,Rebounds,2.5,goblin,2026-02-21T18:30:00.000-05:00,20
9991362,274122,Cameron Boozer,DUKE,DUKE,MICH,129452,F,3-PT Made,2.5,demon,2026-02-21T18:30:00.000-05:00,20
9991376,274122,Cameron Boozer,DUKE,DUKE,MICH,129452,F,Steals,2.5,demon,2026-02-21T18:30:00.000-05:00,20
9991383,278361,Dame Sarr,DUKE,DUKE,MICH,129452,G-F,3-PT Made,2.5,demon,2026-02-21T18:30:00.000-05:00,20
9991397,278361,Dame Sarr,DUKE,DUKE,MICH,129452,G-F,Rebounds,2.5,goblin,2026-02-21T18:30:00.000-05:00,20
9991407,221498,Isaiah Evans,DUKE,DUKE,MICH,129452,G-F,Assists,2.5,demon,2026-02-21T18:30:00.000-05:00,20
9991428,221498,Isaiah Evans,DUKE,DUKE,MICH,129452,G-F,Steals,2.5,demon,2026-02-21T18:30:00.000-05:00,20
9991439,274124,Patrick Ngongba,DUKE,DUKE,MICH,129452,C,Assists,2.5,demon,2026-02-21T18:30:00.000-05:00,20
9991442,274124,Patrick Ngongba,DUKE,DUKE,MICH,129452,C,Blocked Shots,2.5,demon,2026-02-21T18:30:00.000-05:00,20
9991971,280048,Aday Mara,MICH,MICH,DUKE,129452,C,Assists,2.5,demon,2026-02-21T18:30:00.000-05:00,20
9991974,280048,Aday Mara,MICH,MICH,DUKE,129452,C,Blocked Shots,2.5,demon,2026-02-21T18:30:00.000-05:00,20
9991991,278918,Elliot Cadeau,MICH,MICH,DUKE,129452,G,3-PT Made,2.5,demon,2026-02-21T18:30:00.000-05:00,20
9992003,278918,Elliot Cadeau,MICH,MICH,DUKE,129452,G,Turnovers,2.5,standard,2026-02-21T18:30:00.000-05:00,20
9992024,276719,Yaxel Lendeborg,MICH,MICH,DUKE,129452,F,3-PT Made,2.5,demon,2026-02-21T18:30:00.000-05:00,20
9992026,276719,Yaxel Lendeborg,MICH,MICH,DUKE,129452,F,Assists,2.5,demon,2026-02-21T18:30:00.000-05:00,20
9992043,276719,Yaxel Lendeborg,MICH,MICH,DUKE,129452,F,Steals,2.5,demon,2026-02-21T18:30:00.000-05:00,20
9996141,221498,Isaiah Evans,DUKE,DUKE,MICH,129452,G-F,Rebounds,2.5,demon,2026-02-21T18:30:00.000-05:00,20
10000932,279175,Morez Johnson,MICH,MICH,DUKE,129452,F,Assists,2.5,demon,2026-02-21T18:30:00.000-05:00,20
9991336,218054,Caleb Foster,DUKE,DUKE,MICH,129452,G,3-PT Made,1.5,demon,2026-02-21T18:30:00.000-05:00,20
9991341,218054,Caleb Foster,DUKE,DUKE,MICH,129452,G,Assists,1.5,goblin,2026-02-21T18:30:00.000-05:00,20
9991360,218054,Caleb Foster,DUKE,DUKE,MICH,129452,G,Steals,1.5,demon,2026-02-21T18:30:00.000-05:00,20
9991361,274122,Cameron Boozer,DUKE,DUKE,MICH,129452,F,3-PT Made,1.5,demon,2026-02-21T18:30:00.000-05:00,20
9991375,274122,Cameron Boozer,DUKE,DUKE,MICH,129452,F,Steals,1.5,demon,2026-02-21T18:30:00.000-05:00,20
9991382,278361,Dame Sarr,DUKE,DUKE,MICH,129452,G-F,3-PT Made,1.5,demon,2026-02-21T18:30:00.000-05:00,20
9991386,278361,Dame Sarr,DUKE,DUKE,MICH,129452,G-F,Blocked Shots,1.5,demon,2026-02-21T18:30:00.000-05:00,20
9991398,278361,Dame Sarr,DUKE,DUKE,MICH,129452,G-F,Steals,1.5,demon,2026-02-21T18:30:00.000-05:00,20
9991400,278361,Dame Sarr,DUKE,DUKE,MICH,129452,G-F,Turnovers,1.5,demon,2026-02-21T18:30:00.000-05:00,20
9991405,221498,Isaiah Evans,DUKE,DUKE,MICH,129452,G-F,3-PT Made,1.5,goblin,2026-02-21T18:30:00.000-05:00,20
9991406,221498,Isaiah Evans,DUKE,DUKE,MICH,129452,G-F,Assists,1.5,demon,2026-02-21T18:30:00.000-05:00,20
9991426,221498,Isaiah Evans,DUKE,DUKE,MICH,129452,G-F,Rebounds,1.5,goblin,2026-02-21T18:30:00.000-05:00,20
9991427,221498,Isaiah Evans,DUKE,DUKE,MICH,129452,G-F,Steals,1.5,demon,2026-02-21T18:30:00.000-05:00,20
9991430,221498,Isaiah Evans,DUKE,DUKE,MICH,129452,G-F,Turnovers,1.5,demon,2026-02-21T18:30:00.000-05:00,20
9991441,274124,Patrick Ngongba,DUKE,DUKE,MICH,129452,C,Blocked Shots,1.5,demon,2026-02-21T18:30:00.000-05:00,20
9991461,274124,Patrick Ngongba,DUKE,DUKE,MICH,129452,C,Steals,1.5,demon,2026-02-21T18:30:00.000-05:00,20
9991462,274124,Patrick Ngongba,DUKE,DUKE,MICH,129452,C,Turnovers,1.5,demon,2026-02-21T18:30:00.000-05:00,20
9991529,218054,Caleb Foster,DUKE,DUKE,MICH,129452,G,Turnovers,1.5,standard,2026-02-21T18:30:00.000-05:00,20
9991973,280048,Aday Mara,MICH,MICH,DUKE,129452,C,Assists,1.5,goblin,2026-02-21T18:30:00.000-05:00,20
9991976,280048,Aday Mara,MICH,MICH,DUKE,129452,C,Blocked Shots,1.5,goblin,2026-02-21T18:30:00.000-05:00,20
9991989,280048,Aday Mara,MICH,MICH,DUKE,129452,C,Steals,1.5,demon,2026-02-21T18:30:00.000-05:00,20
9991990,280048,Aday Mara,MICH,MICH,DUKE,129452,C,Turnovers,1.5,standard,2026-02-21T18:30:00.000-05:00,20
9992002,278918,Elliot Cadeau,MICH,MICH,DUKE,129452,G,Steals,1.5,demon,2026-02-21T18:30:00.000-05:00,20
9992004,279175,Morez Johnson,MICH,MICH,DUKE,129452,F,Assists,1.5,demon,2026-02-21T18:30:00.000-05:00,20
9992017,279175,Morez Johnson,MICH,MICH,DUKE,129452,F,Steals,1.5,demon,2026-02-21T18:30:00.000-05:00,20
9992019,279175,Morez Johnson,MICH,MICH,DUKE,129452,F,Turnovers,1.5,demon,2026-02-21T18:30:00.000-05:00,20
9992023,276719,Yaxel Lendeborg,MICH,MICH,DUKE,129452,F,3-PT Made,1.5,demon,2026-02-21T18:30:00.000-05:00,20
9992029,276719,Yaxel Lendeborg,MICH,MICH,DUKE,129452,F,Assists,1.5,goblin,2026-02-21T18:30:00.000-05:00,20
9992042,276719,Yaxel Lendeborg,MICH,MICH,DUKE,129452,F,Steals,1.5,demon,2026-02-21T18:30:00.000-05:00,20
9992045,276719,Yaxel Lendeborg,MICH,MICH,DUKE,129452,F,Turnovers,1.5,goblin,2026-02-21T18:30:00.000-05:00,20
9991338,218054,Caleb Foster,DUKE,DUKE,MICH,129452,G,3-PT Made,0.5,goblin,2026-02-21T18:30:00.000-05:00,20
9991363,274122,Cameron Boozer,DUKE,DUKE,MICH,129452,F,3-PT Made,0.5,goblin,2026-02-21T18:30:00.000-05:00,20
9991377,274122,Cameron Boozer,DUKE,DUKE,MICH,129452,F,Steals,0.5,goblin,2026-02-21T18:30:00.000-05:00,20
9991384,278361,Dame Sarr,DUKE,DUKE,MICH,129452,G-F,3-PT Made,0.5,goblin,2026-02-21T18:30:00.000-05:00,20
9991385,278361,Dame Sarr,DUKE,DUKE,MICH,129452,G-F,Blocked Shots,0.5,demon,2026-02-21T18:30:00.000-05:00,20
9991399,278361,Dame Sarr,DUKE,DUKE,MICH,129452,G-F,Steals,0.5,goblin,2026-02-21T18:30:00.000-05:00,20
9991408,221498,Isaiah Evans,DUKE,DUKE,MICH,129452,G-F,Assists,0.5,goblin,2026-02-21T18:30:00.000-05:00,20
9991429,221498,Isaiah Evans,DUKE,DUKE,MICH,129452,G-F,Steals,0.5,goblin,2026-02-21T18:30:00.000-05:00,20
9991437,274124,Patrick Ngongba,DUKE,DUKE,MICH,129452,C,3-PT Made,0.5,demon,2026-02-21T18:30:00.000-05:00,20
9991443,274124,Patrick Ngongba,DUKE,DUKE,MICH,129452,C,Blocked Shots,0.5,goblin,2026-02-21T18:30:00.000-05:00,20
9991988,280048,Aday Mara,MICH,MICH,DUKE,129452,C,Steals,0.5,demon,2026-02-21T18:30:00.000-05:00,20
9992005,279175,Morez Johnson,MICH,MICH,DUKE,129452,F,Assists,0.5,goblin,2026-02-21T18:30:00.000-05:00,20
9992018,279175,Morez Johnson,MICH,MICH,DUKE,129452,F,Steals,0.5,goblin,2026-02-21T18:30:00.000-05:00,20
9992025,276719,Yaxel Lendeborg,MICH,MICH,DUKE,129452,F,3-PT Made,0.5,goblin,2026-02-21T18:30:00.000-05:00,20
9992044,276719,Yaxel Lendeborg,MICH,MICH,DUKE,129452,F,Steals,0.5,goblin,2026-02-21T18:30:00.000-05:00,20
9992139,274124,Patrick Ngongba,DUKE,DUKE,MICH,129452,C,Steals,0.5,goblin,2026-02-21T18:30:00.000-05:00,20
9993035,278918,Elliot Cadeau,MICH,MICH,DUKE,129452,G,Steals,0.5,goblin,2026-02-21T18:30:00.000-05:00,20
10000151,274117,AJ Dybantsa,BYU,BYU,ISU,129743,F,Pts+Rebs,33.5,standard,2026-02-21T22:30:00.000-05:00,20
10000192,221781,Joshua Jefferson,ISU,ISU,BYU,129743,F,Pts+Rebs+Asts,33.5,demon,2026-02-21T22:30:00.000-05:00,20
10000149,274117,AJ Dybantsa,BYU,BYU,ISU,129743,F,Points,32.5,demon,2026-02-21T22:30:00.000-05:00,20
10000271,275686,Robert Wright,BYU,BYU,ISU,129743,G,Pts+Rebs+Asts,32.5,demon,2026-02-21T22:30:00.000-05:00,20
10000190,221781,Joshua Jefferson,ISU,ISU,BYU,129743,F,Pts+Rebs+Asts,31.5,demon,2026-02-21T22:30:00.000-05:00,20
10000147,274117,AJ Dybantsa,BYU,BYU,ISU,129743,F,Points,30.5,demon,2026-02-21T22:30:00.000-05:00,20
10000272,275686,Robert Wright,BYU,BYU,ISU,129743,G,Pts+Rebs+Asts,30.5,demon,2026-02-21T22:30:00.000-05:00,20
10000191,221781,Joshua Jefferson,ISU,ISU,BYU,129743,F,Pts+Rebs+Asts,29.5,demon,2026-02-21T22:30:00.000-05:00,20
10000148,274117,AJ Dybantsa,BYU,BYU,ISU,129743,F,Points,28.5,demon,2026-02-21T22:30:00.000-05:00,20
10000274,275686,Robert Wright,BYU,BYU,ISU,129743,G,Pts+Rebs+Asts,28.0,standard,2026-02-21T22:30:00.000-05:00,20
10000193,221781,Joshua Jefferson,ISU,ISU,BYU,129743,F,Pts+Rebs+Asts,27.5,standard,2026-02-21T22:30:00.000-05:00,20
10000300,95070,Tamin Lipsey,ISU,ISU,BYU,129743,G,Pts+Rebs+Asts,27.5,demon,2026-02-21T22:30:00.000-05:00,20
10000150,274117,AJ Dybantsa,BYU,BYU,ISU,129743,F,Points,26.5,standard,2026-02-21T22:30:00.000-05:00,20
10000270,275686,Robert Wright,BYU,BYU,ISU,129743,G,Pts+Rebs+Asts,26.5,goblin,2026-02-21T22:30:00.000-05:00,20
10000189,221781,Joshua Jefferson,ISU,ISU,BYU,129743,F,Pts+Rebs+Asts,25.5,goblin,2026-02-21T22:30:00.000-05:00,20
10000265,275686,Robert Wright,BYU,BYU,ISU,129743,G,Points,25.5,demon,2026-02-21T22:30:00.000-05:00,20
10000298,95070,Tamin Lipsey,ISU,ISU,BYU,129743,G,Pts+Rebs+Asts,25.5,demon,2026-02-21T22:30:00.000-05:00,20
10001158,275686,Robert Wright,BYU,BYU,ISU,129743,G,Pts+Rebs+Asts,25.5,goblin,2026-02-21T22:30:00.000-05:00,20
10000146,274117,AJ Dybantsa,BYU,BYU,ISU,129743,F,Points,24.5,goblin,2026-02-21T22:30:00.000-05:00,20
10000245,179218,Milan Momcilovic,ISU,ISU,BYU,129743,F,Points,23.5,demon,2026-02-21T22:30:00.000-05:00,20
10000264,275686,Robert Wright,BYU,BYU,ISU,129743,G,Points,23.5,demon,2026-02-21T22:30:00.000-05:00,20
10000268,275686,Robert Wright,BYU,BYU,ISU,129743,G,Pts+Asts,23.5,standard,2026-02-21T22:30:00.000-05:00,20
10000269,275686,Robert Wright,BYU,BYU,ISU,129743,G,Pts+Rebs,23.5,standard,2026-02-21T22:30:00.000-05:00,20
10000299,95070,Tamin Lipsey,ISU,ISU,BYU,129743,G,Pts+Rebs+Asts,23.5,demon,2026-02-21T22:30:00.000-05:00,20
10000188,221781,Joshua Jefferson,ISU,ISU,BYU,129743,F,Pts+Rebs,22.5,standard,2026-02-21T22:30:00.000-05:00,20
10000185,221781,Joshua Jefferson,ISU,ISU,BYU,129743,F,Points,21.5,demon,2026-02-21T22:30:00.000-05:00,20
10000243,179218,Milan Momcilovic,ISU,ISU,BYU,129743,F,Points,21.5,demon,2026-02-21T22:30:00.000-05:00,20
10000247,179218,Milan Momcilovic,ISU,ISU,BYU,129743,F,Pts+Rebs,21.5,standard,2026-02-21T22:30:00.000-05:00,20
10000266,275686,Robert Wright,BYU,BYU,ISU,129743,G,Points,21.5,demon,2026-02-21T22:30:00.000-05:00,20
10000301,95070,Tamin Lipsey,ISU,ISU,BYU,129743,G,Pts+Rebs+Asts,21.5,standard,2026-02-21T22:30:00.000-05:00,20
10000183,221781,Joshua Jefferson,ISU,ISU,BYU,129743,F,Points,19.5,demon,2026-02-21T22:30:00.000-05:00,20
10000244,179218,Milan Momcilovic,ISU,ISU,BYU,129743,F,Points,19.5,demon,2026-02-21T22:30:00.000-05:00,20
10000267,275686,Robert Wright,BYU,BYU,ISU,129743,G,Points,19.5,standard,2026-02-21T22:30:00.000-05:00,20
10000297,95070,Tamin Lipsey,ISU,ISU,BYU,129743,G,Pts+Rebs+Asts,19.5,goblin,2026-02-21T22:30:00.000-05:00,20
10000228,282970,Killyan Toure,ISU,ISU,BYU,129743,G,Pts+Rebs+Asts,18.5,demon,2026-02-21T22:30:00.000-05:00,20
10000184,221781,Joshua Jefferson,ISU,ISU,BYU,129743,F,Points,17.5,demon,2026-02-21T22:30:00.000-05:00,20
10000246,179218,Milan Momcilovic,ISU,ISU,BYU,129743,F,Points,17.5,standard,2026-02-21T22:30:00.000-05:00,20
10000263,275686,Robert Wright,BYU,BYU,ISU,129743,G,Points,17.5,goblin,2026-02-21T22:30:00.000-05:00,20
10000295,95070,Tamin Lipsey,ISU,ISU,BYU,129743,G,Points,17.5,demon,2026-02-21T22:30:00.000-05:00,20
10000227,282970,Killyan Toure,ISU,ISU,BYU,129743,G,Pts+Rebs+Asts,16.5,demon,2026-02-21T22:30:00.000-05:00,20
10000296,95070,Tamin Lipsey,ISU,ISU,BYU,129743,G,Pts+Rebs,16.5,standard,2026-02-21T22:30:00.000-05:00,20
10000186,221781,Joshua Jefferson,ISU,ISU,BYU,129743,F,Points,15.5,standard,2026-02-21T22:30:00.000-05:00,20
10000242,179218,Milan Momcilovic,ISU,ISU,BYU,129743,F,Points,15.5,goblin,2026-02-21T22:30:00.000-05:00,20
10000293,95070,Tamin Lipsey,ISU,ISU,BYU,129743,G,Points,15.5,demon,2026-02-21T22:30:00.000-05:00,20
10000226,282970,Killyan Toure,ISU,ISU,BYU,129743,G,Pts+Rebs+Asts,14.5,demon,2026-02-21T22:30:00.000-05:00,20
10000165,282245,Blake Buchanan,ISU,ISU,BYU,129743,F,Pts+Rebs,13.5,standard,2026-02-21T22:30:00.000-05:00,20
10000182,221781,Joshua Jefferson,ISU,ISU,BYU,129743,F,Points,13.5,goblin,2026-02-21T22:30:00.000-05:00,20
10000229,282970,Killyan Toure,ISU,ISU,BYU,129743,G,Pts+Rebs+Asts,13.5,standard,2026-02-21T22:30:00.000-05:00,20
10000294,95070,Tamin Lipsey,ISU,ISU,BYU,129743,G,Points,13.5,demon,2026-02-21T22:30:00.000-05:00,20
10008467,282970,Killyan Toure,ISU,ISU,BYU,129743,G,Pts+Rebs+Asts,12.5,goblin,2026-02-21T22:30:00.000-05:00,20
10000198,221781,Joshua Jefferson,ISU,ISU,BYU,129743,F,Rebs+Asts,12.0,standard,2026-02-21T22:30:00.000-05:00,20
10000221,282970,Killyan Toure,ISU,ISU,BYU,129743,G,Points,11.5,demon,2026-02-21T22:30:00.000-05:00,20
10003244,95070,Tamin Lipsey,ISU,ISU,BYU,129743,G,Points,11.5,standard,2026-02-21T22:30:00.000-05:00,20
10006101,282970,Killyan Toure,ISU,ISU,BYU,129743,G,Pts+Rebs+Asts,11.5,goblin,2026-02-21T22:30:00.000-05:00,20
10000155,274117,AJ Dybantsa,BYU,BYU,ISU,129743,F,Rebounds,10.5,demon,2026-02-21T22:30:00.000-05:00,20
10000162,282245,Blake Buchanan,ISU,ISU,BYU,129743,F,Points,10.5,demon,2026-02-21T22:30:00.000-05:00,20
10000209,221839,Keba Keita,BYU,BYU,ISU,129743,C,Rebounds,10.5,demon,2026-02-21T22:30:00.000-05:00,20
10000219,282970,Killyan Toure,ISU,ISU,BYU,129743,G,Points,10.5,demon,2026-02-21T22:30:00.000-05:00,20
10000225,282970,Killyan Toure,ISU,ISU,BYU,129743,G,Pts+Rebs+Asts,10.5,goblin,2026-02-21T22:30:00.000-05:00,20
10001159,95070,Tamin Lipsey,ISU,ISU,BYU,129743,G,Points,10.5,goblin,2026-02-21T22:30:00.000-05:00,20
10000223,282970,Killyan Toure,ISU,ISU,BYU,129743,G,Pts+Asts,10.0,standard,2026-02-21T22:30:00.000-05:00,20
10000154,274117,AJ Dybantsa,BYU,BYU,ISU,129743,F,Rebounds,9.5,demon,2026-02-21T22:30:00.000-05:00,20
10000161,282245,Blake Buchanan,ISU,ISU,BYU,129743,F,Points,9.5,demon,2026-02-21T22:30:00.000-05:00,20
10000197,221781,Joshua Jefferson,ISU,ISU,BYU,129743,F,Rebounds,9.5,demon,2026-02-21T22:30:00.000-05:00,20
10000208,221839,Keba Keita,BYU,BYU,ISU,129743,C,Rebounds,9.5,demon,2026-02-21T22:30:00.000-05:00,20
10000220,282970,Killyan Toure,ISU,ISU,BYU,129743,G,Points,9.5,demon,2026-02-21T22:30:00.000-05:00,20
10000292,95070,Tamin Lipsey,ISU,ISU,BYU,129743,G,Points,9.5,goblin,2026-02-21T22:30:00.000-05:00,20
10000307,95070,Tamin Lipsey,ISU,ISU,BYU,129743,G,Rebs+Asts,9.5,standard,2026-02-21T22:30:00.000-05:00,20
10000153,274117,AJ Dybantsa,BYU,BYU,ISU,129743,F,Rebounds,8.5,demon,2026-02-21T22:30:00.000-05:00,20
10000163,282245,Blake Buchanan,ISU,ISU,BYU,129743,F,Points,8.5,demon,2026-02-21T22:30:00.000-05:00,20
10000169,282245,Blake Buchanan,ISU,ISU,BYU,129743,F,Rebounds,8.5,demon,2026-02-21T22:30:00.000-05:00,20
10000195,221781,Joshua Jefferson,ISU,ISU,BYU,129743,F,Rebounds,8.5,demon,2026-02-21T22:30:00.000-05:00,20
10000207,221839,Keba Keita,BYU,BYU,ISU,129743,C,Rebounds,8.5,demon,2026-02-21T22:30:00.000-05:00,20
10000222,282970,Killyan Toure,ISU,ISU,BYU,129743,G,Points,8.5,standard,2026-02-21T22:30:00.000-05:00,20
10000164,282245,Blake Buchanan,ISU,ISU,BYU,129743,F,Points,7.5,standard,2026-02-21T22:30:00.000-05:00,20
10000168,282245,Blake Buchanan,ISU,ISU,BYU,129743,F,Rebounds,7.5,demon,2026-02-21T22:30:00.000-05:00,20
10000179,221781,Joshua Jefferson,ISU,ISU,BYU,129743,F,Assists,7.5,demon,2026-02-21T22:30:00.000-05:00,20
10000196,221781,Joshua Jefferson,ISU,ISU,BYU,129743,F,Rebounds,7.5,demon,2026-02-21T22:30:00.000-05:00,20
10000210,221839,Keba Keita,BYU,BYU,ISU,129743,C,Rebounds,7.5,standard,2026-02-21T22:30:00.000-05:00,20
10000279,275686,Robert Wright,BYU,BYU,ISU,129743,G,Rebs+Asts,7.5,goblin,2026-02-21T22:30:00.000-05:00,20
10000291,95070,Tamin Lipsey,ISU,ISU,BYU,129743,G,Assists,7.5,demon,2026-02-21T22:30:00.000-05:00,20
10000305,95070,Tamin Lipsey,ISU,ISU,BYU,129743,G,Rebounds,7.5,demon,2026-02-21T22:30:00.000-05:00,20
10008177,282970,Killyan Toure,ISU,ISU,BYU,129743,G,Points,7.5,goblin,2026-02-21T22:30:00.000-05:00,20
10000152,274117,AJ Dybantsa,BYU,BYU,ISU,129743,F,Rebounds,6.5,goblin,2026-02-21T22:30:00.000-05:00,20
10000160,282245,Blake Buchanan,ISU,ISU,BYU,129743,F,Points,6.5,goblin,2026-02-21T22:30:00.000-05:00,20
10000167,282245,Blake Buchanan,ISU,ISU,BYU,129743,F,Rebounds,6.5,demon,2026-02-21T22:30:00.000-05:00,20
10000177,221781,Joshua Jefferson,ISU,ISU,BYU,129743,F,Assists,6.5,demon,2026-02-21T22:30:00.000-05:00,20
10000206,221839,Keba Keita,BYU,BYU,ISU,129743,C,Rebounds,6.5,goblin,2026-02-21T22:30:00.000-05:00,20
10000218,282970,Killyan Toure,ISU,ISU,BYU,129743,G,Points,6.5,goblin,2026-02-21T22:30:00.000-05:00,20
10000251,179218,Milan Momcilovic,ISU,ISU,BYU,129743,F,Rebounds,6.5,demon,2026-02-21T22:30:00.000-05:00,20
10000262,275686,Robert Wright,BYU,BYU,ISU,129743,G,Assists,6.5,demon,2026-02-21T22:30:00.000-05:00,20
10000278,275686,Robert Wright,BYU,BYU,ISU,129743,G,Rebounds,6.5,demon,2026-02-21T22:30:00.000-05:00,20
10000289,95070,Tamin Lipsey,ISU,ISU,BYU,129743,G,Assists,6.5,demon,2026-02-21T22:30:00.000-05:00,20
10000304,95070,Tamin Lipsey,ISU,ISU,BYU,129743,G,Rebounds,6.5,demon,2026-02-21T22:30:00.000-05:00,20
10000170,282245,Blake Buchanan,ISU,ISU,BYU,129743,F,Rebounds,5.5,standard,2026-02-21T22:30:00.000-05:00,20
10000178,221781,Joshua Jefferson,ISU,ISU,BYU,129743,F,Assists,5.5,demon,2026-02-21T22:30:00.000-05:00,20
10000194,221781,Joshua Jefferson,ISU,ISU,BYU,129743,F,Rebounds,5.5,goblin,2026-02-21T22:30:00.000-05:00,20
10000241,179218,Milan Momcilovic,ISU,ISU,BYU,129743,F,3-PT Made,5.5,demon,2026-02-21T22:30:00.000-05:00,20
10000250,179218,Milan Momcilovic,ISU,ISU,BYU,129743,F,Rebounds,5.5,demon,2026-02-21T22:30:00.000-05:00,20
10000260,275686,Robert Wright,BYU,BYU,ISU,129743,G,Assists,5.5,demon,2026-02-21T22:30:00.000-05:00,20
10000277,275686,Robert Wright,BYU,BYU,ISU,129743,G,Rebounds,5.5,demon,2026-02-21T22:30:00.000-05:00,20
10000290,95070,Tamin Lipsey,ISU,ISU,BYU,129743,G,Assists,5.5,demon,2026-02-21T22:30:00.000-05:00,20
10000303,95070,Tamin Lipsey,ISU,ISU,BYU,129743,G,Rebounds,5.5,demon,2026-02-21T22:30:00.000-05:00,20
10000166,282245,Blake Buchanan,ISU,ISU,BYU,129743,F,Rebounds,4.5,goblin,2026-02-21T22:30:00.000-05:00,20
10000176,221781,Joshua Jefferson,ISU,ISU,BYU,129743,F,Assists,4.5,goblin,2026-02-21T22:30:00.000-05:00,20
10000232,282970,Killyan Toure,ISU,ISU,BYU,129743,G,Rebounds,4.5,demon,2026-02-21T22:30:00.000-05:00,20
10000233,282970,Killyan Toure,ISU,ISU,BYU,129743,G,Rebs+Asts,4.5,goblin,2026-02-21T22:30:00.000-05:00,20
10000239,179218,Milan Momcilovic,ISU,ISU,BYU,129743,F,3-PT Made,4.5,demon,2026-02-21T22:30:00.000-05:00,20
10000249,179218,Milan Momcilovic,ISU,ISU,BYU,129743,F,Rebounds,4.5,demon,2026-02-21T22:30:00.000-05:00,20
10000261,275686,Robert Wright,BYU,BYU,ISU,129743,G,Assists,4.5,demon,2026-02-21T22:30:00.000-05:00,20
10000276,275686,Robert Wright,BYU,BYU,ISU,129743,G,Rebounds,4.5,demon,2026-02-21T22:30:00.000-05:00,20
10000288,95070,Tamin Lipsey,ISU,ISU,BYU,129743,G,Assists,4.5,goblin,2026-02-21T22:30:00.000-05:00,20
10000306,95070,Tamin Lipsey,ISU,ISU,BYU,129743,G,Rebounds,4.5,standard,2026-02-21T22:30:00.000-05:00,20
10000145,274117,AJ Dybantsa,BYU,BYU,ISU,129743,F,3-PT Made,3.5,demon,2026-02-21T22:30:00.000-05:00,20
10000175,221781,Joshua Jefferson,ISU,ISU,BYU,129743,F,Assists,3.5,goblin,2026-02-21T22:30:00.000-05:00,20
10000204,221839,Keba Keita,BYU,BYU,ISU,129743,C,Blocked Shots,3.5,demon,2026-02-21T22:30:00.000-05:00,20
10000217,282970,Killyan Toure,ISU,ISU,BYU,129743,G,Assists,3.5,demon,2026-02-21T22:30:00.000-05:00,20
10000231,282970,Killyan Toure,ISU,ISU,BYU,129743,G,Rebounds,3.5,demon,2026-02-21T22:30:00.000-05:00,20
10000252,179218,Milan Momcilovic,ISU,ISU,BYU,129743,F,Rebounds,3.5,standard,2026-02-21T22:30:00.000-05:00,20
10000258,275686,Robert Wright,BYU,BYU,ISU,129743,G,3-PT Made,3.5,demon,2026-02-21T22:30:00.000-05:00,20
10000259,275686,Robert Wright,BYU,BYU,ISU,129743,G,Assists,3.5,goblin,2026-02-21T22:30:00.000-05:00,20
10000287,95070,Tamin Lipsey,ISU,ISU,BYU,129743,G,Assists,3.5,goblin,2026-02-21T22:30:00.000-05:00,20
10000302,95070,Tamin Lipsey,ISU,ISU,BYU,129743,G,Rebounds,3.5,goblin,2026-02-21T22:30:00.000-05:00,20
10000310,95070,Tamin Lipsey,ISU,ISU,BYU,129743,G,Steals,3.5,demon,2026-02-21T22:30:00.000-05:00,20
10000144,274117,AJ Dybantsa,BYU,BYU,ISU,129743,F,3-PT Made,2.5,demon,2026-02-21T22:30:00.000-05:00,20
10000158,274117,AJ Dybantsa,BYU,BYU,ISU,129743,F,Steals,2.5,demon,2026-02-21T22:30:00.000-05:00,20
10000174,221781,Joshua Jefferson,ISU,ISU,BYU,129743,F,3-PT Made,2.5,demon,2026-02-21T22:30:00.000-05:00,20
10000200,221781,Joshua Jefferson,ISU,ISU,BYU,129743,F,Steals,2.5,demon,2026-02-21T22:30:00.000-05:00,20
10000202,221781,Joshua Jefferson,ISU,ISU,BYU,129743,F,Turnovers,2.5,demon,2026-02-21T22:30:00.000-05:00,20
10000203,221839,Keba Keita,BYU,BYU,ISU,129743,C,Blocked Shots,2.5,demon,2026-02-21T22:30:00.000-05:00,20
10000213,221839,Keba Keita,BYU,BYU,ISU,129743,C,Steals,2.5,demon,2026-02-21T22:30:00.000-05:00,20
10000216,282970,Killyan Toure,ISU,ISU,BYU,129743,G,Assists,2.5,demon,2026-02-21T22:30:00.000-05:00,20
10000230,282970,Killyan Toure,ISU,ISU,BYU,129743,G,Rebounds,2.5,goblin,2026-02-21T22:30:00.000-05:00,20
10000236,282970,Killyan Toure,ISU,ISU,BYU,129743,G,Steals,2.5,demon,2026-02-21T22:30:00.000-05:00,20
10000238,179218,Milan Momcilovic,ISU,ISU,BYU,129743,F,3-PT Made,2.5,goblin,2026-02-21T22:30:00.000-05:00,20
10000248,179218,Milan Momcilovic,ISU,ISU,BYU,129743,F,Rebounds,2.5,goblin,2026-02-21T22:30:00.000-05:00,20
10000257,275686,Robert Wright,BYU,BYU,ISU,129743,G,3-PT Made,2.5,demon,2026-02-21T22:30:00.000-05:00,20
10000275,275686,Robert Wright,BYU,BYU,ISU,129743,G,Rebounds,2.5,goblin,2026-02-21T22:30:00.000-05:00,20
10000282,275686,Robert Wright,BYU,BYU,ISU,129743,G,Steals,2.5,demon,2026-02-21T22:30:00.000-05:00,20
10000283,275686,Robert Wright,BYU,BYU,ISU,129743,G,Turnovers,2.5,goblin,2026-02-21T22:30:00.000-05:00,20
10000286,95070,Tamin Lipsey,ISU,ISU,BYU,129743,G,3-PT Made,2.5,demon,2026-02-21T22:30:00.000-05:00,20
10000309,95070,Tamin Lipsey,ISU,ISU,BYU,129743,G,Steals,2.5,demon,2026-02-21T22:30:00.000-05:00,20
10000311,95070,Tamin Lipsey,ISU,ISU,BYU,129743,G,Turnovers,2.5,demon,2026-02-21T22:30:00.000-05:00,20
10000143,274117,AJ Dybantsa,BYU,BYU,ISU,129743,F,3-PT Made,1.5,goblin,2026-02-21T22:30:00.000-05:00,20
10000157,274117,AJ Dybantsa,BYU,BYU,ISU,129743,F,Steals,1.5,demon,2026-02-21T22:30:00.000-05:00,20
10000159,282245,Blake Buchanan,ISU,ISU,BYU,129743,F,Blocked Shots,1.5,demon,2026-02-21T22:30:00.000-05:00,20
10000173,221781,Joshua Jefferson,ISU,ISU,BYU,129743,F,3-PT Made,1.5,demon,2026-02-21T22:30:00.000-05:00,20
10000180,221781,Joshua Jefferson,ISU,ISU,BYU,129743,F,Blocked Shots,1.5,demon,2026-02-21T22:30:00.000-05:00,20
10000201,221781,Joshua Jefferson,ISU,ISU,BYU,129743,F,Steals,1.5,demon,2026-02-21T22:30:00.000-05:00,20
10000205,221839,Keba Keita,BYU,BYU,ISU,129743,C,Blocked Shots,1.5,standard,2026-02-21T22:30:00.000-05:00,20
10000212,221839,Keba Keita,BYU,BYU,ISU,129743,C,Steals,1.5,demon,2026-02-21T22:30:00.000-05:00,20
10000214,282970,Killyan Toure,ISU,ISU,BYU,129743,G,3-PT Made,1.5,demon,2026-02-21T22:30:00.000-05:00,20
10000215,282970,Killyan Toure,ISU,ISU,BYU,129743,G,Assists,1.5,goblin,2026-02-21T22:30:00.000-05:00,20
10000235,282970,Killyan Toure,ISU,ISU,BYU,129743,G,Steals,1.5,demon,2026-02-21T22:30:00.000-05:00,20
10000237,282970,Killyan Toure,ISU,ISU,BYU,129743,G,Turnovers,1.5,demon,2026-02-21T22:30:00.000-05:00,20
10000254,179218,Milan Momcilovic,ISU,ISU,BYU,129743,F,Steals,1.5,demon,2026-02-21T22:30:00.000-05:00,20
10000256,275686,Robert Wright,BYU,BYU,ISU,129743,G,3-PT Made,1.5,goblin,2026-02-21T22:30:00.000-05:00,20
10000281,275686,Robert Wright,BYU,BYU,ISU,129743,G,Steals,1.5,demon,2026-02-21T22:30:00.000-05:00,20
10000285,95070,Tamin Lipsey,ISU,ISU,BYU,129743,G,3-PT Made,1.5,demon,2026-02-21T22:30:00.000-05:00,20
10000308,95070,Tamin Lipsey,ISU,ISU,BYU,129743,G,Steals,1.5,goblin,2026-02-21T22:30:00.000-05:00,20
10000490,275686,Robert Wright,BYU,BYU,ISU,129743,G,Steals,1.5,demon,2026-02-21T22:30:00.000-05:00,20
10000156,274117,AJ Dybantsa,BYU,BYU,ISU,129743,F,Steals,0.5,goblin,2026-02-21T22:30:00.000-05:00,20
10000171,282245,Blake Buchanan,ISU,ISU,BYU,129743,F,Turnovers,0.5,goblin,2026-02-21T22:30:00.000-05:00,20
10000172,221781,Joshua Jefferson,ISU,ISU,BYU,129743,F,3-PT Made,0.5,goblin,2026-02-21T22:30:00.000-05:00,20
10000181,221781,Joshua Jefferson,ISU,ISU,BYU,129743,F,Blocked Shots,0.5,standard,2026-02-21T22:30:00.000-05:00,20
10000199,221781,Joshua Jefferson,ISU,ISU,BYU,129743,F,Steals,0.5,goblin,2026-02-21T22:30:00.000-05:00,20
10000211,221839,Keba Keita,BYU,BYU,ISU,129743,C,Steals,0.5,goblin,2026-02-21T22:30:00.000-05:00,20
10000234,282970,Killyan Toure,ISU,ISU,BYU,129743,G,Steals,0.5,goblin,2026-02-21T22:30:00.000-05:00,20
10000253,179218,Milan Momcilovic,ISU,ISU,BYU,129743,F,Steals,0.5,goblin,2026-02-21T22:30:00.000-05:00,20
10000255,179218,Milan Momcilovic,ISU,ISU,BYU,129743,F,Turnovers,0.5,goblin,2026-02-21T22:30:00.000-05:00,20
10000280,275686,Robert Wright,BYU,BYU,ISU,129743,G,Steals,0.5,goblin,2026-02-21T22:30:00.000-05:00,20
10000284,95070,Tamin Lipsey,ISU,ISU,BYU,129743,G,3-PT Made,0.5,goblin,2026-02-21T22:30:00.000-05:00,20
